"state_id","ban_year","sample_size","att_f","rsq","mape","attempt"
"M1",2015,3,0.0294423130253416,0.466210111506347,0.0386078477938743,1
"M1",2015,4,0.0353319822510131,0.510401655381165,0.036889839405688,1
"M1",2015,5,0.0202704499774088,0.529991942681865,0.0365246098781796,1
"M1",2015,6,0.0717658450984145,0.549099487946618,0.0290600363826651,1
"M1",2015,7,-0.00895511266059335,0.561761528899312,0.024788730442125,1
"M1",2015,8,0.0345001052109299,0.590921599039752,0.022542701290977,1
"M1",2015,9,0.0110644286839486,0.504940772435551,0.023182162964006,1
"M1",2015,10,-0.00908422539746856,0.472037976615504,0.0174830189389687,1
"M2",2016,3,0.150635488620826,0.427636838966649,0.0809705102998037,1
"M2",2016,4,0.171087075974443,0.382996313198097,0.0942819172837889,1
"M2",2016,5,0.149961843117593,0.406263218731563,0.104403253565061,1
"M2",2016,6,0.221730598653488,0.394459166308963,0.114541464282972,1
"M2",2016,7,0.190996781313375,0.326796904827359,0.111122886012019,1
"M2",2016,8,0.182966231772864,0.340752726060073,0.127048894486437,1
"M2",2016,9,0.219950614414926,0.330555529274426,0.136409256212396,1
"M2",2016,10,0.217238292317074,0.257684191657251,0.135214790583702,1
"M1",2015,3,-0.01945612284722,0.582835865235461,0.0388883855590684,2
"M1",2015,4,0.0856300369986566,0.453748689830386,0.0362540157975035,2
"M1",2015,5,0.0165453927377601,0.538529470811385,0.0339296658413826,2
"M1",2015,6,-0.00598475073752841,0.456264847271734,0.0281531115424357,2
"M1",2015,7,0.0163142508855781,0.49636572964365,0.0235118547373707,2
"M1",2015,8,-0.0263050647488797,0.502823386262978,0.023848813322681,2
"M1",2015,9,0.0304455341165952,0.556032488193847,0.0228793056473653,2
"M1",2015,10,0.0111775605680885,0.49903198610116,0.0212091327152946,2
"M2",2016,3,0.0821528390702736,0.38624671273101,0.082990637151825,2
"M2",2016,4,0.137887554208518,0.336475644092687,0.096135946305091,2
"M2",2016,5,0.170965712961346,0.329101734199391,0.103567387075314,2
"M2",2016,6,0.177679510521104,0.419604896498467,0.11703794007393,2
"M2",2016,7,0.236556457335702,0.281082862174082,0.121294382754453,2
"M2",2016,8,0.254629430220268,0.34389590359882,0.131117646337702,2
"M2",2016,9,0.250025689874748,0.342962739705555,0.132481550919764,2
"M2",2016,10,0.243129193910948,0.332995901121414,0.134587408778776,2
"M1",2015,3,0.0139310141364892,0.500033854604058,0.0417011111139287,3
"M1",2015,4,0.084556101675673,0.535658500667607,0.0373083351180428,3
"M1",2015,5,0.036088871286147,0.569833392079683,0.0334407862516329,3
"M1",2015,6,-0.0318986780162276,0.486273978085886,0.0266003043371623,3
"M1",2015,7,0.00940417458316278,0.508417729051946,0.0250346763051903,3
"M1",2015,8,-0.00718141336877348,0.548246946532529,0.0223326841461733,3
"M1",2015,9,0.0278158785469136,0.467242560323671,0.019037539208062,3
"M1",2015,10,0.0052612247620277,0.471499189415949,0.0194617171172382,3
"M2",2016,3,0.191414806910956,0.402464127995165,0.0856744869993774,3
"M2",2016,4,0.141553485120343,0.387847766811407,0.0981048929461946,3
"M2",2016,5,0.212617002542849,0.387646081125084,0.108136910118549,3
"M2",2016,6,0.15971957368274,0.349589063774585,0.121195228527987,3
"M2",2016,7,0.124940665525523,0.311749462503695,0.122341972312765,3
"M2",2016,8,0.26014266789549,0.32463396880903,0.13481306436005,3
"M2",2016,9,0.248428533735605,0.324282983480269,0.134523678492002,3
"M2",2016,10,0.228878319728344,0.319211492509305,0.139232949493562,3
"M1",2015,3,0.0768823241215895,0.539577638539592,0.043137425279884,4
"M1",2015,4,0.0170626830510617,0.526866981425263,0.036464126415648,4
"M1",2015,5,-0.00576645859294669,0.554763701396975,0.038262935171322,4
"M1",2015,6,-0.0124269780969519,0.504124165177114,0.0289347995862504,4
"M1",2015,7,0.0114370784962667,0.528671758232107,0.0265908413685023,4
"M1",2015,8,-0.00105946417927719,0.528628709052899,0.0253712811733831,4
"M1",2015,9,-0.00500404467351123,0.497941743790013,0.0211362961839774,4
"M1",2015,10,0.013528956705437,0.478690957174781,0.0197465428242749,4
"M2",2016,3,0.0843745842656489,0.376379561240586,0.0734231840443646,4
"M2",2016,4,0.11353817337559,0.425146406086291,0.101763636875233,4
"M2",2016,5,0.169394127504253,0.366246023797925,0.0999352135889317,4
"M2",2016,6,0.128093201975127,0.342539300678057,0.108263532942544,4
"M2",2016,7,0.182028556873356,0.268732871864525,0.116151611272839,4
"M2",2016,8,0.164951062804205,0.31131277925458,0.122551918221944,4
"M2",2016,9,0.17332681902617,0.313717679860085,0.133414000391434,4
"M2",2016,10,0.236901751913901,0.32225182534006,0.138972428368685,4
"M1",2015,3,0.0156119223058736,0.436793677266071,0.0406719807276044,5
"M1",2015,4,0.0750012091030233,0.505252938862563,0.0330028857288041,5
"M1",2015,5,0.017191721079963,0.551043772458013,0.0354395403753203,5
"M1",2015,6,0.0271055836682027,0.447343386887854,0.0273380879223979,5
"M1",2015,7,0.0271056435254291,0.428649696510456,0.0238808671556581,5
"M1",2015,8,0.00205662453763689,0.510730050922943,0.0241590029981863,5
"M1",2015,9,0.00935719883162653,0.487936498202685,0.0195366874419586,5
"M1",2015,10,6.90387059988362e-05,0.514959260979999,0.0188261824507866,5
"M2",2016,3,0.1376050864788,0.356290554835803,0.0813188919280407,5
"M2",2016,4,0.112380471109339,0.415342540809583,0.0950151726640908,5
"M2",2016,5,0.147582356677561,0.368709543292009,0.105641618314966,5
"M2",2016,6,0.119818114925389,0.363608898121684,0.121509773620469,5
"M2",2016,7,0.17091476271402,0.428721025068905,0.127418996530752,5
"M2",2016,8,0.209524818620754,0.379278003892861,0.125624392305336,5
"M2",2016,9,0.23079422670788,0.270929298385793,0.143062037682378,5
"M2",2016,10,0.247363538449723,0.276011178078579,0.144595684791277,5
"M1",2015,3,-0.00516410308316162,0.554326470368601,0.0427728720160891,6
"M1",2015,4,0.0680367171795279,0.493471916242593,0.0388096868975838,6
"M1",2015,5,-0.00683669240188903,0.5351523077821,0.0325103377029912,6
"M1",2015,6,-0.0142244328522911,0.521067273265073,0.0241388613574877,6
"M1",2015,7,-0.0263710838574245,0.516491658687745,0.0263324688932055,6
"M1",2015,8,0.0118177587467652,0.483696005642514,0.0260632137488079,6
"M1",2015,9,0.0469676911203208,0.586636691372104,0.0186106481538299,6
"M1",2015,10,0.0281299035843559,0.493702176188377,0.0206262226679274,6
"M2",2016,3,0.114079715596376,0.436283515485622,0.0853328598528832,6
"M2",2016,4,0.216379709876835,0.291380341890466,0.0872447213351943,6
"M2",2016,5,0.155813523047294,0.295042296177475,0.10473619878951,6
"M2",2016,6,0.186838676737783,0.334143935446712,0.110540034099923,6
"M2",2016,7,0.225264532891697,0.368911299209325,0.118412977038575,6
"M2",2016,8,0.190632860663347,0.346040391330347,0.122391652905592,6
"M2",2016,9,0.261718377393244,0.33481029227194,0.131687223596918,6
"M2",2016,10,0.27054561963631,0.292961731555288,0.144391585701302,6
"M1",2015,3,-0.0347084256816488,0.37719545204124,0.0352019090907187,7
"M1",2015,4,0.0128405033301009,0.557785318688215,0.0417915804555574,7
"M1",2015,5,0.0292917948999696,0.500154146853774,0.0310677797987774,7
"M1",2015,6,0.0827993571248032,0.553241071365069,0.0263247933512798,7
"M1",2015,7,-0.0138240957583114,0.558918624433365,0.0234596081708062,7
"M1",2015,8,-0.00210816619431808,0.490085502075673,0.0225811389252329,7
"M1",2015,9,-0.00722804605995492,0.50426227359707,0.0176569230571767,7
"M1",2015,10,-0.0177292534827172,0.488080077103951,0.0190354648628321,7
"M2",2016,3,0.12623604006367,0.377494175933281,0.0771648692306953,7
"M2",2016,4,0.204589308073368,0.396130080365075,0.0887883142627909,7
"M2",2016,5,0.161669940730987,0.336001043311349,0.108765441727733,7
"M2",2016,6,0.172971132293238,0.420556008069019,0.110969581616364,7
"M2",2016,7,0.187527690510844,0.335613073808781,0.116655858598908,7
"M2",2016,8,0.220564639242662,0.36222914934646,0.124292497156122,7
"M2",2016,9,0.238218157296952,0.313138766108424,0.134062869061521,7
"M2",2016,10,0.186723357658534,0.277458988126708,0.139498635961881,7
"M1",2015,3,0.0429602051965099,0.404162339556385,0.0366377652528206,8
"M1",2015,4,0.0274862236558868,0.470115300834223,0.0432673188646208,8
"M1",2015,5,-0.0260297851350196,0.528192742257674,0.0382024942984589,8
"M1",2015,6,0.00263935631975626,0.542830247376415,0.0290644884479018,8
"M1",2015,7,0.00606645159549779,0.536893295894773,0.0220681572071524,8
"M1",2015,8,0.0206564613251217,0.491653359862762,0.0242530808356927,8
"M1",2015,9,0.0303861363244404,0.529578943788182,0.0210615411349111,8
"M1",2015,10,-0.00261145104457111,0.535064146886315,0.0219151156087957,8
"M2",2016,3,0.173533248102707,0.393936889023173,0.0952720590682976,8
"M2",2016,4,0.121840523426782,0.349044138565695,0.0851660043449229,8
"M2",2016,5,0.180535780755028,0.36452871230087,0.104713330172559,8
"M2",2016,6,0.196569136738972,0.365588962352438,0.115263294310369,8
"M2",2016,7,0.21052147039415,0.369543684864536,0.127760808787838,8
"M2",2016,8,0.200746272801863,0.377966084734627,0.12614888959,8
"M2",2016,9,0.231291118423713,0.289247065559453,0.133694055154387,8
"M2",2016,10,0.250539397568285,0.331532778644541,0.147252348524824,8
"M1",2015,3,0.0330330347355015,0.521404614597253,0.0444659748179098,9
"M1",2015,4,-0.0663376490567582,0.494800459562839,0.034647501538464,9
"M1",2015,5,0.0121099735722241,0.471175909857254,0.0287370316492485,9
"M1",2015,6,0.00398370641034324,0.49743307473781,0.0286779373991474,9
"M1",2015,7,0.00206506535626433,0.470427495507408,0.0261796180407606,9
"M1",2015,8,-0.0533535728362957,0.481045584907831,0.0217228089361372,9
"M1",2015,9,-0.0148490377141259,0.552009875663355,0.017385244694351,9
"M1",2015,10,-0.00769259697132493,0.519574808370687,0.0178901967056748,9
"M2",2016,3,0.106844871714852,0.287291201650727,0.0828035136874776,9
"M2",2016,4,0.117090803488061,0.415171305653042,0.0991741161381678,9
"M2",2016,5,0.109385214155435,0.371795025816325,0.108933352038441,9
"M2",2016,6,0.175969473337614,0.379967569695211,0.10844041974548,9
"M2",2016,7,0.181932626978961,0.331794831364463,0.11991710822441,9
"M2",2016,8,0.242203927681629,0.330140449640079,0.128020571987,9
"M2",2016,9,0.241686980967015,0.338475051669435,0.126696547236753,9
"M2",2016,10,0.20689404465476,0.370080037457152,0.140053951506751,9
"M1",2015,3,0.0830976851274387,0.533358562732361,0.0436908331141329,10
"M1",2015,4,-0.0011602094974377,0.523348156254097,0.033403664452047,10
"M1",2015,5,0.0165469928468279,0.542171126573721,0.0303226106847533,10
"M1",2015,6,-0.00491648513565807,0.516330556514923,0.0308176019206158,10
"M1",2015,7,0.00277194523406629,0.495980929493836,0.0236280541315361,10
"M1",2015,8,-0.00407979876706682,0.490141601552856,0.022680623604302,10
"M1",2015,9,0.0280701713242521,0.55184317500758,0.0190967846222296,10
"M1",2015,10,-0.0088935114682428,0.588191560330334,0.0188022451895352,10
"M2",2016,3,0.100865026795017,0.420813310860289,0.0858636447225918,10
"M2",2016,4,0.150213349934917,0.450602942384124,0.0995580406860528,10
"M2",2016,5,0.0907289231803631,0.374280302500644,0.096054545350097,10
"M2",2016,6,0.166198733013899,0.378265595562833,0.120065073434621,10
"M2",2016,7,0.20495860058175,0.321645735590801,0.126278909062006,10
"M2",2016,8,0.218281944515678,0.357424356517926,0.126003194134639,10
"M2",2016,9,0.230605021163452,0.279756058406568,0.136479426017812,10
"M2",2016,10,0.199194587390061,0.317097027376129,0.131999475363091,10
"M1",2015,3,-0.0346329964318522,0.495761878241299,0.0422306168724921,11
"M1",2015,4,-0.0311827730158695,0.550894445421712,0.0299827824394475,11
"M1",2015,5,0.00758840281735873,0.503014925690696,0.0326981889014657,11
"M1",2015,6,0.00286769484351418,0.565148566408517,0.0252303837771989,11
"M1",2015,7,0.00279408711736026,0.425447390615761,0.020141262338042,11
"M1",2015,8,-0.00538325499459907,0.534016283492735,0.022251895215941,11
"M1",2015,9,0.040810910308506,0.476396366950932,0.0226656132506692,11
"M1",2015,10,0.0021756276613758,0.504083396193869,0.0189095260595219,11
"M2",2016,3,0.116828060736486,0.435325538086569,0.0789349597629255,11
"M2",2016,4,0.176366474019229,0.4161246057028,0.0998697408233924,11
"M2",2016,5,0.120982792266969,0.339072693534665,0.100343236111578,11
"M2",2016,6,0.144688086665241,0.327374977168103,0.109534647718534,11
"M2",2016,7,0.218507818307687,0.372131464582538,0.124620997063175,11
"M2",2016,8,0.243851314534042,0.316673830345546,0.129648434788756,11
"M2",2016,9,0.186775949994442,0.352881620931825,0.133729147499194,11
"M2",2016,10,0.191423237980769,0.301178304784551,0.145005043144246,11
"M1",2015,3,0.0300170046686374,0.508707783276536,0.0384479982316013,12
"M1",2015,4,0.0435699901380617,0.56595333828805,0.0394586690973858,12
"M1",2015,5,0.000902917136182513,0.481866521283097,0.035694148619255,12
"M1",2015,6,0.0406138131827783,0.56405605268571,0.0284922670023739,12
"M1",2015,7,-0.0723582423599636,0.440317338703386,0.0221372010265995,12
"M1",2015,8,-0.0241663225421325,0.446861265132537,0.0190581140055554,12
"M1",2015,9,0.0154133829475199,0.521188952773098,0.0214755999800839,12
"M1",2015,10,0.0139305530121632,0.441262445169805,0.021508006111136,12
"M2",2016,3,0.181324908646923,0.378746737628747,0.089183723451597,12
"M2",2016,4,0.165945261223964,0.419370500929689,0.105404398072897,12
"M2",2016,5,0.20546860529087,0.390541816470258,0.105624585981853,12
"M2",2016,6,0.169319124327118,0.378027822421582,0.116527833530967,12
"M2",2016,7,0.190920870059316,0.404214637788256,0.114883510494171,12
"M2",2016,8,0.227918846475167,0.356548672849378,0.125649688443801,12
"M2",2016,9,0.191762444198986,0.333478070714368,0.128862779341478,12
"M2",2016,10,0.208369587905444,0.296765540531267,0.142127497167424,12
"M1",2015,3,0.0343848909494513,0.459405075196082,0.0447097816306542,13
"M1",2015,4,0.0361791024204946,0.58261841536318,0.0403081772924477,13
"M1",2015,5,0.0389982275120256,0.524263685849394,0.035238189871149,13
"M1",2015,6,0.0384014602833819,0.397681779750022,0.02709407303388,13
"M1",2015,7,0.0169857789309912,0.489557221392434,0.0265477603521241,13
"M1",2015,8,0.0168405709199603,0.457175355442102,0.0224009377992758,13
"M1",2015,9,0.015151659899728,0.496217730474283,0.0224941683196422,13
"M1",2015,10,0.0145078612478278,0.515682040856018,0.0179901509477671,13
"M2",2016,3,0.114079715596376,0.331858806579645,0.0783102403571392,13
"M2",2016,4,0.117626311438869,0.416126708613866,0.109912069924115,13
"M2",2016,5,0.175887132215461,0.320682939336169,0.103924642551514,13
"M2",2016,6,0.181973597891275,0.366207227083223,0.117064581316185,13
"M2",2016,7,0.178134982760302,0.305810657436284,0.119478508686597,13
"M2",2016,8,0.221355708713505,0.346132038528977,0.127246917526416,13
"M2",2016,9,0.182788326274912,0.276341854683832,0.13762331327765,13
"M2",2016,10,0.232068293924517,0.308243674573774,0.15048055482006,13
"M1",2015,3,-0.0147904222420094,0.577900295469614,0.0387324507284938,14
"M1",2015,4,0.00417080757939027,0.472780158608412,0.0389007470640575,14
"M1",2015,5,0.0113345631726014,0.496640754422308,0.032492416591283,14
"M1",2015,6,0.00970136858737189,0.486707483770896,0.0282131755775652,14
"M1",2015,7,0.0545771833432008,0.448606685278622,0.0319691693839404,14
"M1",2015,8,0.0202230111054102,0.538147636407082,0.0213690665126224,14
"M1",2015,9,0.00599930742715499,0.506325351614867,0.0205917181829434,14
"M1",2015,10,0.0129537906117866,0.578384795482347,0.0153427630405743,14
"M2",2016,3,0.15547552068993,0.411785892389846,0.0854273030309958,14
"M2",2016,4,0.19490217049194,0.353788069530541,0.0954734457770493,14
"M2",2016,5,0.161573077627753,0.304342076904776,0.108408037226128,14
"M2",2016,6,0.12550286337518,0.311211046626368,0.113245194681852,14
"M2",2016,7,0.196236574918539,0.346502184688811,0.123110152753263,14
"M2",2016,8,0.259608396071688,0.336943374446347,0.127637575795909,14
"M2",2016,9,0.25896828758077,0.333893243122005,0.13660748022304,14
"M2",2016,10,0.263961344577996,0.283320496039919,0.138683197129942,14
"M1",2015,3,0.0569830152764935,0.444587441086906,0.0460186466331157,15
"M1",2015,4,0.00593974634616551,0.534095285036919,0.0462087516975309,15
"M1",2015,5,0.0561822661266225,0.475160536352512,0.0325646338031748,15
"M1",2015,6,-0.00117016931887792,0.48785264517954,0.0292764933795412,15
"M1",2015,7,-0.00862419631535472,0.478362616051908,0.0246527922147692,15
"M1",2015,8,0.00594967057387463,0.551480470692269,0.0189036431232006,15
"M1",2015,9,8.99371600915355e-05,0.501177397129292,0.0178356698711819,15
"M1",2015,10,-0.0372161497181188,0.500407603006887,0.0154181183910861,15
"M2",2016,3,0.151671901514898,0.389351761358713,0.0878391770904478,15
"M2",2016,4,0.142822466795996,0.325009216833959,0.0973576440766004,15
"M2",2016,5,0.134406008201515,0.442446199275756,0.100107461657556,15
"M2",2016,6,0.154539079240034,0.31949170625923,0.108174776917142,15
"M2",2016,7,0.2171925952397,0.354164898543798,0.122101725740706,15
"M2",2016,8,0.232525431781996,0.310718706263145,0.131620827609664,15
"M2",2016,9,0.243024054564907,0.301729249605505,0.135432012865783,15
"M2",2016,10,0.25853496842927,0.328465740386702,0.140673837230278,15
"M1",2015,3,-0.0169258167575377,0.490774261938556,0.0408998078978811,16
"M1",2015,4,-0.0475753207664058,0.453398673501301,0.037646138414639,16
"M1",2015,5,0.0525147119942654,0.512450676963274,0.031140196080681,16
"M1",2015,6,0.0542563267251328,0.500196277438946,0.0249213814124832,16
"M1",2015,7,0.0117989114671772,0.458469053083221,0.0220441878065049,16
"M1",2015,8,0.0537072518620039,0.430010598631284,0.0226408283676176,16
"M1",2015,9,0.0116638383278443,0.480048509687146,0.0222824418569083,16
"M1",2015,10,-0.0142004489787143,0.524778362697698,0.0161276966317057,16
"M2",2016,3,0.111435263228646,0.37456657237267,0.0856580376075565,16
"M2",2016,4,0.185820563531634,0.40602148881079,0.0953077602897261,16
"M2",2016,5,0.193464998071196,0.396695850662534,0.112623616792878,16
"M2",2016,6,0.190045510240698,0.360533599577295,0.10906026560114,16
"M2",2016,7,0.171567329453211,0.358165821777358,0.122719004464638,16
"M2",2016,8,0.168534287271901,0.306904236479655,0.127134192089729,16
"M2",2016,9,0.250183092173276,0.369514937318688,0.141253616437927,16
"M2",2016,10,0.204192778413323,0.305406298315458,0.144283991390633,16
"M1",2015,3,0.00153206892616595,0.638664318546277,0.0406138965762452,17
"M1",2015,4,0.0646176557462215,0.54640585407581,0.0359507362461992,17
"M1",2015,5,-0.00416582803477433,0.586699102374305,0.0319062774609395,17
"M1",2015,6,0.0172301088954646,0.535808180440314,0.0295871910262238,17
"M1",2015,7,-0.0238028900043261,0.552096281282521,0.0252393255505411,17
"M1",2015,8,0.00643096117192096,0.477050424160828,0.0227746126452314,17
"M1",2015,9,0.0107718076267319,0.485396463403679,0.0199672767175241,17
"M1",2015,10,-0.0249867284719137,0.476887297355713,0.0189050491548922,17
"M2",2016,3,0.187031564955384,0.382290041715317,0.094087697315993,17
"M2",2016,4,0.137808071772178,0.416656093071946,0.0920763138715737,17
"M2",2016,5,0.135835377988869,0.368245803099444,0.106444481909779,17
"M2",2016,6,0.177206798103568,0.41981436913639,0.112140723141943,17
"M2",2016,7,0.172284017238754,0.335847746309391,0.11163920487093,17
"M2",2016,8,0.206057092034497,0.307314631926074,0.132135974375182,17
"M2",2016,9,0.246341778534346,0.311254530931914,0.133391605655809,17
"M2",2016,10,0.219524511702287,0.336975710567345,0.142712786342659,17
"M1",2015,3,0.0245802805156594,0.525494933943081,0.0391817311353544,18
"M1",2015,4,0.0538862960345295,0.519223404602279,0.0408585341801171,18
"M1",2015,5,0.0603967126771604,0.53407721449019,0.0361766753451655,18
"M1",2015,6,-0.0734145970607166,0.507837012963159,0.0310468067765362,18
"M1",2015,7,-0.0345750365082634,0.574970965382022,0.0266095350723526,18
"M1",2015,8,0.0262641364075705,0.496502118131098,0.0233090908018199,18
"M1",2015,9,-0.0144175007958225,0.539213726216212,0.0202604939641947,18
"M1",2015,10,0.00284986562933315,0.511568147392397,0.0187729543089427,18
"M2",2016,3,0.180142721509234,0.355163510011324,0.0824988799373532,18
"M2",2016,4,0.166358369561173,0.404924461762287,0.0935403739189122,18
"M2",2016,5,0.170429874118743,0.384819840359649,0.103750347661346,18
"M2",2016,6,0.172659589809708,0.33084893232613,0.123730163573644,18
"M2",2016,7,0.206627866117955,0.323792136406104,0.117629250182185,18
"M2",2016,8,0.241027382570565,0.329983427812294,0.120646095136971,18
"M2",2016,9,0.200225075295953,0.344742705844899,0.136025177988375,18
"M2",2016,10,0.184026926376043,0.293421759125931,0.134945881268246,18
"M1",2015,3,0.0160251585230542,0.445443364137144,0.0353421047215977,19
"M1",2015,4,0.0221924275200715,0.460129739561853,0.0345527317061755,19
"M1",2015,5,0.0475509036333778,0.548500427000586,0.0325849039881865,19
"M1",2015,6,-0.0313092197024956,0.529456756865976,0.0273078572647522,19
"M1",2015,7,-0.0170157158569385,0.460131303547517,0.0238394145312986,19
"M1",2015,8,-0.0105106077401955,0.506477499066889,0.0250444156755096,19
"M1",2015,9,0.00152668409509699,0.431514980703261,0.0205938814785227,19
"M1",2015,10,-0.00663467382664157,0.559754273036777,0.0164831245040201,19
"M2",2016,3,0.170682550762324,0.401191630619899,0.077643971285194,19
"M2",2016,4,0.133689785754565,0.453387484650638,0.0884059114761528,19
"M2",2016,5,0.157293362894025,0.380073138102794,0.108174271547782,19
"M2",2016,6,0.143309394640129,0.323937040871477,0.10775988764524,19
"M2",2016,7,0.202795081133424,0.326668956973166,0.128692692471715,19
"M2",2016,8,0.214072394291628,0.321632664733709,0.124490432717677,19
"M2",2016,9,0.238737174951597,0.261194123325826,0.137906027761612,19
"M2",2016,10,0.249835609829513,0.336936771758725,0.137742397420369,19
"M1",2015,3,-0.0148688602985363,0.567029415232027,0.0399858848668738,20
"M1",2015,4,0.0706626956181452,0.526001181186354,0.0446246979191801,20
"M1",2015,5,0.0285611347986327,0.506031293656342,0.0279639743356209,20
"M1",2015,6,0.0606790616169709,0.464214065487286,0.0295207656027662,20
"M1",2015,7,0.00925742915832456,0.490166280958002,0.0223585278178947,20
"M1",2015,8,0.0355429229034671,0.515503329666829,0.0206614170572994,20
"M1",2015,9,-0.0670918720328192,0.546984019162761,0.018740419142394,20
"M1",2015,10,-0.0169482949774238,0.511388129524052,0.0163916596689331,20
"M2",2016,3,0.0722379066792761,0.390870772175569,0.0865290909445519,20
"M2",2016,4,0.161696994856729,0.429518541568888,0.0908603839582514,20
"M2",2016,5,0.195806062493608,0.329844291140128,0.101910138700646,20
"M2",2016,6,0.163480104070259,0.436761167296291,0.117872088105917,20
"M2",2016,7,0.220027310020604,0.424032977270785,0.118862465799576,20
"M2",2016,8,0.191823449276186,0.31270487968931,0.118476946795399,20
"M2",2016,9,0.162614363708558,0.331249826171877,0.132179879607664,20
"M2",2016,10,0.235646893846212,0.323380252038602,0.143608066125134,20
"M1",2015,3,0.0662343946631925,0.532957323119441,0.0399681255490557,21
"M1",2015,4,0.0332728646100582,0.564524160498167,0.0375698686203605,21
"M1",2015,5,-0.0150786302774066,0.422224332276321,0.0342059496078662,21
"M1",2015,6,-0.0152916232196754,0.53616584030055,0.0306365727295103,21
"M1",2015,7,-0.0131432801859123,0.498749108039844,0.0280190690339779,21
"M1",2015,8,-0.0185302345724798,0.531691210531076,0.0230143324080711,21
"M1",2015,9,0.0195112781132753,0.483111570789366,0.0194808704767322,21
"M1",2015,10,-0.012216234091323,0.438162753495059,0.0175539191329345,21
"M2",2016,3,0.180825537078757,0.343633646050224,0.0852103663017961,21
"M2",2016,4,0.161147784006356,0.368381839367858,0.105944053384962,21
"M2",2016,5,0.119119571519307,0.359304163662441,0.101326502789709,21
"M2",2016,6,0.121515231396437,0.370691301666201,0.115843835746619,21
"M2",2016,7,0.148625773683904,0.32522793672226,0.121596739695473,21
"M2",2016,8,0.147144323403905,0.335071533950611,0.124557855588813,21
"M2",2016,9,0.1848656790276,0.346362351130992,0.137092194825337,21
"M2",2016,10,0.209974428508209,0.370188052726806,0.136618479564713,21
"M1",2015,3,0.0543182872508934,0.507726140902621,0.0318117556839174,22
"M1",2015,4,-0.00959635550533879,0.507071027890466,0.0334657327721525,22
"M1",2015,5,0.0528368044164098,0.527179800919826,0.0311259688046284,22
"M1",2015,6,0.0391225461638815,0.48945471908696,0.0327739033342823,22
"M1",2015,7,0.0360290539658876,0.521441432795746,0.022251672643574,22
"M1",2015,8,0.0246420080337917,0.528185002313411,0.0198746219182343,22
"M1",2015,9,-0.0492330102202744,0.469529878923669,0.0215755538211134,22
"M1",2015,10,0.0101914596897047,0.432111663474223,0.0183695288961777,22
"M2",2016,3,0.191493511633515,0.386655755644907,0.0865458005312036,22
"M2",2016,4,0.16598483948325,0.37606119760862,0.0997814824193742,22
"M2",2016,5,0.13799346291364,0.339323978642801,0.0973742948258151,22
"M2",2016,6,0.228624291226592,0.358975948889134,0.112916702715612,22
"M2",2016,7,0.171384110572795,0.275402732788081,0.117582677808133,22
"M2",2016,8,0.237891025300941,0.409246446339156,0.129187993899961,22
"M2",2016,9,0.224990322228539,0.350445951537378,0.135352273366883,22
"M2",2016,10,0.1768784879124,0.351589813286534,0.127438708362053,22
"M1",2015,3,0.074351738700564,0.466933783661908,0.040942191818738,23
"M1",2015,4,0.0193193476219795,0.538328345630435,0.0309856021366248,23
"M1",2015,5,0.039743032396238,0.510259762646087,0.0318390149139749,23
"M1",2015,6,-0.0544283864394758,0.442918872119055,0.0290439662997204,23
"M1",2015,7,0.0089470157872813,0.515594638117471,0.0240877946432221,23
"M1",2015,8,-0.00328397066083674,0.604202496884486,0.022653412362491,23
"M1",2015,9,0.0198025551546668,0.529967890492769,0.0175373038999905,23
"M1",2015,10,0.0283647742960719,0.457057079303555,0.0186657698736753,23
"M2",2016,3,0.184466345079622,0.387693383441769,0.0910046458234688,23
"M2",2016,4,0.176584319865767,0.335805055328824,0.0904316592791336,23
"M2",2016,5,0.153439476551967,0.399556646918379,0.111210658996831,23
"M2",2016,6,0.164976383253805,0.357349928628687,0.111480676596696,23
"M2",2016,7,0.209953474315989,0.369035139684648,0.118479553577705,23
"M2",2016,8,0.179247191406052,0.291988408865573,0.126334492671311,23
"M2",2016,9,0.189403328982364,0.294152562728314,0.1388147888835,23
"M2",2016,10,0.233648061390589,0.299237842956106,0.137211471746763,23
"M1",2015,3,0.0666362717956387,0.499250845450831,0.0382627947656695,24
"M1",2015,4,-0.0198563429466689,0.572344271764721,0.0378605731974077,24
"M1",2015,5,0.0214512401436214,0.466782413806255,0.0315613917411513,24
"M1",2015,6,0.000625140480977449,0.453963817070198,0.0313946312890798,24
"M1",2015,7,-0.00319951038774083,0.46436818812596,0.0263874958214547,24
"M1",2015,8,-0.00620015493948767,0.475826861419689,0.0206146984605528,24
"M1",2015,9,0.0216938407064003,0.534177413382832,0.0188185491199346,24
"M1",2015,10,0.0118195938977429,0.560796888549064,0.0187500642155623,24
"M2",2016,3,0.140583831227366,0.437948225058806,0.0863990488748897,24
"M2",2016,4,0.129713068518779,0.434877235290337,0.0989145402679941,24
"M2",2016,5,0.142823177425386,0.332886972743272,0.105626371970451,24
"M2",2016,6,0.14234847986026,0.338438380226469,0.112017817582505,24
"M2",2016,7,0.234844669935616,0.349604970839589,0.124870063033613,24
"M2",2016,8,0.22618188963532,0.350523892538545,0.131098949353427,24
"M2",2016,9,0.232479504320041,0.332798253075111,0.135726489532186,24
"M2",2016,10,0.213224671398436,0.281421030786186,0.140405714921818,24
"M1",2015,3,0.00811423197989464,0.429524970872141,0.0408663311272229,25
"M1",2015,4,-0.0360662561752638,0.545390637133674,0.0325702659700845,25
"M1",2015,5,0.0262795998836889,0.537057251974792,0.035909875142782,25
"M1",2015,6,-0.0129994159558861,0.547354979792092,0.0243762763304291,25
"M1",2015,7,0.0258970904146512,0.510420140488254,0.0213132158578097,25
"M1",2015,8,-0.0106032200956362,0.520240218175383,0.0252820802795525,25
"M1",2015,9,-0.0154183604782285,0.508167424033198,0.0214934709683877,25
"M1",2015,10,-0.0285089084387717,0.500130229591079,0.0190998383179745,25
"M2",2016,3,0.103201216848021,0.411058056289714,0.0891929372857327,25
"M2",2016,4,0.189347345129271,0.287615488577965,0.0956437788746997,25
"M2",2016,5,0.149906195841821,0.363171810906606,0.103940769529583,25
"M2",2016,6,0.189123412850787,0.381602864946225,0.110676766187426,25
"M2",2016,7,0.208220982910792,0.339190838115749,0.117966607953456,25
"M2",2016,8,0.268430048488828,0.259397733623456,0.126400722396172,25
"M2",2016,9,0.193868999168963,0.262813720012581,0.133746900026408,25
"M2",2016,10,0.22814355437668,0.298267930006447,0.144350135827784,25
"M1",2015,3,0.0178778813346563,0.524274757779376,0.0377656210176184,26
"M1",2015,4,0.0651932511532704,0.542110948536408,0.0381847911435496,26
"M1",2015,5,0.0207391868698366,0.471929965738116,0.0326919283091183,26
"M1",2015,6,0.0304329537598985,0.480075497059073,0.0289439603335506,26
"M1",2015,7,-0.0567569121562722,0.495024146053364,0.0276992594190367,26
"M1",2015,8,0.000347741672098473,0.477437615982265,0.0227201331782189,26
"M1",2015,9,-0.0041843898369196,0.587731042105637,0.0193384602214008,26
"M1",2015,10,0.00587205287215314,0.468735498148018,0.0189165748626134,26
"M2",2016,3,0.180060689751237,0.322657449206186,0.0926475181114249,26
"M2",2016,4,0.114214326795813,0.364961913425632,0.0958840966706953,26
"M2",2016,5,0.18344710683092,0.339477999974249,0.109482722130585,26
"M2",2016,6,0.171217104064428,0.326580210709814,0.111045092869347,26
"M2",2016,7,0.205766174617268,0.365773493535691,0.118424243938095,26
"M2",2016,8,0.214372436658462,0.365990290225925,0.128940451479338,26
"M2",2016,9,0.185294269197367,0.317449735262272,0.131338580749275,26
"M2",2016,10,0.242472720386323,0.328317496918249,0.140952560246512,26
"M1",2015,3,0.0228778041531065,0.470103357466295,0.0422482044225951,27
"M1",2015,4,0.0121087208799988,0.500625230676922,0.0375522716146959,27
"M1",2015,5,0.0098955487620111,0.495548139854375,0.0343378118627864,27
"M1",2015,6,0.0456571680235015,0.479771014181843,0.0293542863681143,27
"M1",2015,7,-0.0398678371713103,0.487287554081514,0.0227563999916785,27
"M1",2015,8,-0.00460811805108974,0.516826954910124,0.0208947727568291,27
"M1",2015,9,0.0244930994286109,0.478166626035862,0.0199047310920791,27
"M1",2015,10,0.0066887856898552,0.52518636448535,0.0195960705769214,27
"M2",2016,3,0.0798944386442107,0.465316929657695,0.0894118529042236,27
"M2",2016,4,0.158945403320584,0.408235357442493,0.105865560722767,27
"M2",2016,5,0.17794183477536,0.418967361889422,0.106835542031696,27
"M2",2016,6,0.198856082248268,0.337870489405914,0.11787076820931,27
"M2",2016,7,0.251238486778664,0.380006351563591,0.131544409678182,27
"M2",2016,8,0.240636388101662,0.371649982859344,0.130791571229916,27
"M2",2016,9,0.20702834986932,0.302752480737536,0.131993682270863,27
"M2",2016,10,0.24752627328501,0.300411565542421,0.131712219813106,27
"M1",2015,3,0.0566853929684339,0.515895955381882,0.0329632840036491,28
"M1",2015,4,0.0352590204607766,0.532231304088151,0.035832091642897,28
"M1",2015,5,0.0298694555390905,0.518839781624258,0.0320371833819378,28
"M1",2015,6,-0.0439065104433546,0.568606687237985,0.0280948946559897,28
"M1",2015,7,0.0423649613280082,0.524873464562694,0.0243417908470831,28
"M1",2015,8,0.00148751618242215,0.47539305550072,0.0225066927871656,28
"M1",2015,9,-0.0538346800802241,0.534859361357732,0.0218742249842334,28
"M1",2015,10,0.0302510815142547,0.491898124158248,0.0188534146943138,28
"M2",2016,3,0.17880020148595,0.375353848939323,0.0844833112505106,28
"M2",2016,4,0.196362602936705,0.383612311847178,0.100207215344434,28
"M2",2016,5,0.184256814067204,0.355746590440342,0.103561009318851,28
"M2",2016,6,0.219648291853123,0.384803476007906,0.113400930610774,28
"M2",2016,7,0.188626535935752,0.369363392754633,0.114665005756406,28
"M2",2016,8,0.210693614885975,0.376002716803458,0.12204669036858,28
"M2",2016,9,0.188840481039999,0.388035223624711,0.136449241957346,28
"M2",2016,10,0.258807947484104,0.360952980070887,0.136706716623392,28
"M1",2015,3,0.0218196256647433,0.43846310941212,0.0454718128032112,29
"M1",2015,4,0.0223260246961993,0.525278182221,0.0339940200133723,29
"M1",2015,5,-0.00778671164641524,0.508962883257631,0.0364491991471484,29
"M1",2015,6,0.0504150563738984,0.522008998372345,0.0284582919994432,29
"M1",2015,7,-0.0292909566125635,0.519961861961637,0.0238636086884516,29
"M1",2015,8,-0.0136828850662315,0.437852786752003,0.021309274615679,29
"M1",2015,9,0.0185604264676406,0.532070919168748,0.0219441098307444,29
"M1",2015,10,0.0109414008509578,0.518954853549935,0.0164698315060862,29
"M2",2016,3,0.156757393973519,0.378257486407706,0.095049512374568,29
"M2",2016,4,0.149374732586501,0.381096260439227,0.0938828533946797,29
"M2",2016,5,0.180937161457621,0.317262029171479,0.102900837181735,29
"M2",2016,6,0.198728304518841,0.378385336242916,0.117164937691471,29
"M2",2016,7,0.213169489276445,0.382134076445729,0.126955646909637,29
"M2",2016,8,0.210284419246077,0.328952392895323,0.124035340599863,29
"M2",2016,9,0.204112392628004,0.344265657596666,0.135513157193424,29
"M2",2016,10,0.235121978279313,0.282352505398902,0.13316507185997,29
"M1",2015,3,0.0922805818228034,0.501416299046625,0.0366319034497697,30
"M1",2015,4,0.0303678557245352,0.494947108842266,0.0388802684931688,30
"M1",2015,5,0.0411668822181404,0.544092815158138,0.0345264337656688,30
"M1",2015,6,0.0340573952592311,0.479786376098262,0.0287948274638535,30
"M1",2015,7,0.0188451693082869,0.492137051529163,0.0265897230677026,30
"M1",2015,8,-0.00753466018733856,0.502809528083849,0.0237748964820527,30
"M1",2015,9,0.0142938592292463,0.47262843276386,0.0182123388249353,30
"M1",2015,10,0.0101390589006246,0.506890904931327,0.0191833272143941,30
"M2",2016,3,0.218886834861154,0.364130407620572,0.0863696313312951,30
"M2",2016,4,0.160401359370626,0.359670786404288,0.0903642025708568,30
"M2",2016,5,0.120142553168537,0.442879669783449,0.103896237403103,30
"M2",2016,6,0.123923238681464,0.316522001383213,0.110626402329537,30
"M2",2016,7,0.226530965443821,0.299627526223784,0.114311823015991,30
"M2",2016,8,0.217172581115511,0.290068940054424,0.138635235794985,30
"M2",2016,9,0.199165484407573,0.315904902694157,0.135356980581448,30
"M2",2016,10,0.232231481216263,0.269517192103403,0.147551220865519,30
"M1",2015,3,0.0413384306284273,0.503456575448845,0.0476228733991825,31
"M1",2015,4,0.0838307260167575,0.478959280677911,0.0310927527064348,31
"M1",2015,5,0.0465773753141718,0.497690476667886,0.033237782273974,31
"M1",2015,6,0.00831169410265367,0.45069649940108,0.0275837364922591,31
"M1",2015,7,0.0147550707895471,0.473194567039322,0.0295433688262003,31
"M1",2015,8,0.00901292742773169,0.551152215059677,0.0229589727787664,31
"M1",2015,9,-0.0253968876485866,0.519798188248929,0.0223862408998973,31
"M1",2015,10,0.0127714630502018,0.5155930315913,0.017973543730642,31
"M2",2016,3,0.132475641353638,0.423894963309686,0.0798322077794571,31
"M2",2016,4,0.136642605459982,0.415491435556958,0.101225512382071,31
"M2",2016,5,0.172347929955262,0.370145162611784,0.107572374499489,31
"M2",2016,6,0.160254018303796,0.366499566465827,0.116077865176336,31
"M2",2016,7,0.195211918306371,0.334971117324279,0.112597987789634,31
"M2",2016,8,0.191174564659193,0.344471258877858,0.12706384745075,31
"M2",2016,9,0.231980461915905,0.295530896936603,0.136954889220229,31
"M2",2016,10,0.257629585216871,0.301492839965675,0.132931422835221,31
"M1",2015,3,0.00464555870754282,0.515090414537636,0.0454350799169271,32
"M1",2015,4,0.0151886908478419,0.584166713684731,0.0379550605212286,32
"M1",2015,5,0.00926232165220503,0.487992153679894,0.0323958179687684,32
"M1",2015,6,-0.0218245115140074,0.46625053903394,0.0290768001104647,32
"M1",2015,7,0.00464570851610041,0.502197369363486,0.0230032423651882,32
"M1",2015,8,0.0218401152799488,0.505286083042731,0.0237609303831258,32
"M1",2015,9,0.0197256536941655,0.524396602102712,0.0182055889491928,32
"M1",2015,10,-0.0176037394762197,0.50258659407615,0.0180021352489902,32
"M2",2016,3,0.112243848497505,0.382996610165214,0.081323774121175,32
"M2",2016,4,0.159043027250464,0.359308524398817,0.0989395049266595,32
"M2",2016,5,0.127066457224502,0.357798278938398,0.104489368683048,32
"M2",2016,6,0.202980045628213,0.368407953536904,0.110150014304742,32
"M2",2016,7,0.236439765037831,0.375057885078457,0.115892427704437,32
"M2",2016,8,0.258045872749578,0.300453812432969,0.130885068110699,32
"M2",2016,9,0.226439456381828,0.361501065096535,0.138929342379785,32
"M2",2016,10,0.213243684085407,0.317323321317793,0.14013422262026,32
"M1",2015,3,0.0343124018627779,0.499178022636074,0.0372522749662596,33
"M1",2015,4,0.00538932561148869,0.515332669915002,0.0354845296997451,33
"M1",2015,5,0.0231410490334353,0.535061185045453,0.0363939598447361,33
"M1",2015,6,0.0130075330682053,0.432176702583263,0.0293159268314941,33
"M1",2015,7,0.00839348682585589,0.551393521354768,0.0236794223959992,33
"M1",2015,8,-0.0288948951420362,0.489560376641856,0.0207628772508223,33
"M1",2015,9,-0.0199148306144261,0.482333929948032,0.0187693993097161,33
"M1",2015,10,-0.0228080909634206,0.488350676037188,0.0244496821297856,33
"M2",2016,3,0.189686184890132,0.432400725928745,0.0909933910344099,33
"M2",2016,4,0.146862473029376,0.361450438875025,0.0953913711197002,33
"M2",2016,5,0.159736492790369,0.368489882937413,0.110153211577332,33
"M2",2016,6,0.210246188896271,0.348034248421375,0.113954896296521,33
"M2",2016,7,0.186762392472241,0.338160704704655,0.11161433487617,33
"M2",2016,8,0.240117333951228,0.344483069744366,0.134884172943199,33
"M2",2016,9,0.17598682585278,0.336104723051869,0.132504289162927,33
"M2",2016,10,0.227446013781136,0.292400537537933,0.141750011734562,33
"M1",2015,3,0.022912747810954,0.475866292244619,0.0472057825031387,34
"M1",2015,4,0.0397160700046039,0.496464331987098,0.0368182160988757,34
"M1",2015,5,0.0361241056302944,0.465301176389584,0.0293701030128505,34
"M1",2015,6,0.0539578838734202,0.425654083887093,0.0253227711124499,34
"M1",2015,7,0.0177117807944511,0.478390611369689,0.0236001795479772,34
"M1",2015,8,0.00533624629851054,0.5382409339804,0.0203518083657719,34
"M1",2015,9,0.00890214178146048,0.557140916059777,0.0199442275741687,34
"M1",2015,10,-0.0174818996227116,0.527417031932995,0.0166565470904157,34
"M2",2016,3,0.130642477567443,0.425643879067695,0.0928441570499254,34
"M2",2016,4,0.177023683505583,0.425698213727109,0.0944669662643503,34
"M2",2016,5,0.138985525335502,0.325755241290474,0.106783199705563,34
"M2",2016,6,0.163451401426266,0.379790270898695,0.110664306579126,34
"M2",2016,7,0.198101158110485,0.343443564136831,0.120302183345664,34
"M2",2016,8,0.184273509589451,0.371650904971486,0.123585100816563,34
"M2",2016,9,0.206652547056374,0.348264231602796,0.136782178100306,34
"M2",2016,10,0.226371493855063,0.362230506381716,0.135935000120099,34
"M1",2015,3,-0.00677249985280698,0.503551697917365,0.038593243653732,35
"M1",2015,4,0.0470129943661037,0.450315075959242,0.0359483138231557,35
"M1",2015,5,-0.016826976979284,0.629687653509907,0.0290882503753653,35
"M1",2015,6,-0.012829420840092,0.512412088801151,0.0281550257843278,35
"M1",2015,7,-0.0004277683056646,0.516500939815707,0.0264411818604956,35
"M1",2015,8,0.0056037872174885,0.454962976164791,0.0240425786932949,35
"M1",2015,9,-0.000416732414632304,0.512491458947904,0.0224672781238275,35
"M1",2015,10,0.00281568537803123,0.541186651480396,0.021070730032305,35
"M2",2016,3,0.153568840156775,0.437626841359601,0.0889302990606266,35
"M2",2016,4,0.192664144163813,0.3927139969038,0.0933185207484888,35
"M2",2016,5,0.213784060012166,0.420535722846926,0.107763049341315,35
"M2",2016,6,0.184341679466734,0.326866557750111,0.103809356036865,35
"M2",2016,7,0.220581106456006,0.399632760612054,0.11588309334372,35
"M2",2016,8,0.237857183066746,0.338308059515654,0.122010478746298,35
"M2",2016,9,0.271180717194045,0.320639354446013,0.145205625807881,35
"M2",2016,10,0.255832775284573,0.331363865747827,0.142064523574095,35
"M1",2015,3,0.0151220991862189,0.432156900599718,0.0398155788130552,36
"M1",2015,4,-0.024529252077476,0.537242921417856,0.0327945495308331,36
"M1",2015,5,-0.0285235057812923,0.488661125008848,0.0365252605360847,36
"M1",2015,6,0.0075554552606894,0.481351509567676,0.025787472936935,36
"M1",2015,7,-0.00217643130633552,0.520929166429431,0.0248638927290839,36
"M1",2015,8,-0.0126280547220038,0.492334212838098,0.0224615027880542,36
"M1",2015,9,-0.000360158636610541,0.455479435050479,0.0206966680809877,36
"M1",2015,10,-0.0102619506227317,0.491812055963132,0.0198769613201567,36
"M2",2016,3,0.172417379005886,0.4146690111042,0.0867264143372851,36
"M2",2016,4,0.213854953539347,0.370926281964901,0.0920308757869938,36
"M2",2016,5,0.169893027634065,0.372738903681331,0.104533336854183,36
"M2",2016,6,0.181051536126788,0.408281324521162,0.119241071075991,36
"M2",2016,7,0.188997242518446,0.39140284459696,0.119184208674352,36
"M2",2016,8,0.188062055067994,0.351377055402829,0.130145634370063,36
"M2",2016,9,0.128014971219924,0.318173865011276,0.139039078636525,36
"M2",2016,10,0.21229955008355,0.329397373507307,0.136799766983543,36
"M1",2015,3,0.0949602785745277,0.513547451671545,0.0355015105822431,37
"M1",2015,4,-0.0269623680732587,0.571973067802597,0.0381435085953781,37
"M1",2015,5,-0.00247456822308004,0.499480831772686,0.0344553485625845,37
"M1",2015,6,0.0397614910201347,0.479016604125802,0.0264707080189685,37
"M1",2015,7,0.00599633693115675,0.489027172830621,0.0271891156324669,37
"M1",2015,8,-0.0291705813245713,0.469513277347685,0.0208654542525298,37
"M1",2015,9,-0.00592291595074562,0.438423829563352,0.0214543185096505,37
"M1",2015,10,-0.0128695703703184,0.495965506152901,0.0191806356467644,37
"M2",2016,3,0.0523669427099884,0.403667764435471,0.0784601874389498,37
"M2",2016,4,0.160396484794869,0.354792613360093,0.0980115337494194,37
"M2",2016,5,0.142899808779234,0.400800635342658,0.107608494369939,37
"M2",2016,6,0.164351429829653,0.411752391217527,0.116814296266471,37
"M2",2016,7,0.175393061287242,0.326061437850661,0.118070272386085,37
"M2",2016,8,0.186691547154966,0.273664196923483,0.124234511062707,37
"M2",2016,9,0.204923106956662,0.332195029935358,0.137203202182954,37
"M2",2016,10,0.237499890283653,0.291834507717071,0.134052618245276,37
"M1",2015,3,0.0590988735001012,0.463656802520429,0.0362588702032183,38
"M1",2015,4,0.0265626064812734,0.470570246980045,0.0305144785384636,38
"M1",2015,5,0.0163891636458143,0.532949226964833,0.0305883049501622,38
"M1",2015,6,0.0416822057676103,0.53399638037618,0.0294158325721868,38
"M1",2015,7,0.0405629985447198,0.468498400414125,0.0233728840925187,38
"M1",2015,8,0.0463273185366356,0.487767745060342,0.0256209938126435,38
"M1",2015,9,0.0191047390686528,0.442749038620834,0.0190686234829195,38
"M1",2015,10,-0.0147162467386894,0.51591994655826,0.0154524302790212,38
"M2",2016,3,0.165282524171628,0.35313936224039,0.0791115656349909,38
"M2",2016,4,0.152187218118148,0.395908912911354,0.0946152303140989,38
"M2",2016,5,0.135896271425365,0.416000357063668,0.106586929736946,38
"M2",2016,6,0.167412147427811,0.347663633693662,0.115312420894717,38
"M2",2016,7,0.124335877123034,0.356925951231404,0.131751261415651,38
"M2",2016,8,0.229383553232722,0.330728999809222,0.128566496190227,38
"M2",2016,9,0.209904567867509,0.365035799939522,0.130294792705616,38
"M2",2016,10,0.206493902341251,0.282773584466351,0.139392459615989,38
"M1",2015,3,0.101696058915433,0.498978095768832,0.0347958201681049,39
"M1",2015,4,0.0679727498868063,0.475721781404676,0.0384558877867199,39
"M1",2015,5,0.0334156101228281,0.509967107349066,0.0390250025163222,39
"M1",2015,6,-0.0303488049683776,0.538489163738484,0.0292751772142046,39
"M1",2015,7,0.0259676978428147,0.543501018246622,0.0223906848089501,39
"M1",2015,8,0.0134754288502436,0.492669328922405,0.021750112206942,39
"M1",2015,9,-0.00874492209567834,0.530956551808284,0.0200867291707354,39
"M1",2015,10,0.014056621620735,0.529279669236079,0.0164217370772419,39
"M2",2016,3,0.131635483993458,0.4044798607816,0.0781785116196474,39
"M2",2016,4,0.212672144658741,0.378470655274413,0.0953448165243914,39
"M2",2016,5,0.181578121534193,0.355651774593194,0.0971568376538998,39
"M2",2016,6,0.174379141558785,0.340122621658787,0.120893304426818,39
"M2",2016,7,0.195985725346948,0.291955693330902,0.120610599324969,39
"M2",2016,8,0.256600672201574,0.295444707152573,0.125052290488072,39
"M2",2016,9,0.190226846233232,0.302526211062501,0.135595763494091,39
"M2",2016,10,0.27016771076499,0.331105744703318,0.143182932073352,39
"M1",2015,3,0.0423317599474987,0.379025036048866,0.030200191283737,40
"M1",2015,4,0.0232376012315515,0.504425906680406,0.0396516836622069,40
"M1",2015,5,0.0884654438644292,0.509298069085762,0.0385380293325989,40
"M1",2015,6,0.0407857519110496,0.518394789619622,0.0298052281889305,40
"M1",2015,7,0.0199024740774749,0.450785996451026,0.0260570459496167,40
"M1",2015,8,0.0148438642534755,0.54802299190518,0.024543895183803,40
"M1",2015,9,-0.00416218209451114,0.54932523723164,0.0195628294022743,40
"M1",2015,10,-0.00200766123891274,0.504815113205978,0.0199286832261248,40
"M2",2016,3,0.209055818689257,0.381870211366961,0.0823725328932929,40
"M2",2016,4,0.152902856983812,0.307382436257575,0.0939852013323316,40
"M2",2016,5,0.14459707428441,0.334442299108627,0.108424361817645,40
"M2",2016,6,0.171018428022946,0.324827522964515,0.104577450068103,40
"M2",2016,7,0.200697207277145,0.368825965240677,0.121782702956713,40
"M2",2016,8,0.195147908841034,0.353778814291469,0.128354305786351,40
"M2",2016,9,0.253910001539994,0.293803937660898,0.141038117700131,40
"M2",2016,10,0.206545219377357,0.340013835819584,0.136213427204438,40
"M1",2015,3,0.0556900945479282,0.495668287902481,0.0425518692081975,41
"M1",2015,4,0.0298389821146465,0.551053515415408,0.0334239681802396,41
"M1",2015,5,0.0181332816644007,0.527616853906815,0.0286884542682684,41
"M1",2015,6,0.00696821101619272,0.597563349517898,0.0282564040316803,41
"M1",2015,7,0.00839654835299547,0.551143151443087,0.0265725545243157,41
"M1",2015,8,-0.0065995438609141,0.563190469838879,0.0249974437465098,41
"M1",2015,9,0.0191902735950231,0.515215694274224,0.0227573824086537,41
"M1",2015,10,0.0038357914921503,0.539660618063796,0.0179503663407808,41
"M2",2016,3,0.188092354837971,0.407853777580664,0.0979686298687743,41
"M2",2016,4,0.157466516991959,0.373599484068164,0.0939189476071347,41
"M2",2016,5,0.137248519515385,0.32026089858841,0.102719355030473,41
"M2",2016,6,0.222392711878428,0.337168892671783,0.124075207473858,41
"M2",2016,7,0.139721315028601,0.349023689729582,0.120226469182228,41
"M2",2016,8,0.185887984050164,0.349142353065868,0.127106299196636,41
"M2",2016,9,0.208939926628087,0.315514759047085,0.129027823129882,41
"M2",2016,10,0.256796099846095,0.316170905897641,0.15134275420122,41
"M1",2015,3,0.0555359983613042,0.421418973398457,0.0438069774180499,42
"M1",2015,4,0.00560334571126607,0.451985986468438,0.0389813541306572,42
"M1",2015,5,-0.00356854951081825,0.397976444072053,0.0303023673598384,42
"M1",2015,6,0.0243258567522172,0.470984527035648,0.0232332142847533,42
"M1",2015,7,-0.025879975518261,0.429355121748924,0.024830102297751,42
"M1",2015,8,0.0343163293711043,0.472223303899199,0.021000948882696,42
"M1",2015,9,0.0110674271678982,0.542089481290013,0.0198469926185535,42
"M1",2015,10,0.0170254145762727,0.50812260164511,0.0169048404805047,42
"M2",2016,3,0.148075080167198,0.34154622234436,0.0856879542767025,42
"M2",2016,4,0.1668554714063,0.408518126790187,0.0904333891208082,42
"M2",2016,5,0.16057228062479,0.32239716141382,0.100634872568868,42
"M2",2016,6,0.212949245628481,0.387597075635346,0.11748847088916,42
"M2",2016,7,0.177253555737079,0.328169408625564,0.112942371308414,42
"M2",2016,8,0.205559640963637,0.340347537024139,0.139152990105324,42
"M2",2016,9,0.216714576046961,0.29484725837301,0.130494081058823,42
"M2",2016,10,0.256763823193488,0.341504090629766,0.144378150281392,42
"M1",2015,3,0.0362663124265963,0.527890327502904,0.0431874914089883,43
"M1",2015,4,0.0655867368477918,0.516989031400128,0.0354862613178366,43
"M1",2015,5,0.00565250239635992,0.469322488518446,0.0305194207658935,43
"M1",2015,6,0.0153541352297596,0.524864830840412,0.0269089363899189,43
"M1",2015,7,-0.00183801532910718,0.522749152980946,0.0288747175576454,43
"M1",2015,8,0.0360493235882482,0.571821073806106,0.0206887968842007,43
"M1",2015,9,-0.00675917325072184,0.53350880234126,0.0198834195462562,43
"M1",2015,10,0.0118997046417592,0.4656345005442,0.0215735715332379,43
"M2",2016,3,0.0840144166649087,0.358121583884348,0.0866714779659849,43
"M2",2016,4,0.189327014580913,0.409592187438159,0.103323519064554,43
"M2",2016,5,0.185767538840417,0.406140248406128,0.101015124691529,43
"M2",2016,6,0.170366234949312,0.346796054364926,0.104930998980448,43
"M2",2016,7,0.203820102903848,0.2999484843124,0.131193252874393,43
"M2",2016,8,0.220037837011936,0.36905983776255,0.126338097574066,43
"M2",2016,9,0.193154913739779,0.275893180393275,0.135364988316556,43
"M2",2016,10,0.245616382294561,0.325485063418776,0.136751730706144,43
"M1",2015,3,0.036219290668385,0.505643408930771,0.0409944793307054,44
"M1",2015,4,0.0201058892358154,0.514164345285493,0.0366805408521292,44
"M1",2015,5,0.0109697646694747,0.521246541391439,0.0375123124378152,44
"M1",2015,6,0.0223075543453415,0.495737734972515,0.0303927351306612,44
"M1",2015,7,0.070783834131058,0.522150484111989,0.0243805989323074,44
"M1",2015,8,0.0326976443681349,0.508640122397281,0.0251025145070522,44
"M1",2015,9,-0.0106955609404286,0.548280179636411,0.0184459153146025,44
"M1",2015,10,0.00683360059471194,0.46225747480012,0.0201302909627186,44
"M2",2016,3,0.158344582133738,0.404369171586396,0.0838976699726632,44
"M2",2016,4,0.151515408934768,0.35609146674899,0.0945085338354185,44
"M2",2016,5,0.192355826649239,0.378704927687193,0.102846186377224,44
"M2",2016,6,0.159207633732908,0.31890555803394,0.114948347021892,44
"M2",2016,7,0.186999303041213,0.321225248314111,0.114022342507239,44
"M2",2016,8,0.197490939445151,0.296515594345347,0.125366818307497,44
"M2",2016,9,0.223418290018241,0.322922450935547,0.130320633128789,44
"M2",2016,10,0.195668311793672,0.275895029848678,0.137964584139384,44
"M1",2015,3,0.047297571681977,0.464501228370121,0.0386379645237536,45
"M1",2015,4,0.096069996132454,0.549328696489367,0.0348568021915616,45
"M1",2015,5,-0.0221284061126789,0.516087705287945,0.0326830983359605,45
"M1",2015,6,0.0245975775977285,0.585580329837007,0.0267674497635614,45
"M1",2015,7,0.0120233255676485,0.53080797217429,0.0235192442069394,45
"M1",2015,8,0.0168153339855536,0.481548310700111,0.0199733775686837,45
"M1",2015,9,0.00555026831459421,0.47556574902014,0.0178278861172914,45
"M1",2015,10,-0.00243566858767874,0.456262656471818,0.020695800941178,45
"M2",2016,3,0.148626640112445,0.424893414770551,0.0809286782139849,45
"M2",2016,4,0.214935155808237,0.364036395969815,0.101303713172027,45
"M2",2016,5,0.151762855537581,0.337523253276925,0.101131141561473,45
"M2",2016,6,0.20750851873255,0.359866951370161,0.10733247335585,45
"M2",2016,7,0.245561672929707,0.362870799253472,0.124149870035867,45
"M2",2016,8,0.246547092096852,0.314539925566468,0.129077191233308,45
"M2",2016,9,0.210089855210025,0.300652073187529,0.131762947111976,45
"M2",2016,10,0.212751708346541,0.285852548108203,0.140678119609267,45
"M1",2015,3,0.0380298857904061,0.534246106483386,0.0364886765718055,46
"M1",2015,4,0.0445022194718187,0.498982846654154,0.033842787164019,46
"M1",2015,5,0.0116911389753994,0.475023442886431,0.0328038626820977,46
"M1",2015,6,-0.00299791955193174,0.472209813198771,0.026658877270721,46
"M1",2015,7,-0.0375571307803773,0.526249991129279,0.0202876045946664,46
"M1",2015,8,-0.00186815080883257,0.490205561440059,0.023472369924927,46
"M1",2015,9,-0.0334749668279353,0.609888213041343,0.0198725489298776,46
"M1",2015,10,0.0126058099611122,0.570536753058663,0.0205620308462177,46
"M2",2016,3,0.194590193991516,0.442938381107768,0.0819598796666833,46
"M2",2016,4,0.211562807342447,0.408289151733414,0.0972374730991456,46
"M2",2016,5,0.167159169057052,0.361611264892541,0.105163094028427,46
"M2",2016,6,0.169335725428695,0.395526597550332,0.115222131517243,46
"M2",2016,7,0.211830399393541,0.381428378896116,0.123400681024696,46
"M2",2016,8,0.161850675381825,0.330900354984442,0.115547061004716,46
"M2",2016,9,0.189061164520559,0.338252722907493,0.126160495970366,46
"M2",2016,10,0.285271338106222,0.351801489449753,0.137344966244199,46
"M1",2015,3,-0.0809904730301376,0.481014643768023,0.0326223789971021,47
"M1",2015,4,0.0365108980424704,0.491671940331449,0.0416027358816787,47
"M1",2015,5,0.00666997637741487,0.539557190463379,0.0300388449828667,47
"M1",2015,6,0.0092738587307325,0.614236505111265,0.0243196158931318,47
"M1",2015,7,-0.00853700439129154,0.566523771508951,0.0268062142162768,47
"M1",2015,8,-0.0316610571190565,0.522661181832473,0.0220324074121192,47
"M1",2015,9,-0.0065649602490182,0.572017272049342,0.0230535282788906,47
"M1",2015,10,-0.0108941641361537,0.545960748354911,0.0201573924570413,47
"M2",2016,3,0.134762139097992,0.419044494994027,0.088526668904718,47
"M2",2016,4,0.204265610203653,0.422168441339488,0.0910177515881841,47
"M2",2016,5,0.16229710212085,0.39658578937052,0.104941143653617,47
"M2",2016,6,0.149321796170517,0.350519058938493,0.11566593625895,47
"M2",2016,7,0.210073464469124,0.337439623402251,0.118698602800666,47
"M2",2016,8,0.221874534018113,0.351368533549874,0.131293597085172,47
"M2",2016,9,0.199200008581289,0.287514815113085,0.136500793272338,47
"M2",2016,10,0.2035942808229,0.295222377052579,0.138871540977371,47
"M1",2015,3,0.00966438766299263,0.477700310008301,0.0348538504948491,48
"M1",2015,4,-0.00289775661442387,0.522983076751485,0.0418161598229573,48
"M1",2015,5,0.022846589079697,0.478503032477391,0.0316053318763955,48
"M1",2015,6,-0.0222258359303147,0.530096428104229,0.0303730281062666,48
"M1",2015,7,0.0234387545156086,0.516532177672694,0.0246831776629888,48
"M1",2015,8,0.00158710170592363,0.414792921686111,0.0201167275564236,48
"M1",2015,9,-0.0643646912686874,0.464781515893861,0.0224702001255275,48
"M1",2015,10,-0.0140831381461026,0.461935786080509,0.0202639563295489,48
"M2",2016,3,0.206825121210237,0.415863411077282,0.0958832230553336,48
"M2",2016,4,0.136698231985956,0.362921077104002,0.0976850036202897,48
"M2",2016,5,0.155410472598659,0.325849117511905,0.0964864057019676,48
"M2",2016,6,0.181100260371698,0.371526189341655,0.117996289848367,48
"M2",2016,7,0.189379300388933,0.32053603656536,0.117398130912464,48
"M2",2016,8,0.222032033741455,0.257102305158894,0.135046289389607,48
"M2",2016,9,0.250083110958061,0.391095081006914,0.129749884691525,48
"M2",2016,10,0.215357933470687,0.285990743006168,0.137963167472671,48
"M1",2015,3,0.0457674733377183,0.497063714392158,0.0380091352643185,49
"M1",2015,4,0.0227184687408223,0.508238615297617,0.0362357626941489,49
"M1",2015,5,0.0363797034539299,0.471093393155811,0.0329283388004606,49
"M1",2015,6,-0.0394305586927383,0.498297899099003,0.0249930466281974,49
"M1",2015,7,0.00559443516336394,0.530808428189023,0.0227840995808131,49
"M1",2015,8,0.0352368108615063,0.495964912890175,0.022387224708889,49
"M1",2015,9,0.0219462212639513,0.497352691047922,0.0182173243254816,49
"M1",2015,10,-0.0115567924330314,0.49672806177312,0.0182060355099246,49
"M2",2016,3,0.0907031793556289,0.358569672233789,0.0872675072046597,49
"M2",2016,4,0.139537472303134,0.344025672589691,0.105214236918415,49
"M2",2016,5,0.216333297169228,0.404514337032022,0.114225964064485,49
"M2",2016,6,0.185710671839196,0.347261388459546,0.126050805720632,49
"M2",2016,7,0.207776290044554,0.358092328475115,0.125118954645451,49
"M2",2016,8,0.23726269605286,0.30596431501982,0.131024311343478,49
"M2",2016,9,0.232769254876602,0.379565331778497,0.131713282596612,49
"M2",2016,10,0.233768078735503,0.315646435535455,0.134560665507366,49
"M1",2015,3,0.0647819424510831,0.45916828229033,0.0409652589911196,50
"M1",2015,4,0.00960111918075671,0.449088559337107,0.039595637503285,50
"M1",2015,5,0.0189566871875907,0.532530221897109,0.035928748554622,50
"M1",2015,6,0.0364983585577297,0.50711394665067,0.0238915466207626,50
"M1",2015,7,-0.00348254724215868,0.516912755518823,0.0255016234297211,50
"M1",2015,8,0.0382721554240648,0.514875039677001,0.0248235000494374,50
"M1",2015,9,-0.00250618746407566,0.441018763131749,0.0179814902137828,50
"M1",2015,10,-0.0163356074267851,0.473675343352262,0.0208493478162933,50
"M2",2016,3,0.176169955804677,0.443737931654748,0.0803853624402748,50
"M2",2016,4,0.127906402029121,0.428679548014361,0.089312915956271,50
"M2",2016,5,0.160317034023534,0.393845694752478,0.110273425317731,50
"M2",2016,6,0.180256586025079,0.394389217051842,0.119002576219074,50
"M2",2016,7,0.154274704194688,0.340760926529864,0.120655232337397,50
"M2",2016,8,0.187481798234728,0.350411585881616,0.120269774881164,50
"M2",2016,9,0.207632131405592,0.316310310040306,0.133271510375112,50
"M2",2016,10,0.204441960265532,0.294660637456395,0.133693059158848,50
