"sample_size","ban_year","county_id","n","att","attempt"
3,2014,"MA",5,-0.0588452611332719,1
4,2014,"MA",12,-0.0565079981270388,1
5,2014,"MA",18,-0.0525498951535657,1
6,2014,"MA",27,-0.0543224289612174,1
7,2014,"MA",23,-0.0545147771429586,1
8,2014,"MA",26,-0.0569861295558251,1
9,2014,"MA",19,-0.0567139915889702,1
10,2014,"MA",11,-0.0586987956589946,1
3,2014,"MA",4,-0.0620994914663275,2
4,2014,"MA",9,-0.0565079981270388,2
5,2014,"MA",17,-0.0576762252071453,2
6,2014,"MA",27,-0.0545072239538643,2
7,2014,"MA",25,-0.0536922773457758,2
8,2014,"MA",27,-0.056818530208691,2
9,2014,"MA",18,-0.058071272252056,2
10,2014,"MA",13,-0.0572748101895374,2
3,2014,"MA",4,-0.0620994914663275,3
4,2014,"MA",11,-0.0541376711676876,3
5,2014,"MA",22,-0.0525498951535657,3
6,2014,"MA",21,-0.0531556777643319,3
7,2014,"MA",26,-0.0539424544072681,3
8,2014,"MA",19,-0.056818530208691,3
9,2014,"MA",15,-0.0590965306019003,3
10,2014,"MA",12,-0.0579663852105418,3
3,2014,"MA",4,-0.0620994914663275,4
4,2014,"MA",9,-0.0574356261857353,4
5,2014,"MA",17,-0.055783712734816,4
6,2014,"MA",23,-0.0543224289612174,4
7,2014,"MA",23,-0.0550947554234484,4
8,2014,"MA",25,-0.0542811864922791,4
9,2014,"MA",22,-0.0584780996313928,4
10,2014,"MA",10,-0.0586987956589946,4
3,2014,"MA",4,-0.0620994914663275,5
4,2014,"MA",10,-0.0574356261857353,5
5,2014,"MA",19,-0.0538912002624866,5
6,2014,"MA",25,-0.0527631446196863,5
7,2014,"MA",28,-0.0538008349521227,5
8,2014,"MA",25,-0.0571537289029591,5
9,2014,"MA",21,-0.0577866818886454,5
10,2014,"MA",12,-0.0579663852105418,5
3,2014,"MA",4,-0.0620994914663275,6
4,2014,"MA",10,-0.0565079981270388,6
5,2014,"MA",20,-0.0532205477080261,6
6,2014,"MA",25,-0.0559680516614555,6
7,2014,"MA",26,-0.0538008349521227,6
8,2014,"MA",26,-0.0576171362398499,6
9,2014,"MA",20,-0.0581389029744363,6
10,2014,"MA",10,-0.0589501772779643,6
3,2014,"MA",4,-0.0620994914663275,7
4,2014,"MA",12,-0.0520460091416086,7
5,2014,"MA",16,-0.0525498951535657,7
6,2014,"MA",25,-0.0555416098588418,7
7,2014,"MA",28,-0.0533758574987566,7
8,2014,"MA",23,-0.056818530208691,7
9,2014,"MA",17,-0.0581389029744363,7
10,2014,"MA",12,-0.0586987956589946,7
3,2014,"MA",4,-0.0501290112170909,8
4,2014,"MA",10,-0.0574356261857353,8
5,2014,"MA",21,-0.0538912002624866,8
6,2014,"MA",26,-0.0559633187284679,8
7,2014,"MA",20,-0.0526200606735254,8
8,2014,"MA",23,-0.0582160253220396,8
9,2014,"MA",20,-0.0582978133067222,8
10,2014,"MA",11,-0.0586987956589946,8
3,2014,"MA",3,-0.0620994914663275,9
4,2014,"MA",9,-0.0565079981270388,9
5,2014,"MA",20,-0.0525498951535657,9
6,2014,"MA",24,-0.0545072239538643,9
7,2014,"MA",24,-0.0524205525082209,9
8,2014,"MA",21,-0.056818530208691,9
9,2014,"MA",20,-0.0581389029744363,9
10,2014,"MA",12,-0.0589501772779643,9
3,2014,"MA",4,-0.0620994914663275,10
4,2014,"MA",10,-0.0565079981270388,10
5,2014,"MA",22,-0.0532205477080261,10
6,2014,"MA",25,-0.0542032382225887,10
7,2014,"MA",28,-0.0559250881686171,10
8,2014,"MA",23,-0.056402184647058,10
9,2014,"MA",14,-0.0588172962883494,10
10,2014,"MA",10,-0.0586987956589946,10
3,2014,"MA",4,-0.0620994914663275,11
4,2014,"MA",13,-0.0542770036343237,11
5,2014,"MA",18,-0.0587699339591281,11
6,2014,"MA",24,-0.0544148264575408,11
7,2014,"MA",23,-0.0522040204505136,11
8,2014,"MA",22,-0.0580509452398443,11
9,2014,"MA",22,-0.0585575547975358,11
10,2014,"MA",10,-0.0586987956589946,11
3,2014,"MA",4,-0.0620994914663275,12
4,2014,"MA",11,-0.0565079981270388,12
5,2014,"MA",18,-0.0540021740519387,12
6,2014,"MA",23,-0.0553479085034334,12
7,2014,"MA",25,-0.0545147771429586,12
8,2014,"MA",27,-0.0549310465565281,12
9,2014,"MA",23,-0.0582978133067222,12
10,2014,"MA",9,-0.0586987956589946,12
3,2014,"MA",4,-0.0620994914663275,13
4,2014,"MA",11,-0.0565079981270388,13
5,2014,"MA",16,-0.0584826825143168,13
6,2014,"MA",25,-0.0543224289612174,13
7,2014,"MA",30,-0.0542588742542872,13
8,2014,"MA",27,-0.0576171362398499,13
9,2014,"MA",18,-0.0567139915889702,13
10,2014,"MA",13,-0.0589501772779643,13
3,2014,"MA",4,-0.0620994914663275,14
4,2014,"MA",9,-0.0565079981270388,14
5,2014,"MA",23,-0.0576762252071453,14
6,2014,"MA",22,-0.055287764706583,14
7,2014,"MA",22,-0.0540704058516037,14
8,2014,"MA",24,-0.0578935207575407,14
9,2014,"MA",23,-0.058071272252056,14
10,2014,"MA",11,-0.0586987956589946,14
3,2014,"MA",5,-0.0588452611332719,15
4,2014,"MA",11,-0.0565079981270388,15
5,2014,"MA",18,-0.0525498951535657,15
6,2014,"MA",27,-0.0545072239538643,15
7,2014,"MA",24,-0.0522920445238139,15
8,2014,"MA",25,-0.056402184647058,15
9,2014,"MA",20,-0.0582978133067222,15
10,2014,"MA",12,-0.0589501772779643,15
3,2014,"MA",3,-0.0620994914663275,16
4,2014,"MA",10,-0.0517673442083364,16
5,2014,"MA",14,-0.0610181723932578,16
6,2014,"MA",24,-0.0543224289612174,16
7,2014,"MA",29,-0.0533758574987566,16
8,2014,"MA",29,-0.0546061735561566,16
9,2014,"MA",18,-0.0581389029744363,16
10,2014,"MA",11,-0.0572748101895374,16
3,2014,"MA",3,-0.0620994914663275,17
4,2014,"MA",11,-0.0574356261857353,17
5,2014,"MA",20,-0.0538912002624866,17
6,2014,"MA",22,-0.0543224289612174,17
7,2014,"MA",26,-0.0543395213455397,17
8,2014,"MA",25,-0.0609815990134295,17
9,2014,"MA",18,-0.058071272252056,17
10,2014,"MA",12,-0.0586987956589946,17
3,2014,"MA",4,-0.0501290112170909,18
4,2014,"MA",10,-0.0574356261857353,18
5,2014,"MA",19,-0.0541131478413908,18
6,2014,"MA",25,-0.055287764706583,18
7,2014,"MA",27,-0.0542991977999134,18
8,2014,"MA",22,-0.056818530208691,18
9,2014,"MA",19,-0.0581389029744363,18
10,2014,"MA",10,-0.057986802924266,18
3,2014,"MA",4,-0.0620994914663275,19
4,2014,"MA",9,-0.0565079981270388,19
5,2014,"MA",20,-0.0532205477080261,19
6,2014,"MA",24,-0.0553178366050082,19
7,2014,"MA",26,-0.0524205525082209,19
8,2014,"MA",24,-0.0540814261526125,19
9,2014,"MA",18,-0.0590344357601446,19
10,2014,"MA",11,-0.0586987956589946,19
3,2014,"MA",4,-0.0620994914663275,20
4,2014,"MA",10,-0.056971812156387,20
5,2014,"MA",19,-0.0558946865242681,20
6,2014,"MA",19,-0.0562848469668202,20
7,2014,"MA",24,-0.0536260345602489,20
8,2014,"MA",22,-0.0559858390854251,20
9,2014,"MA",17,-0.0582978133067222,20
10,2014,"MA",15,-0.0586987956589946,20
3,2014,"MA",4,-0.0620994914663275,21
4,2014,"MA",8,-0.0565079981270388,21
5,2014,"MA",17,-0.0525498951535657,21
6,2014,"MA",25,-0.0553479085034334,21
7,2014,"MA",28,-0.0524205525082209,21
8,2014,"MA",30,-0.0546061735561566,21
9,2014,"MA",21,-0.057358816559323,21
10,2014,"MA",9,-0.0586987956589946,21
3,2014,"MA",4,-0.0561142513417092,22
4,2014,"MA",12,-0.0565079981270388,22
5,2014,"MA",18,-0.0576762252071453,22
6,2014,"MA",26,-0.0542032382225887,22
7,2014,"MA",25,-0.0545147771429586,22
8,2014,"MA",25,-0.0599026946898701,22
9,2014,"MA",19,-0.057358816559323,22
10,2014,"MA",8,-0.057986802924266,22
3,2014,"MA",4,-0.0620994914663275,23
4,2014,"MA",9,-0.0574356261857353,23
5,2014,"MA",19,-0.0541131478413908,23
6,2014,"MA",27,-0.0557524642936549,23
7,2014,"MA",28,-0.0545147771429586,23
8,2014,"MA",25,-0.0549310465565281,23
9,2014,"MA",18,-0.0585575547975358,23
10,2014,"MA",9,-0.0586987956589946,23
3,2014,"MA",4,-0.0620994914663275,24
4,2014,"MA",9,-0.0565079981270388,24
5,2014,"MA",18,-0.055783712734816,24
6,2014,"MA",28,-0.0553178366050082,24
7,2014,"MA",25,-0.054029854603205,24
8,2014,"MA",26,-0.0542813005557851,24
9,2014,"MA",17,-0.0567139915889702,24
10,2014,"MA",11,-0.0589501772779643,24
3,2014,"MA",4,-0.0620994914663275,25
4,2014,"MA",8,-0.0574356261857353,25
5,2014,"MA",20,-0.0538912002624866,25
6,2014,"MA",22,-0.0559633187284679,25
7,2014,"MA",23,-0.0529029094247328,25
8,2014,"MA",28,-0.0569861295558251,25
9,2014,"MA",19,-0.0582978133067222,25
10,2014,"MA",11,-0.0586987956589946,25
3,2014,"MA",4,-0.0561142513417092,26
4,2014,"MA",10,-0.0565079981270388,26
5,2014,"MA",19,-0.051270179420097,26
6,2014,"MA",26,-0.0559633187284679,26
7,2014,"MA",23,-0.0531230476168871,26
8,2014,"MA",22,-0.0559858390854251,26
9,2014,"MA",19,-0.0580036415296758,26
10,2014,"MA",8,-0.0572748101895374,26
3,2014,"MA",5,-0.0588452611332719,27
4,2014,"MA",12,-0.0520460091416086,27
5,2014,"MA",18,-0.0509090585293928,27
6,2014,"MA",24,-0.0556556136159507,27
7,2014,"MA",30,-0.0533758574987566,27
8,2014,"MA",29,-0.0576766162575435,27
9,2014,"MA",20,-0.0585575547975358,27
10,2014,"MA",9,-0.0586987956589946,27
3,2014,"MA",4,-0.0620994914663275,28
4,2014,"MA",9,-0.0565079981270388,28
5,2014,"MA",21,-0.0532205477080261,28
6,2014,"MA",25,-0.055287764706583,28
7,2014,"MA",25,-0.0543395213455397,28
8,2014,"MA",27,-0.0581272568926348,28
9,2014,"MA",16,-0.0580036415296758,28
10,2014,"MA",13,-0.0586987956589946,28
3,2014,"MA",4,-0.0620994914663275,29
4,2014,"MA",11,-0.0565079981270388,29
5,2014,"MA",19,-0.0558946865242681,29
6,2014,"MA",24,-0.0557524642936549,29
7,2014,"MA",31,-0.0543395213455397,29
8,2014,"MA",27,-0.0559858390854251,29
9,2014,"MA",18,-0.0582183581405792,29
10,2014,"MA",9,-0.0586987956589946,29
3,2014,"MA",4,-0.0620994914663275,30
4,2014,"MA",8,-0.0574356261857353,30
5,2014,"MA",16,-0.055783712734816,30
6,2014,"MA",27,-0.0548050968339002,30
7,2014,"MA",30,-0.0537134347561858,30
8,2014,"MA",23,-0.0571537289029591,30
9,2014,"MA",19,-0.0581389029744363,30
10,2014,"MA",13,-0.0579663852105418,30
3,2014,"MA",4,-0.0501290112170909,31
4,2014,"MA",11,-0.0541376711676876,31
5,2014,"MA",23,-0.0525498951535657,31
6,2014,"MA",24,-0.0559633187284679,31
7,2014,"MA",31,-0.0523325284349205,31
8,2014,"MA",24,-0.0546061165244036,31
9,2014,"MA",19,-0.0581389029744363,31
10,2014,"MA",12,-0.0572748101895374,31
3,2014,"MA",4,-0.0620994914663275,32
4,2014,"MA",13,-0.0517673442083364,32
5,2014,"MA",22,-0.0584826825143168,32
6,2014,"MA",30,-0.055287764706583,32
7,2014,"MA",26,-0.0543395213455397,32
8,2014,"MA",21,-0.0571537289029591,32
9,2014,"MA",20,-0.0582183581405792,32
10,2014,"MA",10,-0.057986802924266,32
3,2014,"MA",4,-0.0620994914663275,33
4,2014,"MA",12,-0.0565079981270388,33
5,2014,"MA",17,-0.0538912002624866,33
6,2014,"MA",26,-0.0553479085034334,33
7,2014,"MA",24,-0.0545147771429586,33
8,2014,"MA",28,-0.0580509452398443,33
9,2014,"MA",17,-0.0581389029744363,33
10,2014,"MA",8,-0.0568057672900645,33
3,2014,"MA",4,-0.0620994914663275,34
4,2014,"MA",10,-0.0565079981270388,34
5,2014,"MA",18,-0.0576762252071453,34
6,2014,"MA",27,-0.0548050968339002,34
7,2014,"MA",28,-0.0557036325956137,34
8,2014,"MA",25,-0.0571537289029591,34
9,2014,"MA",22,-0.0590344357601446,34
10,2014,"MA",9,-0.0586987956589946,34
3,2014,"MA",5,-0.0620994914663275,35
4,2014,"MA",11,-0.0565079981270388,35
5,2014,"MA",19,-0.058079453860731,35
6,2014,"MA",24,-0.0545072239538643,35
7,2014,"MA",26,-0.0537134347561858,35
8,2014,"MA",26,-0.056818530208691,35
9,2014,"MA",19,-0.0567139915889702,35
10,2014,"MA",12,-0.0589501772779643,35
3,2014,"MA",4,-0.0620994914663275,36
4,2014,"MA",13,-0.0565079981270388,36
5,2014,"MA",17,-0.058079453860731,36
6,2014,"MA",24,-0.0545072239538643,36
7,2014,"MA",25,-0.0532644719924909,36
8,2014,"MA",27,-0.056818530208691,36
9,2014,"MA",18,-0.0585575547975358,36
10,2014,"MA",9,-0.0568057672900645,36
3,2014,"MA",4,-0.0620994914663275,37
4,2014,"MA",11,-0.056971812156387,37
5,2014,"MA",16,-0.0584826825143168,37
6,2014,"MA",26,-0.0556556136159507,37
7,2014,"MA",25,-0.0544271492442491,37
8,2014,"MA",20,-0.0580509452398443,37
9,2014,"MA",18,-0.0581389029744363,37
10,2014,"MA",14,-0.0607107609786321,37
3,2014,"MA",4,-0.0501290112170909,38
4,2014,"MA",12,-0.0565079981270388,38
5,2014,"MA",22,-0.0538912002624866,38
6,2014,"MA",25,-0.0541108407262652,38
7,2014,"MA",25,-0.0536260345602489,38
8,2014,"MA",27,-0.0551335698206051,38
9,2014,"MA",18,-0.0567139915889702,38
10,2014,"MA",11,-0.0572748101895374,38
3,2014,"MA",4,-0.0620994914663275,39
4,2014,"MA",10,-0.0574356261857353,39
5,2014,"MA",15,-0.0576762252071453,39
6,2014,"MA",25,-0.0531556777643319,39
7,2014,"MA",24,-0.0536922773457758,39
8,2014,"MA",27,-0.0580509452398443,39
9,2014,"MA",19,-0.0581389029744363,39
10,2014,"MA",10,-0.0589501772779643,39
3,2014,"MA",3,-0.0620994914663275,40
4,2014,"MA",10,-0.0565079981270388,40
5,2014,"MA",12,-0.0538912002624866,40
6,2014,"MA",20,-0.0543224289612174,40
7,2014,"MA",25,-0.0545147771429586,40
8,2014,"MA",19,-0.056818530208691,40
9,2014,"MA",22,-0.0582978133067222,40
10,2014,"MA",10,-0.057986802924266,40
3,2014,"MA",3,-0.0620994914663275,41
4,2014,"MA",10,-0.056971812156387,41
5,2014,"MA",20,-0.0532205477080261,41
6,2014,"MA",30,-0.0544148264575408,41
7,2014,"MA",26,-0.0543395213455397,41
8,2014,"MA",23,-0.0583811054042349,41
9,2014,"MA",21,-0.0588172962883494,41
10,2014,"MA",9,-0.0570402887398009,41
3,2014,"MA",4,-0.0620994914663275,42
4,2014,"MA",12,-0.056971812156387,42
5,2014,"MA",17,-0.0538912002624866,42
6,2014,"MA",19,-0.0506516763257485,42
7,2014,"MA",23,-0.0538008349521227,42
8,2014,"MA",30,-0.0573854325714045,42
9,2014,"MA",17,-0.058071272252056,42
10,2014,"MA",9,-0.0589501772779643,42
3,2014,"MA",3,-0.0620994914663275,43
4,2014,"MA",10,-0.0565079981270388,43
5,2014,"MA",20,-0.0541131478413908,43
6,2014,"MA",27,-0.0535274651278225,43
7,2014,"MA",26,-0.0528728705553949,43
8,2014,"MA",21,-0.0576171362398499,43
9,2014,"MA",17,-0.0590344357601446,43
10,2014,"MA",10,-0.0572748101895374,43
3,2014,"MA",5,-0.0588452611332719,44
4,2014,"MA",10,-0.0574356261857353,44
5,2014,"MA",19,-0.055783712734816,44
6,2014,"MA",25,-0.0532823464298852,44
7,2014,"MA",24,-0.054029854603205,44
8,2014,"MA",23,-0.056818530208691,44
9,2014,"MA",22,-0.0577866818886454,44
10,2014,"MA",9,-0.0572748101895374,44
3,2014,"MA",4,-0.0620994914663275,45
4,2014,"MA",10,-0.0565079981270388,45
5,2014,"MA",17,-0.0584826825143168,45
6,2014,"MA",26,-0.0545072239538643,45
7,2014,"MA",26,-0.0532644719924909,45
8,2014,"MA",25,-0.056818530208691,45
9,2014,"MA",20,-0.0582978133067222,45
10,2014,"MA",11,-0.0572748101895374,45
3,2014,"MA",4,-0.0620994914663275,46
4,2014,"MA",10,-0.056971812156387,46
5,2014,"MA",18,-0.0538912002624866,46
6,2014,"MA",25,-0.0555416098588418,46
7,2014,"MA",30,-0.0542588742542872,46
8,2014,"MA",25,-0.0559858390854251,46
9,2014,"MA",19,-0.0585575547975358,46
10,2014,"MA",10,-0.0589501772779643,46
3,2014,"MA",4,-0.0620994914663275,47
4,2014,"MA",11,-0.0565079981270388,47
5,2014,"MA",17,-0.0587699339591281,47
6,2014,"MA",21,-0.0538992524913131,47
7,2014,"MA",26,-0.0537134347561858,47
8,2014,"MA",25,-0.0549310465565281,47
9,2014,"MA",19,-0.057358816559323,47
10,2014,"MA",11,-0.057986802924266,47
3,2014,"MA",4,-0.0620994914663275,48
4,2014,"MA",10,-0.0574356261857353,48
5,2014,"MA",17,-0.0584826825143168,48
6,2014,"MA",20,-0.0545072239538643,48
7,2014,"MA",23,-0.0531256804372644,48
8,2014,"MA",28,-0.056402184647058,48
9,2014,"MA",20,-0.057358816559323,48
10,2014,"MA",10,-0.0572748101895374,48
3,2014,"MA",4,-0.0501290112170909,49
4,2014,"MA",11,-0.0517673442083364,49
5,2014,"MA",18,-0.0538912002624866,49
6,2014,"MA",21,-0.0556255417175255,49
7,2014,"MA",27,-0.0542991977999134,49
8,2014,"MA",23,-0.056402184647058,49
9,2014,"MA",23,-0.0582978133067222,49
10,2014,"MA",8,-0.057986802924266,49
3,2014,"MA",4,-0.0501290112170909,50
4,2014,"MA",9,-0.0565079981270388,50
5,2014,"MA",22,-0.058079453860731,50
6,2014,"MA",27,-0.0559680516614555,50
7,2014,"MA",29,-0.0533758574987566,50
8,2014,"MA",27,-0.0577360962752372,50
9,2014,"MA",16,-0.058071272252056,50
10,2014,"MA",10,-0.0572748101895374,50
3,2016,"CA",3,0.0545472970112446,1
4,2016,"CA",9,0.063892195475938,1
5,2016,"CA",19,0.0166946492718146,1
6,2016,"CA",25,0.0241061502133454,1
7,2016,"CA",25,0.0360209974245915,1
8,2016,"CA",26,0.041516347473106,1
9,2016,"CA",13,0.0485312928926414,1
10,2016,"CA",10,0.0545217531684907,1
3,2016,"CA",4,0.050075527951332,2
4,2016,"CA",11,0.063892195475938,2
5,2016,"CA",20,0.0237244051861594,2
6,2016,"CA",23,0.0269234556750073,2
7,2016,"CA",28,0.0366310482450282,2
8,2016,"CA",30,0.0413766917604873,2
9,2016,"CA",17,0.0476706450506713,2
10,2016,"CA",9,0.0545217531684907,2
3,2016,"CA",4,0.050075527951332,3
4,2016,"CA",11,0.0640377491056494,3
5,2016,"CA",17,0.0146204946571975,3
6,2016,"CA",23,0.0259515912696977,3
7,2016,"CA",31,0.036060431395496,3
8,2016,"CA",27,0.0414814854029414,3
9,2016,"CA",22,0.0480693389683798,3
10,2016,"CA",9,0.0545217531684907,3
3,2016,"CA",4,0.0545472970112446,4
4,2016,"CA",9,0.063892195475938,4
5,2016,"CA",18,0.01648145227267,4
6,2016,"CA",25,0.0250701157519449,4
7,2016,"CA",26,0.0329247447455451,4
8,2016,"CA",24,0.0401137802330355,4
9,2016,"CA",16,0.0485941239949665,4
10,2016,"CA",12,0.0545217531684907,4
3,2016,"CA",5,0.0545472970112446,5
4,2016,"CA",9,0.0639649722907937,5
5,2016,"CA",16,0.0146204946571975,5
6,2016,"CA",23,0.0241061502133454,5
7,2016,"CA",27,0.0344040265812776,5
8,2016,"CA",26,0.0407452359967614,5
9,2016,"CA",18,0.0484682988911484,5
10,2016,"CA",8,0.0546364679607567,5
3,2016,"CA",4,0.050075527951332,6
4,2016,"CA",11,0.0547694113278329,6
5,2016,"CA",17,0.015657571964506,6
6,2016,"CA",25,0.0268782612312288,6
7,2016,"CA",29,0.0360209974245915,6
8,2016,"CA",27,0.0430215374596441,6
9,2016,"CA",14,0.0476706450506713,6
10,2016,"CA",8,0.0536942924211194,6
3,2016,"CA",4,0.0523114124812883,7
4,2016,"CA",9,0.063892195475938,7
5,2016,"CA",18,0.0165880507722423,7
6,2016,"CA",26,0.0230415408272,7
7,2016,"CA",29,0.0351334434338384,7
8,2016,"CA",24,0.0401137802330355,7
9,2016,"CA",17,0.0484053048896554,7
10,2016,"CA",10,0.0536942924211194,7
3,2016,"CA",5,0.0545472970112446,8
4,2016,"CA",12,0.0643297837365706,8
5,2016,"CA",19,0.0145895051233367,8
6,2016,"CA",28,0.0254947163131562,8
7,2016,"CA",27,0.036060431395496,8
8,2016,"CA",22,0.041516347473106,8
9,2016,"CA",18,0.0484053048896554,8
10,2016,"CA",10,0.0528668316737481,8
3,2016,"CA",4,0.0545472970112446,9
4,2016,"CA",9,0.063892195475938,9
5,2016,"CA",24,0.0211914108011991,9
6,2016,"CA",22,0.0271047827559199,9
7,2016,"CA",24,0.0329018020923725,9
8,2016,"CA",25,0.0414115538306519,9
9,2016,"CA",17,0.0484053048896554,9
10,2016,"CA",10,0.0546650720091083,9
3,2016,"CA",4,0.050075527951332,10
4,2016,"CA",14,0.0522743986977017,10
5,2016,"CA",22,0.0237244051861594,10
6,2016,"CA",28,0.0268330667874504,10
7,2016,"CA",26,0.0351334434338384,10
8,2016,"CA",26,0.0428803291829632,10
9,2016,"CA",16,0.0477333730471041,10
10,2016,"CA",13,0.0545217531684907,10
3,2016,"CA",4,0.0523114124812883,11
4,2016,"CA",10,0.0640377491056494,11
5,2016,"CA",20,0.0165880507722423,11
6,2016,"CA",27,0.0246868520917381,11
7,2016,"CA",26,0.0366310482450282,11
8,2016,"CA",27,0.0422734149975133,11
9,2016,"CA",18,0.0477333730471041,11
10,2016,"CA",11,0.0545791105646237,11
3,2016,"CA",4,0.0545472970112446,12
4,2016,"CA",10,0.06418376642111,12
5,2016,"CA",16,0.0211914108011991,12
6,2016,"CA",21,0.0232599468851758,12
7,2016,"CA",26,0.0343643675231333,12
8,2016,"CA",17,0.041516347473106,12
9,2016,"CA",21,0.0484053048896554,12
10,2016,"CA",10,0.0536942924211194,12
3,2016,"CA",4,0.0545472970112446,13
4,2016,"CA",9,0.0640377491056494,13
5,2016,"CA",17,0.0166946492718146,13
6,2016,"CA",24,0.0250701157519449,13
7,2016,"CA",29,0.0343643675231333,13
8,2016,"CA",21,0.0415862790453955,13
9,2016,"CA",13,0.0470679567841718,13
10,2016,"CA",8,0.0545217531684907,13
3,2016,"CA",5,0.0545472970112446,14
4,2016,"CA",10,0.0643297837365706,14
5,2016,"CA",23,0.021254202946149,14
6,2016,"CA",25,0.0268330667874504,14
7,2016,"CA",21,0.0329247447455451,14
8,2016,"CA",30,0.0430565097491722,14
9,2016,"CA",20,0.0484682988911484,14
10,2016,"CA",11,0.0536942924211194,14
3,2016,"CA",5,0.0545472970112446,15
4,2016,"CA",11,0.06418376642111,15
5,2016,"CA",21,0.0201983841705362,15
6,2016,"CA",27,0.0259515912696977,15
7,2016,"CA",27,0.0360998653664006,15
8,2016,"CA",21,0.0414115538306519,15
9,2016,"CA",21,0.0484053048896554,15
10,2016,"CA",10,0.0545217531684907,15
3,2016,"CA",4,0.0545472970112446,16
4,2016,"CA",9,0.0640377491056494,16
5,2016,"CA",22,0.0224893040661542,16
6,2016,"CA",24,0.0232599468851758,16
7,2016,"CA",27,0.0359419288554954,16
8,2016,"CA",22,0.0422734149975133,16
9,2016,"CA",21,0.0484682988911484,16
10,2016,"CA",11,0.0528668316737481,16
3,2016,"CA",5,0.0545472970112446,17
4,2016,"CA",10,0.06418376642111,17
5,2016,"CA",18,0.0192053575398733,17
6,2016,"CA",26,0.0268782612312288,17
7,2016,"CA",29,0.0336758569899976,17
8,2016,"CA",25,0.0418598231570175,17
9,2016,"CA",20,0.0484682988911484,17
10,2016,"CA",11,0.0528668316737481,17
3,2016,"CA",4,0.050075527951332,18
4,2016,"CA",10,0.06418376642111,18
5,2016,"CA",14,0.0145585155894759,18
6,2016,"CA",25,0.0269499133447822,18
7,2016,"CA",25,0.0343643675231333,18
8,2016,"CA",28,0.0415862790453955,18
9,2016,"CA",19,0.0484053048896554,18
10,2016,"CA",10,0.0546364679607567,18
3,2016,"CA",5,0.0545472970112446,19
4,2016,"CA",12,0.0640377491056494,19
5,2016,"CA",17,0.0146204946571975,19
6,2016,"CA",22,0.0241061502133454,19
7,2016,"CA",23,0.0360209974245915,19
8,2016,"CA",24,0.0414464159008165,19
9,2016,"CA",23,0.0491143416610947,19
10,2016,"CA",11,0.0520857680501018,19
3,2016,"CA",3,0.0545472970112446,20
4,2016,"CA",9,0.063892195475938,20
5,2016,"CA",17,0.0192053575398733,20
6,2016,"CA",26,0.0232862161134627,20
7,2016,"CA",27,0.0343247084649891,20
8,2016,"CA",26,0.0430215374596441,20
9,2016,"CA",19,0.0491143416610947,20
10,2016,"CA",8,0.0546364679607567,20
3,2016,"CA",3,0.0545472970112446,21
4,2016,"CA",11,0.0547694113278329,21
5,2016,"CA",18,0.0166946492718146,21
6,2016,"CA",23,0.0237093177775475,21
7,2016,"CA",28,0.0360019982767405,21
8,2016,"CA",20,0.0415862790453955,21
9,2016,"CA",21,0.0485312928926414,21
10,2016,"CA",10,0.0528668316737481,21
3,2016,"CA",4,0.050075527951332,22
4,2016,"CA",12,0.063892195475938,22
5,2016,"CA",22,0.0259260871557674,22
6,2016,"CA",28,0.0268782612312288,22
7,2016,"CA",29,0.0355207306850156,22
8,2016,"CA",24,0.0443904734890824,22
9,2016,"CA",19,0.0485312928926414,22
10,2016,"CA",8,0.0546364679607567,22
3,2016,"CA",4,0.0545472970112446,23
4,2016,"CA",10,0.063892195475938,23
5,2016,"CA",16,0.0145895051233367,23
6,2016,"CA",24,0.0232862161134627,23
7,2016,"CA",25,0.036259157506261,23
8,2016,"CA",28,0.0415862790453955,23
9,2016,"CA",17,0.0484053048896554,23
10,2016,"CA",10,0.0545217531684907,23
3,2016,"CA",4,0.0545472970112446,24
4,2016,"CA",12,0.0639649722907937,24
5,2016,"CA",19,0.0166946492718146,24
6,2016,"CA",20,0.0241061502133454,24
7,2016,"CA",26,0.0347516547743105,24
8,2016,"CA",24,0.0414115538306519,24
9,2016,"CA",20,0.0504183372807112,24
10,2016,"CA",9,0.0545217531684907,24
3,2016,"CA",5,0.050075527951332,25
4,2016,"CA",12,0.063892195475938,25
5,2016,"CA",20,0.0165880507722423,25
6,2016,"CA",19,0.0268782612312288,25
7,2016,"CA",30,0.0347913138324548,25
8,2016,"CA",21,0.0411433556773959,25
9,2016,"CA",20,0.0484682988911484,25
10,2016,"CA",8,0.0546364679607567,25
3,2016,"CA",3,0.0545472970112446,26
4,2016,"CA",9,0.063892195475938,26
5,2016,"CA",19,0.0166946492718146,26
6,2016,"CA",23,0.0268330667874504,26
7,2016,"CA",24,0.0343643675231333,26
8,2016,"CA",26,0.0430215374596441,26
9,2016,"CA",16,0.0477020090488877,26
10,2016,"CA",10,0.0524762998619249,26
3,2016,"CA",4,0.0545472970112446,27
4,2016,"CA",10,0.063892195475938,27
5,2016,"CA",18,0.0179500034058439,27
6,2016,"CA",22,0.0248784839218415,27
7,2016,"CA",30,0.0344040265812776,27
8,2016,"CA",29,0.0430565097491722,27
9,2016,"CA",15,0.0480693389683798,27
10,2016,"CA",9,0.0546364679607567,27
3,2016,"CA",5,0.0545472970112446,28
4,2016,"CA",12,0.063892195475938,28
5,2016,"CA",19,0.0192053575398733,28
6,2016,"CA",24,0.0268782612312288,28
7,2016,"CA",25,0.0329018020923725,28
8,2016,"CA",25,0.0414464159008165,28
9,2016,"CA",15,0.0484682988911484,28
10,2016,"CA",12,0.0545217531684907,28
3,2016,"CA",4,0.0545472970112446,29
4,2016,"CA",9,0.063892195475938,29
5,2016,"CA",22,0.0224579079936792,29
6,2016,"CA",25,0.0246868520917381,29
7,2016,"CA",25,0.0336529143368251,29
8,2016,"CA",24,0.0409100195943045,29
9,2016,"CA",18,0.0484053048896554,29
10,2016,"CA",10,0.0546364679607567,29
3,2016,"CA",4,0.050075527951332,30
4,2016,"CA",10,0.063892195475938,30
5,2016,"CA",19,0.0145585155894759,30
6,2016,"CA",29,0.0270405768852385,30
7,2016,"CA",25,0.0336361979318534,30
8,2016,"CA",22,0.0411433556773959,30
9,2016,"CA",17,0.0476706450506713,30
10,2016,"CA",10,0.0545217531684907,30
3,2016,"CA",5,0.0545472970112446,31
4,2016,"CA",12,0.0593308034018854,31
5,2016,"CA",20,0.0179500034058439,31
6,2016,"CA",20,0.0230415408272,31
7,2016,"CA",27,0.0343643675231333,31
8,2016,"CA",22,0.041516347473106,31
9,2016,"CA",20,0.0484682988911484,31
10,2016,"CA",13,0.0546364679607567,31
3,2016,"CA",5,0.0545472970112446,32
4,2016,"CA",12,0.063892195475938,32
5,2016,"CA",20,0.0259260871557674,32
6,2016,"CA",23,0.0245881329826451,32
7,2016,"CA",31,0.0344040265812776,32
8,2016,"CA",23,0.0425768720902383,32
9,2016,"CA",15,0.0476706450506713,32
10,2016,"CA",10,0.0528668316737481,32
3,2016,"CA",3,0.0545472970112446,33
4,2016,"CA",10,0.0640377491056494,33
5,2016,"CA",21,0.0192053575398733,33
6,2016,"CA",22,0.0232862161134627,33
7,2016,"CA",29,0.0344040265812776,33
8,2016,"CA",28,0.0414115538306519,33
9,2016,"CA",17,0.0485627084438039,33
10,2016,"CA",12,0.0536942924211194,33
3,2016,"CA",4,0.0545472970112446,34
4,2016,"CA",10,0.063892195475938,34
5,2016,"CA",21,0.0201983841705362,34
6,2016,"CA",24,0.0250701157519449,34
7,2016,"CA",26,0.0328232088810774,34
8,2016,"CA",23,0.0425768720902383,34
9,2016,"CA",22,0.0484053048896554,34
10,2016,"CA",11,0.0545791105646237,34
3,2016,"CA",3,0.0545472970112446,35
4,2016,"CA",13,0.0639649722907937,35
5,2016,"CA",18,0.0179500034058439,35
6,2016,"CA",23,0.0243965011525417,35
7,2016,"CA",22,0.0344040265812776,35
8,2016,"CA",25,0.0414115538306519,35
9,2016,"CA",19,0.0480693389683798,35
10,2016,"CA",10,0.0524762998619249,35
3,2016,"CA",4,0.0545472970112446,36
4,2016,"CA",10,0.063892195475938,36
5,2016,"CA",19,0.0166946492718146,36
6,2016,"CA",23,0.0250701157519449,36
7,2016,"CA",23,0.0310586618075205,36
8,2016,"CA",25,0.0413766917604873,36
9,2016,"CA",13,0.0480693389683798,36
10,2016,"CA",9,0.0545217531684907,36
3,2016,"CA",4,0.0545472970112446,37
4,2016,"CA",10,0.0547694113278329,37
5,2016,"CA",18,0.015657571964506,37
6,2016,"CA",23,0.0268330667874504,37
7,2016,"CA",26,0.0361795114363308,37
8,2016,"CA",27,0.0428803291829632,37
9,2016,"CA",22,0.0485941239949665,37
10,2016,"CA",10,0.0546650720091083,37
3,2016,"CA",4,0.0545472970112446,38
4,2016,"CA",10,0.063892195475938,38
5,2016,"CA",19,0.0237244051861594,38
6,2016,"CA",26,0.0268330667874504,38
7,2016,"CA",23,0.0329018020923725,38
8,2016,"CA",25,0.0422734149975133,38
9,2016,"CA",17,0.0485312928926414,38
10,2016,"CA",11,0.0528668316737481,38
3,2016,"CA",4,0.0545472970112446,39
4,2016,"CA",12,0.0640377491056494,39
5,2016,"CA",20,0.01648145227267,39
6,2016,"CA",23,0.0241061502133454,39
7,2016,"CA",33,0.0336361979318534,39
8,2016,"CA",23,0.0409100195943045,39
9,2016,"CA",21,0.0484682988911484,39
10,2016,"CA",12,0.0545217531684907,39
3,2016,"CA",4,0.0545472970112446,40
4,2016,"CA",9,0.0640377491056494,40
5,2016,"CA",18,0.0145585155894759,40
6,2016,"CA",22,0.0269234556750073,40
7,2016,"CA",25,0.0359419288554954,40
8,2016,"CA",25,0.04051189991367,40
9,2016,"CA",18,0.0496345593272229,40
10,2016,"CA",12,0.0546364679607567,40
3,2016,"CA",5,0.0545472970112446,41
4,2016,"CA",10,0.0640377491056494,41
5,2016,"CA",20,0.0166946492718146,41
6,2016,"CA",21,0.0246868520917381,41
7,2016,"CA",34,0.0366310482450282,41
8,2016,"CA",23,0.0428803291829632,41
9,2016,"CA",17,0.0485941239949665,41
10,2016,"CA",9,0.0546364679607567,41
3,2016,"CA",5,0.0545472970112446,42
4,2016,"CA",9,0.063892195475938,42
5,2016,"CA",18,0.0146204946571975,42
6,2016,"CA",23,0.0268330667874504,42
7,2016,"CA",28,0.0358628602863993,42
8,2016,"CA",25,0.0428803291829632,42
9,2016,"CA",21,0.0491327686043679,42
10,2016,"CA",11,0.0528668316737481,42
3,2016,"CA",4,0.050075527951332,43
4,2016,"CA",10,0.063892195475938,43
5,2016,"CA",18,0.0201983841705362,43
6,2016,"CA",27,0.0250701157519449,43
7,2016,"CA",28,0.035178601083632,43
8,2016,"CA",24,0.0401137802330355,43
9,2016,"CA",17,0.0476706450506713,43
10,2016,"CA",10,0.0528668316737481,43
3,2016,"CA",3,0.0545472970112446,44
4,2016,"CA",12,0.063892195475938,44
5,2016,"CA",17,0.0166946492718146,44
6,2016,"CA",30,0.0269234556750073,44
7,2016,"CA",23,0.0329476873987177,44
8,2016,"CA",25,0.0422734149975133,44
9,2016,"CA",18,0.0485941239949665,44
10,2016,"CA",10,0.0524762998619249,44
3,2016,"CA",4,0.0545472970112446,45
4,2016,"CA",11,0.0643297837365706,45
5,2016,"CA",22,0.0259260871557674,45
6,2016,"CA",23,0.0269234556750073,45
7,2016,"CA",24,0.0328232088810774,45
8,2016,"CA",24,0.0400442344107152,45
9,2016,"CA",22,0.0491143416610947,45
10,2016,"CA",13,0.0546364679607567,45
3,2016,"CA",5,0.0545472970112446,46
4,2016,"CA",9,0.063892195475938,46
5,2016,"CA",18,0.0201983841705362,46
6,2016,"CA",20,0.0241061502133454,46
7,2016,"CA",25,0.0347913138324548,46
8,2016,"CA",23,0.0419298470214544,46
9,2016,"CA",17,0.0476706450506713,46
10,2016,"CA",7,0.0545217531684907,46
3,2016,"CA",5,0.050075527951332,47
4,2016,"CA",9,0.0593308034018854,47
5,2016,"CA",18,0.015657571964506,47
6,2016,"CA",21,0.0232599468851758,47
7,2016,"CA",21,0.0329247447455451,47
8,2016,"CA",22,0.0414115538306519,47
9,2016,"CA",19,0.0484053048896554,47
10,2016,"CA",10,0.0545217531684907,47
3,2016,"CA",5,0.050075527951332,48
4,2016,"CA",13,0.063892195475938,48
5,2016,"CA",17,0.0146204946571975,48
6,2016,"CA",23,0.0248784839218415,48
7,2016,"CA",30,0.0355207306850156,48
8,2016,"CA",26,0.0413766917604873,48
9,2016,"CA",17,0.0484053048896554,48
10,2016,"CA",10,0.0545217531684907,48
3,2016,"CA",4,0.0545472970112446,49
4,2016,"CA",12,0.0640377491056494,49
5,2016,"CA",23,0.0237244051861594,49
6,2016,"CA",28,0.0259515912696977,49
7,2016,"CA",29,0.0360998653664006,49
8,2016,"CA",24,0.0409100195943045,49
9,2016,"CA",17,0.0500264483039671,49
10,2016,"CA",12,0.0536942924211194,49
3,2016,"CA",5,0.0586471951546492,50
4,2016,"CA",12,0.063892195475938,50
5,2016,"CA",24,0.0224893040661542,50
6,2016,"CA",25,0.0243965011525417,50
7,2016,"CA",28,0.0358628602863993,50
8,2016,"CA",26,0.0419298470214544,50
9,2016,"CA",17,0.0484053048896554,50
10,2016,"CA",9,0.0545217531684907,50
3,2014,"VT",5,0.0277793046491418,1
4,2014,"VT",9,0.0264356784400079,1
5,2014,"VT",18,0.0341670874625692,1
6,2014,"VT",24,0.0402822565677634,1
7,2014,"VT",27,0.0441768928186164,1
8,2014,"VT",20,0.0481636558553848,1
9,2014,"VT",3,0.0604186552925887,1
3,2014,"VT",4,0.0178795036433134,2
4,2014,"VT",9,0.0241938068792312,2
5,2014,"VT",20,0.0337376815770274,2
6,2014,"VT",23,0.0417467362931943,2
7,2014,"VT",27,0.040147517954969,2
8,2014,"VT",18,0.0529906261040538,2
9,2014,"VT",3,0.0574354880447566,2
3,2014,"VT",5,0.007979702637485,3
4,2014,"VT",11,0.0261076900205477,3
5,2014,"VT",20,0.0333082756914856,3
6,2014,"VT",25,0.0379884453306681,3
7,2014,"VT",26,0.0408652811099075,3
8,2014,"VT",20,0.0543816695355265,3
9,2014,"VT",3,0.0574354880447566,3
3,2014,"VT",4,0.0277793046491418,4
4,2014,"VT",9,0.0264356784400079,4
5,2014,"VT",16,0.0330477394512637,4
6,2014,"VT",25,0.0372247883537475,4
7,2014,"VT",24,0.0416056690534721,4
8,2014,"VT",19,0.0534386586309388,4
9,2014,"VT",3,0.063760492252303,4
3,2014,"VT",3,0.0277793046491418,5
4,2014,"VT",10,0.0276984682189153,5
5,2014,"VT",20,0.0373007066239079,5
6,2014,"VT",26,0.0398939181470077,5
7,2014,"VT",26,0.0417354167717487,5
8,2014,"VT",15,0.0505771409797193,5
9,2014,"VT",3,0.0604186552925887,5
3,2014,"VT",4,0.0178795036433134,6
4,2014,"VT",10,0.0336414073530284,6
5,2014,"VT",18,0.0333082756914856,6
6,2014,"VT",22,0.0363682038611495,6
7,2014,"VT",27,0.0438809385196652,6
8,2014,"VT",20,0.0493081146979591,6
9,2014,"VT",3,0.0604186552925887,6
3,2014,"VT",5,0.0277793046491418,7
4,2014,"VT",10,0.0264356784400079,7
5,2014,"VT",18,0.037190715094042,7
6,2014,"VT",25,0.0377100339373629,7
7,2014,"VT",27,0.0435849842207141,7
8,2014,"VT",20,0.0506262244211805,7
9,2014,"VT",3,0.0604186552925887,7
3,2014,"VT",3,0.0277793046491418,8
4,2014,"VT",10,0.0289612579978227,8
5,2014,"VT",16,0.0337376815770274,8
6,2014,"VT",25,0.040670594988519,8
7,2014,"VT",27,0.0421581808986909,8
8,2014,"VT",17,0.0529906261040538,8
9,2014,"VT",3,0.0604186552925887,8
3,2014,"VT",4,0.007979702637485,9
4,2014,"VT",10,0.0264356784400079,9
5,2014,"VT",21,0.0333082756914856,9
6,2014,"VT",27,0.040820327220101,9
7,2014,"VT",30,0.0427705618462098,9
8,2014,"VT",21,0.0532511971918104,9
9,2014,"VT",2,0.0604186552925887,9
3,2014,"VT",5,0.007979702637485,10
4,2014,"VT",10,0.0289612579978227,10
5,2014,"VT",20,0.0327872032110418,10
6,2014,"VT",26,0.0375031997470527,10
7,2014,"VT",28,0.0415205605943084,10
8,2014,"VT",21,0.0529906261040538,10
9,2014,"VT",3,0.063760492252303,10
3,2014,"VT",5,0.0277793046491418,11
4,2014,"VT",10,0.0264356784400079,11
5,2014,"VT",23,0.0356239055133727,11
6,2014,"VT",21,0.0357900307618567,11
7,2014,"VT",25,0.0442553715295564,11
8,2014,"VT",19,0.0506262244211805,11
9,2014,"VT",3,0.0604186552925887,11
3,2014,"VT",4,0.0277793046491418,12
4,2014,"VT",10,0.0289612579978227,12
5,2014,"VT",16,0.031269720602582,12
6,2014,"VT",28,0.0386633763825334,12
7,2014,"VT",28,0.0442553715295564,12
8,2014,"VT",23,0.0499671695595698,12
9,2014,"VT",3,0.0604186552925887,12
3,2014,"VT",5,0.0277793046491418,13
4,2014,"VT",11,0.0264356784400079,13
5,2014,"VT",20,0.0337376815770274,13
6,2014,"VT",26,0.0363059046725391,13
7,2014,"VT",23,0.0442553715295564,13
8,2014,"VT",19,0.0538866911578238,13
9,2014,"VT",3,0.0620895737724458,13
3,2014,"VT",4,0.0277793046491418,14
4,2014,"VT",9,0.0219519353184545,14
5,2014,"VT",14,0.0327872032110418,14
6,2014,"VT",27,0.0380832880647931,14
7,2014,"VT",28,0.0446804512842271,14
8,2014,"VT",19,0.053511768279567,14
9,2014,"VT",3,0.0620895737724458,14
3,2014,"VT",5,0.0277793046491418,15
4,2014,"VT",9,0.0264356784400079,15
5,2014,"VT",14,0.031269720602582,15
6,2014,"VT",25,0.0401957561835804,15
7,2014,"VT",28,0.042580945025633,15
8,2014,"VT",15,0.053511768279567,15
9,2014,"VT",3,0.0604186552925887,15
3,2014,"VT",4,0.007979702637485,16
4,2014,"VT",9,0.0336414073530284,16
5,2014,"VT",17,0.0330477394512637,16
6,2014,"VT",26,0.0398939181470077,16
7,2014,"VT",24,0.0416056690534721,16
8,2014,"VT",15,0.0529906261040538,16
9,2014,"VT",2,0.063760492252303,16
3,2014,"VT",4,0.0277793046491418,17
4,2014,"VT",10,0.0264356784400079,17
5,2014,"VT",18,0.0341670874625692,17
6,2014,"VT",28,0.0369463769604423,17
7,2014,"VT",26,0.042580945025633,17
8,2014,"VT",17,0.053511768279567,17
9,2014,"VT",3,0.0574354880447566,17
3,2014,"VT",4,0.0277793046491418,18
4,2014,"VT",11,0.0264356784400079,18
5,2014,"VT",20,0.0330477394512637,18
6,2014,"VT",25,0.0384736909142835,18
7,2014,"VT",25,0.0427705618462098,18
8,2014,"VT",19,0.0518084252626172,18
9,2014,"VT",2,0.0604186552925887,18
3,2014,"VT",4,0.0277793046491418,19
4,2014,"VT",9,0.0241938068792312,19
5,2014,"VT",20,0.0341670874625692,19
6,2014,"VT",24,0.0363682038611495,19
7,2014,"VT",20,0.0378383750965832,19
8,2014,"VT",19,0.053511768279567,19
9,2014,"VT",2,0.0544523207969245,19
3,2014,"VT",4,0.0277793046491418,20
4,2014,"VT",11,0.0264356784400079,20
5,2014,"VT",17,0.0370807235641761,20
6,2014,"VT",25,0.0392786472647706,20
7,2014,"VT",24,0.0435685357427015,20
8,2014,"VT",16,0.053511768279567,20
9,2014,"VT",3,0.0604186552925887,20
3,2014,"VT",4,0.007979702637485,21
4,2014,"VT",11,0.023865818459771,21
5,2014,"VT",19,0.0327872032110418,21
6,2014,"VT",23,0.0363682038611495,21
7,2014,"VT",28,0.0417354167717487,21
8,2014,"VT",20,0.0506262244211805,21
9,2014,"VT",2,0.0620895737724458,21
3,2014,"VT",5,0.0277793046491418,22
4,2014,"VT",11,0.0289612579978227,22
5,2014,"VT",21,0.0327872032110418,22
6,2014,"VT",23,0.0379884453306681,22
7,2014,"VT",27,0.0427705618462098,22
8,2014,"VT",18,0.0560502720251178,22
9,2014,"VT",3,0.0604186552925887,22
3,2014,"VT",4,0.0178795036433134,23
4,2014,"VT",10,0.023865818459771,23
5,2014,"VT",19,0.0311215082036028,23
6,2014,"VT",22,0.0388494779653166,23
7,2014,"VT",27,0.0435685357427015,23
8,2014,"VT",21,0.0506262244211805,23
9,2014,"VT",3,0.0620895737724458,23
3,2014,"VT",4,0.0277793046491418,24
4,2014,"VT",9,0.0241938068792312,24
5,2014,"VT",14,0.0327872032110418,24
6,2014,"VT",21,0.0363682038611495,24
7,2014,"VT",26,0.0435685357427015,24
8,2014,"VT",20,0.0506262244211805,24
9,2014,"VT",3,0.063760492252303,24
3,2014,"VT",4,0.0277793046491418,25
4,2014,"VT",11,0.0264356784400079,25
5,2014,"VT",17,0.0327872032110418,25
6,2014,"VT",24,0.0400448371652941,25
7,2014,"VT",28,0.0435685357427015,25
8,2014,"VT",21,0.0506262244211805,25
9,2014,"VT",3,0.063760492252303,25
3,2014,"VT",4,0.0277793046491418,26
4,2014,"VT",11,0.0313013326754256,26
5,2014,"VT",17,0.0337376815770274,26
6,2014,"VT",26,0.0391838045306456,26
7,2014,"VT",25,0.0414759213351955,26
8,2014,"VT",19,0.0529906261040538,26
9,2014,"VT",3,0.063760492252303,26
3,2014,"VT",5,0.0277793046491418,27
4,2014,"VT",13,0.0264356784400079,27
5,2014,"VT",20,0.0341670874625692,27
6,2014,"VT",23,0.0404331755860497,27
7,2014,"VT",26,0.0442553715295564,27
8,2014,"VT",16,0.0493081146979591,27
9,2014,"VT",3,0.0604186552925887,27
3,2014,"VT",5,0.0277793046491418,28
4,2014,"VT",10,0.0219519353184545,28
5,2014,"VT",17,0.0351944996278309,28
6,2014,"VT",27,0.0379884453306681,28
7,2014,"VT",30,0.0442161321740864,28
8,2014,"VT",18,0.0476223858129069,28
9,2014,"VT",3,0.0574354880447566,28
3,2014,"VT",4,0.0277793046491418,29
4,2014,"VT",10,0.0264356784400079,29
5,2014,"VT",19,0.0373007066239079,29
6,2014,"VT",27,0.0392786472647706,29
7,2014,"VT",27,0.0417354167717487,29
8,2014,"VT",17,0.053511768279567,29
9,2014,"VT",3,0.063760492252303,29
3,2014,"VT",4,0.0277793046491418,30
4,2014,"VT",11,0.0289612579978227,30
5,2014,"VT",14,0.0330477394512637,30
6,2014,"VT",23,0.0401957561835804,30
7,2014,"VT",26,0.0416279886830286,30
8,2014,"VT",19,0.0493081146979591,30
9,2014,"VT",3,0.063760492252303,30
3,2014,"VT",5,0.0277793046491418,31
4,2014,"VT",11,0.0264356784400079,31
5,2014,"VT",17,0.0330477394512637,31
6,2014,"VT",28,0.0400448371652941,31
7,2014,"VT",29,0.0435849842207141,31
8,2014,"VT",17,0.0506262244211805,31
9,2014,"VT",3,0.0574354880447566,31
3,2014,"VT",4,0.007979702637485,32
4,2014,"VT",11,0.0289612579978227,32
5,2014,"VT",16,0.0341670874625692,32
6,2014,"VT",19,0.0350917645026751,32
7,2014,"VT",29,0.0429601786667866,32
8,2014,"VT",19,0.053511768279567,32
9,2014,"VT",3,0.0604186552925887,32
3,2014,"VT",4,0.0178795036433134,33
4,2014,"VT",11,0.0264356784400079,33
5,2014,"VT",17,0.0370807235641761,33
6,2014,"VT",26,0.0400448371652941,33
7,2014,"VT",30,0.0435849842207141,33
8,2014,"VT",21,0.0506262244211805,33
9,2014,"VT",3,0.0604186552925887,33
3,2014,"VT",5,0.007979702637485,34
4,2014,"VT",14,0.0276984682189153,34
5,2014,"VT",17,0.0341670874625692,34
6,2014,"VT",25,0.0409712462383874,34
7,2014,"VT",31,0.0427705618462098,34
8,2014,"VT",17,0.0481636558553848,34
9,2014,"VT",3,0.0604186552925887,34
3,2014,"VT",4,0.0277793046491418,35
4,2014,"VT",11,0.0264356784400079,35
5,2014,"VT",20,0.0333082756914856,35
6,2014,"VT",25,0.0400448371652941,35
7,2014,"VT",30,0.0414759213351955,35
8,2014,"VT",19,0.0506262244211805,35
9,2014,"VT",3,0.0620895737724458,35
3,2014,"VT",5,0.0277793046491418,36
4,2014,"VT",11,0.0289612579978227,36
5,2014,"VT",17,0.0337376815770274,36
6,2014,"VT",24,0.0363682038611495,36
7,2014,"VT",27,0.0429601786667866,36
8,2014,"VT",21,0.0493081146979591,36
9,2014,"VT",3,0.0604186552925887,36
3,2014,"VT",4,0.007979702637485,37
4,2014,"VT",11,0.0257797016010874,37
5,2014,"VT",18,0.0370807235641761,37
6,2014,"VT",24,0.040670594988519,37
7,2014,"VT",30,0.0421581808986909,37
8,2014,"VT",20,0.0529906261040538,37
9,2014,"VT",3,0.0604186552925887,37
3,2014,"VT",4,0.0277793046491418,38
4,2014,"VT",10,0.0276984682189153,38
5,2014,"VT",18,0.0337376815770274,38
6,2014,"VT",22,0.0391838045306456,38
7,2014,"VT",34,0.042580945025633,38
8,2014,"VT",21,0.0536992297186954,38
9,2014,"VT",3,0.0574354880447566,38
3,2014,"VT",5,0.0277793046491418,39
4,2014,"VT",12,0.0257797016010874,39
5,2014,"VT",17,0.0330477394512637,39
6,2014,"VT",24,0.0385685336484085,39
7,2014,"VT",29,0.042580945025633,39
8,2014,"VT",19,0.053511768279567,39
9,2014,"VT",3,0.0544523207969245,39
3,2014,"VT",4,0.007979702637485,40
4,2014,"VT",14,0.0264356784400079,40
5,2014,"VT",20,0.0341670874625692,40
6,2014,"VT",22,0.0391838045306456,40
7,2014,"VT",29,0.0447196906396971,40
8,2014,"VT",21,0.0529906261040538,40
9,2014,"VT",3,0.0604186552925887,40
3,2014,"VT",5,0.0277793046491418,41
4,2014,"VT",10,0.0264356784400079,41
5,2014,"VT",18,0.0320284619068119,41
6,2014,"VT",31,0.0383491459491627,41
7,2014,"VT",28,0.041498240964752,41
8,2014,"VT",22,0.0538866911578238,41
9,2014,"VT",3,0.0604186552925887,41
3,2014,"VT",4,0.007979702637485,42
4,2014,"VT",12,0.0289612579978227,42
5,2014,"VT",21,0.0341670874625692,42
6,2014,"VT",26,0.0412086656408566,42
7,2014,"VT",28,0.0441768928186164,42
8,2014,"VT",18,0.053511768279567,42
9,2014,"VT",2,0.063760492252303,42
3,2014,"VT",4,0.0277793046491418,43
4,2014,"VT",12,0.0289612579978227,43
5,2014,"VT",21,0.0373007066239079,43
6,2014,"VT",26,0.0417923032627835,43
7,2014,"VT",27,0.0420507528099707,43
8,2014,"VT",18,0.0518084252626172,43
9,2014,"VT",3,0.063760492252303,43
3,2014,"VT",4,0.007979702637485,44
4,2014,"VT",13,0.0264356784400079,44
5,2014,"VT",21,0.0341670874625692,44
6,2014,"VT",25,0.0391838045306456,44
7,2014,"VT",23,0.0400403950253185,44
8,2014,"VT",14,0.053511768279567,44
9,2014,"VT",3,0.0604186552925887,44
3,2014,"VT",4,0.0277793046491418,45
4,2014,"VT",10,0.0264356784400079,45
5,2014,"VT",17,0.0341670874625692,45
6,2014,"VT",24,0.0391838045306456,45
7,2014,"VT",26,0.042580945025633,45
8,2014,"VT",19,0.0529906261040538,45
9,2014,"VT",3,0.0604186552925887,45
3,2014,"VT",4,0.0277793046491418,46
4,2014,"VT",12,0.0313013326754256,46
5,2014,"VT",18,0.0341670874625692,46
6,2014,"VT",22,0.038420147553725,46
7,2014,"VT",25,0.0446804512842271,46
8,2014,"VT",21,0.051409941488763,46
9,2014,"VT",3,0.0574354880447566,46
3,2014,"VT",5,0.0277793046491418,47
4,2014,"VT",9,0.0264356784400079,47
5,2014,"VT",18,0.0327872032110418,47
6,2014,"VT",24,0.0398939181470077,47
7,2014,"VT",27,0.042580945025633,47
8,2014,"VT",18,0.0538866911578238,47
9,2014,"VT",3,0.0604186552925887,47
3,2014,"VT",4,0.0178795036433134,48
4,2014,"VT",11,0.0264356784400079,48
5,2014,"VT",14,0.0276457538964063,48
6,2014,"VT",28,0.039334723548932,48
7,2014,"VT",28,0.0414759213351955,48
8,2014,"VT",18,0.0520689963503738,48
9,2014,"VT",3,0.0544523207969245,48
3,2014,"VT",5,0.0277793046491418,49
4,2014,"VT",10,0.0336414073530284,49
5,2014,"VT",19,0.0341670874625692,49
6,2014,"VT",25,0.0379884453306681,49
7,2014,"VT",28,0.0401546087737741,49
8,2014,"VT",19,0.0529906261040538,49
9,2014,"VT",3,0.0544523207969245,49
3,2014,"VT",5,0.0277793046491418,50
4,2014,"VT",11,0.0289612579978227,50
5,2014,"VT",17,0.0327872032110418,50
6,2014,"VT",20,0.0342567238906349,50
7,2014,"VT",28,0.0432725814437503,50
8,2014,"VT",22,0.0532511971918104,50
9,2014,"VT",3,0.0604186552925887,50
3,2014,"CT",4,0.00726127985901814,1
4,2014,"CT",11,-0.0171979884630152,1
5,2014,"CT",15,-0.0132820528576505,1
6,2014,"CT",26,-0.0132682954183068,1
7,2014,"CT",27,-0.0108098191364314,1
8,2014,"CT",25,-0.0134085842943633,1
9,2014,"CT",19,-0.0113032213745482,1
10,2014,"CT",10,-0.00590416233427537,1
3,2014,"CT",3,0.00726127985901814,2
4,2014,"CT",9,-0.0106379561025337,2
5,2014,"CT",20,-0.0200314189321082,2
6,2014,"CT",28,-0.0122559195628806,2
7,2014,"CT",25,-0.0113503553206421,2
8,2014,"CT",21,-0.014164194060491,2
9,2014,"CT",21,-0.0101953629875962,2
10,2014,"CT",9,-0.00892189585354545,2
3,2014,"CT",4,0.00726127985901814,3
4,2014,"CT",10,-0.0217187099165591,3
5,2014,"CT",23,-0.0132820528576505,3
6,2014,"CT",24,-0.0106189389332402,3
7,2014,"CT",28,-0.0134939883692481,3
8,2014,"CT",22,-0.0113632447961619,3
9,2014,"CT",19,-0.0158505483367651,3
10,2014,"CT",9,-0.0119396293728155,3
3,2014,"CT",4,0.00726127985901814,4
4,2014,"CT",10,-0.0217187099165591,4
5,2014,"CT",18,-0.0204786040097317,4
6,2014,"CT",27,-0.0178884330019214,4
7,2014,"CT",29,-0.0117038913243006,4
8,2014,"CT",25,-0.0103293871038914,4
9,2014,"CT",18,-0.0142924382762441,4
10,2014,"CT",10,-0.00590416233427537,4
3,2014,"CT",5,-0.00220168917181132,5
4,2014,"CT",10,-0.0217187099165591,5
5,2014,"CT",18,-0.0200314189321082,5
6,2014,"CT",25,-0.0178884330019214,5
7,2014,"CT",26,-0.0146499646496962,5
8,2014,"CT",25,-0.0121188545622897,5
9,2014,"CT",19,-0.012734328215723,5
10,2014,"CT",13,-0.0119396293728155,5
3,2014,"CT",4,-0.00220168917181132,6
4,2014,"CT",10,-0.0194583491897871,6
5,2014,"CT",20,-0.0200618826149565,6
6,2014,"CT",27,-0.0120773979059311,6
7,2014,"CT",27,-0.00733992310284617,6
8,2014,"CT",23,-0.0070143503236707,6
9,2014,"CT",18,-0.0142924382762441,6
10,2014,"CT",11,-0.00590416233427537,6
3,2014,"CT",4,0.00726127985901814,7
4,2014,"CT",11,-0.0171979884630152,7
5,2014,"CT",18,-0.0200923462978048,7
6,2014,"CT",23,-0.0117094941883656,7
7,2014,"CT",30,-0.00585516321019638,7
8,2014,"CT",25,-0.0172631681729354,7
9,2014,"CT",16,-0.0158505483367651,7
10,2014,"CT",10,-0.00590416233427537,7
3,2014,"CT",5,0.00726127985901814,8
4,2014,"CT",14,-0.00993990763242226,8
5,2014,"CT",21,-0.0204786040097317,8
6,2014,"CT",30,-0.010810411943786,8
7,2014,"CT",28,-0.0107629959916597,8
8,2014,"CT",23,-0.0104685110669628,8
9,2014,"CT",17,-0.0113032213745482,8
10,2014,"CT",10,-0.0119396293728155,8
3,2014,"CT",4,0.00726127985901814,9
4,2014,"CT",13,-0.0139179722827744,9
5,2014,"CT",15,-0.0147293159415553,9
6,2014,"CT",24,-0.00757988478776411,9
7,2014,"CT",31,-0.010716172846888,9
8,2014,"CT",24,-0.0104685110669628,9
9,2014,"CT",15,-0.0158505483367651,9
10,2014,"CT",9,-0.0148439376659461,9
3,2014,"CT",4,-0.0116646582026408,10
4,2014,"CT",9,-0.0171979884630152,10
5,2014,"CT",16,-0.0147293159415553,10
6,2014,"CT",21,-0.0128567985209017,10
7,2014,"CT",23,-0.0134939883692481,10
8,2014,"CT",26,-0.0106076350300342,10
9,2014,"CT",16,-0.0158861327070843,10
10,2014,"CT",10,-0.0133917835193808,10
3,2014,"CT",4,0.00726127985901814,11
4,2014,"CT",9,-0.0194583491897871,11
5,2014,"CT",18,-0.0147293159415553,11
6,2014,"CT",28,-0.0176281143079357,11
7,2014,"CT",22,-0.0125438901609911,11
8,2014,"CT",22,-0.00930690831567615,11
9,2014,"CT",18,-0.0158861327070843,11
10,2014,"CT",11,-0.0148439376659461,11
3,2014,"CT",4,0.00726127985901814,12
4,2014,"CT",10,-0.0171979884630152,12
5,2014,"CT",16,-0.00814803399494541,12
6,2014,"CT",24,-0.0124453016234967,12
7,2014,"CT",26,-0.0114557948402435,12
8,2014,"CT",20,-0.0189107768103742,12
9,2014,"CT",16,-0.0158505483367651,12
10,2014,"CT",10,-0.0119396293728155,12
3,2014,"CT",4,0.00726127985901814,13
4,2014,"CT",12,-0.0171979884630152,13
5,2014,"CT",20,-0.0132820528576505,13
6,2014,"CT",27,-0.0124453016234967,13
7,2014,"CT",34,-0.00733992310284617,13
8,2014,"CT",22,-0.014164194060491,13
9,2014,"CT",19,-0.0088039495782682,13
10,2014,"CT",11,-0.00590416233427537,13
3,2014,"CT",4,-0.0116646582026408,14
4,2014,"CT",8,-0.0171979884630152,14
5,2014,"CT",21,-0.0132820528576505,14
6,2014,"CT",21,-0.00818623051537392,14
7,2014,"CT",30,-0.0117038913243006,14
8,2014,"CT",26,-0.0162095335586923,14
9,2014,"CT",23,-0.0107492921810722,14
10,2014,"CT",10,-0.00590416233427537,14
3,2014,"CT",5,-0.0116646582026408,15
4,2014,"CT",10,-0.0194583491897871,15
5,2014,"CT",17,-0.00814803399494541,15
6,2014,"CT",28,-0.0145142073736242,15
7,2014,"CT",30,-0.012057427327959,15
8,2014,"CT",26,-0.0121188545622897,15
9,2014,"CT",21,-0.0120187747951356,15
10,2014,"CT",12,-0.00727273740655183,15
3,2014,"CT",4,0.00726127985901814,16
4,2014,"CT",10,-0.0239619070856622,16
5,2014,"CT",21,-0.0147293159415553,16
6,2014,"CT",25,-0.0120773979059311,16
7,2014,"CT",27,-0.012057427327959,16
8,2014,"CT",26,-0.0105666485128644,16
9,2014,"CT",20,-0.00971722407266029,16
10,2014,"CT",9,-0.00590416233427537,16
3,2014,"CT",4,0.00726127985901814,17
4,2014,"CT",10,-0.0217187099165591,17
5,2014,"CT",18,-0.0200618826149565,17
6,2014,"CT",24,-0.00757988478776411,17
7,2014,"CT",30,-0.0125438901609911,17
8,2014,"CT",23,-0.0106076350300342,17
9,2014,"CT",18,-0.0158505483367651,17
10,2014,"CT",10,-0.00590416233427537,17
3,2014,"CT",4,0.00726127985901814,18
4,2014,"CT",12,-0.0106379561025337,18
5,2014,"CT",17,-0.00814803399494541,18
6,2014,"CT",23,-0.0153394924552235,18
7,2014,"CT",25,-0.00733992310284617,18
8,2014,"CT",26,-0.0169899777221614,18
9,2014,"CT",20,-0.0101953629875962,18
10,2014,"CT",13,-0.00590416233427537,18
3,2014,"CT",4,0.00726127985901814,19
4,2014,"CT",11,-0.0171979884630152,19
5,2014,"CT",23,-0.0173803674368317,19
6,2014,"CT",21,-0.00879257624298374,19
7,2014,"CT",23,-0.0108541623525279,19
8,2014,"CT",26,-0.0167167872713874,19
9,2014,"CT",18,-0.0120187747951356,19
10,2014,"CT",9,-0.00590416233427537,19
3,2014,"CT",4,0.00726127985901814,20
4,2014,"CT",9,-0.0262051042547653,20
5,2014,"CT",16,-0.0118347897737457,20
6,2014,"CT",21,-0.00879257624298374,20
7,2014,"CT",34,-0.0108098191364314,20
8,2014,"CT",21,-0.0167167872713874,20
9,2014,"CT",17,-0.012734328215723,20
10,2014,"CT",13,-0.00590416233427537,20
3,2014,"CT",4,0.00726127985901814,21
4,2014,"CT",9,-0.0171979884630152,21
5,2014,"CT",15,-0.0147293159415553,21
6,2014,"CT",28,-0.0128567985209017,21
7,2014,"CT",29,-0.00585516321019638,21
8,2014,"CT",22,-0.0169105370445203,21
9,2014,"CT",21,-0.00789067508387611,21
10,2014,"CT",12,-0.00544245345552787,21
3,2014,"CT",4,-0.00220168917181132,22
4,2014,"CT",8,-0.0351768081683563,22
5,2014,"CT",20,-0.0147293159415553,22
6,2014,"CT",24,-0.0128567985209017,22
7,2014,"CT",24,-0.0125438901609911,22
8,2014,"CT",27,-0.0106076350300342,22
9,2014,"CT",18,-0.0158505483367651,22
10,2014,"CT",9,-0.0119396293728155,22
3,2014,"CT",4,-0.0116646582026408,23
4,2014,"CT",10,-0.0194583491897871,23
5,2014,"CT",23,-0.0147293159415553,23
6,2014,"CT",26,-0.0100125932056304,23
7,2014,"CT",25,-0.00733992310284617,23
8,2014,"CT",25,-0.0168136621579539,23
9,2014,"CT",21,-0.00971722407266029,23
10,2014,"CT",11,-0.00590416233427537,23
3,2014,"CT",4,0.00726127985901814,24
4,2014,"CT",11,-0.0194583491897871,24
5,2014,"CT",20,-0.00371309627639136,24
6,2014,"CT",25,-0.0120773979059311,24
7,2014,"CT",30,-0.0110800872285368,24
8,2014,"CT",27,-0.0168136621579539,24
9,2014,"CT",18,-0.00904301903573616,24
10,2014,"CT",8,-0.0148439376659461,24
3,2014,"CT",5,-0.0116646582026408,25
4,2014,"CT",9,-0.0171979884630152,25
5,2014,"CT",22,-0.0200314189321082,25
6,2014,"CT",26,-0.00964468948806483,25
7,2014,"CT",25,-0.0117038913243006,25
8,2014,"CT",23,-0.0168136621579539,25
9,2014,"CT",24,-0.0116179177146115,25
10,2014,"CT",12,-0.00498074457678036,25
3,2014,"CT",4,0.00726127985901814,26
4,2014,"CT",10,-0.0171979884630152,26
5,2014,"CT",14,-0.0200923462978048,26
6,2014,"CT",21,-0.0100125932056304,26
7,2014,"CT",28,-0.00599716548197218,26
8,2014,"CT",25,-0.014164194060491,26
9,2014,"CT",17,-0.0142924382762441,26
10,2014,"CT",10,-0.00498074457678036,26
3,2014,"CT",4,0.00726127985901814,27
4,2014,"CT",11,-0.0139179722827744,27
5,2014,"CT",22,-0.0173803674368317,27
6,2014,"CT",28,-0.0128567985209017,27
7,2014,"CT",28,-0.0132621706816357,27
8,2014,"CT",19,-0.0169105370445203,27
9,2014,"CT",19,-0.012734328215723,27
10,2014,"CT",12,-0.0119396293728155,27
3,2014,"CT",3,0.00726127985901814,28
4,2014,"CT",11,-0.0194583491897871,28
5,2014,"CT",17,-0.015933104352927,28
6,2014,"CT",27,-0.0145142073736242,28
7,2014,"CT",25,-0.0125438901609911,28
8,2014,"CT",23,-0.0170868526087279,28
9,2014,"CT",22,-0.00789067508387611,28
10,2014,"CT",11,-0.00590416233427537,28
3,2014,"CT",4,0.00726127985901814,29
4,2014,"CT",12,-0.0171979884630152,29
5,2014,"CT",16,-0.0147293159415553,29
6,2014,"CT",18,-0.0157601193289416,29
7,2014,"CT",28,-0.0134939883692481,29
8,2014,"CT",24,-0.0104685110669628,29
9,2014,"CT",18,-0.0120187747951356,29
10,2014,"CT",10,-0.0119396293728155,29
3,2014,"CT",5,-0.0116646582026408,30
4,2014,"CT",9,-0.0217187099165591,30
5,2014,"CT",19,-0.0132820528576505,30
6,2014,"CT",26,-0.0128567985209017,30
7,2014,"CT",25,-0.0125438901609911,30
8,2014,"CT",24,-0.0162095335586923,30
9,2014,"CT",21,-0.0107492921810722,30
10,2014,"CT",7,-0.0148439376659461,30
3,2014,"CT",4,-0.0116646582026408,31
4,2014,"CT",8,-0.0106379561025337,31
5,2014,"CT",20,-0.0200923462978048,31
6,2014,"CT",28,-0.00955428638530748,31
7,2014,"CT",31,-0.012057427327959,31
8,2014,"CT",22,-0.0113632447961619,31
9,2014,"CT",18,-0.0113032213745482,31
10,2014,"CT",11,-0.0119396293728155,31
3,2014,"CT",5,0.00726127985901814,32
4,2014,"CT",9,-0.0306909562115608,32
5,2014,"CT",17,-0.0118347897737457,32
6,2014,"CT",25,-0.0166941168184386,32
7,2014,"CT",33,-0.0134939883692481,32
8,2014,"CT",22,-0.0121188545622897,32
9,2014,"CT",16,-0.0158505483367651,32
10,2014,"CT",9,-0.0119396293728155,32
3,2014,"CT",3,0.00726127985901814,33
4,2014,"CT",12,-0.0106379561025337,33
5,2014,"CT",18,-0.0200618826149565,33
6,2014,"CT",20,-0.0124453016234967,33
7,2014,"CT",28,-0.0107851675997079,33
8,2014,"CT",24,-0.0104685110669628,33
9,2014,"CT",18,-0.0120187747951356,33
10,2014,"CT",12,-0.0148439376659461,33
3,2014,"CT",4,-0.00220168917181132,34
4,2014,"CT",9,-0.0262051042547653,34
5,2014,"CT",20,-0.00814803399494541,34
6,2014,"CT",23,-0.0124453016234967,34
7,2014,"CT",27,-0.0130303529940232,34
8,2014,"CT",30,-0.0139944966716314,34
9,2014,"CT",20,-0.0113032213745482,34
10,2014,"CT",10,-0.0119396293728155,34
3,2014,"CT",3,0.00726127985901814,35
4,2014,"CT",9,-0.0239619070856622,35
5,2014,"CT",23,-0.00999141188434555,35
6,2014,"CT",24,-0.0117094941883656,35
7,2014,"CT",28,-0.0117038913243006,35
8,2014,"CT",25,-0.0167167872713874,35
9,2014,"CT",17,-0.0120187747951356,35
10,2014,"CT",10,-0.0119396293728155,35
3,2014,"CT",4,0.00726127985901814,36
4,2014,"CT",8,-0.0171979884630152,36
5,2014,"CT",19,-0.0118347897737457,36
6,2014,"CT",28,-0.00955428638530748,36
7,2014,"CT",33,-0.0108098191364314,36
8,2014,"CT",24,-0.00828442952746094,36
9,2014,"CT",20,-0.0113032213745482,36
10,2014,"CT",11,-0.0119396293728155,36
3,2014,"CT",4,0.00726127985901814,37
4,2014,"CT",9,-0.0217187099165591,37
5,2014,"CT",19,-0.0200618826149565,37
6,2014,"CT",28,-0.0106318902868365,37
7,2014,"CT",30,-0.00842767030031797,37
8,2014,"CT",23,-0.0113632447961619,37
9,2014,"CT",20,-0.0072046990744095,37
10,2014,"CT",11,-0.0148439376659461,37
3,2014,"CT",4,-0.00220168917181132,38
4,2014,"CT",10,-0.0171979884630152,38
5,2014,"CT",16,-0.00814803399494541,38
6,2014,"CT",26,-0.013682083602501,38
7,2014,"CT",27,-0.012057427327959,38
8,2014,"CT",27,-0.0113632447961619,38
9,2014,"CT",15,-0.0158861327070843,38
10,2014,"CT",9,-0.0119396293728155,38
3,2014,"CT",4,0.00726127985901814,39
4,2014,"CT",13,-0.0171979884630152,39
5,2014,"CT",19,-0.0200314189321082,39
6,2014,"CT",25,-0.0132682954183068,39
7,2014,"CT",24,-0.0107851675997079,39
8,2014,"CT",21,-0.014164194060491,39
9,2014,"CT",18,-0.012734328215723,39
10,2014,"CT",10,-0.0119396293728155,39
3,2014,"CT",4,0.00726127985901814,40
4,2014,"CT",10,-0.0217187099165591,40
5,2014,"CT",17,-0.0200314189321082,40
6,2014,"CT",25,-0.0124453016234967,40
7,2014,"CT",26,-0.011102258836585,40
8,2014,"CT",19,-0.0121188545622897,40
9,2014,"CT",19,-0.0107492921810722,40
10,2014,"CT",10,-0.0119396293728155,40
3,2014,"CT",4,0.00726127985901814,41
4,2014,"CT",9,-0.0217187099165591,41
5,2014,"CT",18,-0.0147293159415553,41
6,2014,"CT",24,-0.0157601193289416,41
7,2014,"CT",28,-0.0146499646496962,41
8,2014,"CT",27,-0.0121188545622897,41
9,2014,"CT",24,-0.0116179177146115,41
10,2014,"CT",12,-0.00590416233427537,41
3,2014,"CT",4,-0.00220168917181132,42
4,2014,"CT",13,-0.0121166412344712,42
5,2014,"CT",16,-0.00999141188434555,42
6,2014,"CT",22,-0.00292553835735304,42
7,2014,"CT",24,-0.0132621706816357,42
8,2014,"CT",28,-0.0104685110669628,42
9,2014,"CT",19,-0.0172416348598631,42
10,2014,"CT",12,-0.0119396293728155,42
3,2014,"CT",5,-0.0116646582026408,43
4,2014,"CT",10,-0.0262051042547653,43
5,2014,"CT",20,-0.0200314189321082,43
6,2014,"CT",27,-0.0124453016234967,43
7,2014,"CT",32,-0.00902804797486706,43
8,2014,"CT",24,-0.0121188545622897,43
9,2014,"CT",19,-0.0088039495782682,43
10,2014,"CT",10,-0.0119396293728155,43
3,2014,"CT",4,0.00726127985901814,44
4,2014,"CT",11,-0.0194583491897871,44
5,2014,"CT",21,-0.0200618826149565,44
6,2014,"CT",21,-0.0053550516991737,44
7,2014,"CT",28,-0.012057427327959,44
8,2014,"CT",27,-0.0106076350300342,44
9,2014,"CT",18,-0.0158505483367651,44
10,2014,"CT",11,-0.0148439376659461,44
3,2014,"CT",6,-0.0116646582026408,45
4,2014,"CT",11,-0.0217187099165591,45
5,2014,"CT",14,-0.0200618826149565,45
6,2014,"CT",27,-0.0124453016234967,45
7,2014,"CT",26,-0.00613916775374798,45
8,2014,"CT",25,-0.0144178209168386,45
9,2014,"CT",16,-0.0142924382762441,45
10,2014,"CT",10,-0.00892189585354545,45
3,2014,"CT",4,0.00726127985901814,46
4,2014,"CT",13,-0.0171979884630152,46
5,2014,"CT",17,-0.0147293159415553,46
6,2014,"CT",23,-0.0166941168184386,46
7,2014,"CT",26,-0.012057427327959,46
8,2014,"CT",26,-0.0106076350300342,46
9,2014,"CT",20,-0.0101953629875962,46
10,2014,"CT",10,-0.0119396293728155,46
3,2014,"CT",4,0.00726127985901814,47
4,2014,"CT",13,-0.0139179722827744,47
5,2014,"CT",16,-0.0147293159415553,47
6,2014,"CT",23,-0.0124453016234967,47
7,2014,"CT",26,-0.0130303529940232,47
8,2014,"CT",22,-0.0162095335586923,47
9,2014,"CT",17,-0.0142924382762441,47
10,2014,"CT",11,-0.0119396293728155,47
3,2014,"CT",4,0.00726127985901814,48
4,2014,"CT",10,-0.0217187099165591,48
5,2014,"CT",20,-0.0147293159415553,48
6,2014,"CT",25,-0.0124453016234967,48
7,2014,"CT",24,-0.0125438901609911,48
8,2014,"CT",24,-0.0113632447961619,48
9,2014,"CT",22,-0.00553772025224371,48
10,2014,"CT",13,-0.0102904709258219,48
3,2014,"CT",4,0.00726127985901814,49
4,2014,"CT",9,-0.0171979884630152,49
5,2014,"CT",19,-0.0118347897737457,49
6,2014,"CT",20,-0.0128567985209017,49
7,2014,"CT",26,-0.0114557948402435,49
8,2014,"CT",28,-0.0103293871038914,49
9,2014,"CT",19,-0.0107492921810722,49
10,2014,"CT",9,-0.0119396293728155,49
3,2014,"CT",3,0.00726127985901814,50
4,2014,"CT",11,-0.0171979884630152,50
5,2014,"CT",20,-0.0173803674368317,50
6,2014,"CT",32,-0.0124453016234967,50
7,2014,"CT",28,-0.012057427327959,50
8,2014,"CT",25,-0.0164631604150399,50
9,2014,"CT",20,-0.0101953629875962,50
10,2014,"CT",11,-0.0160827747647896,50
