sample_size,ban_year,county_id,n,att,attempt
3,2013,MA,25,-0.049673856,1
4,2013,MA,41,-0.046509444,1
5,2013,MA,47,-0.044641602,1
6,2013,MA,50,-0.041373301,1
7,2013,MA,50,-0.0390484,1
8,2013,MA,50,-0.035344254,1
9,2013,MA,50,-0.032642986,1
10,2013,MA,50,-0.031666203,1
3,2013,MA,23,-0.050802867,2
4,2013,MA,32,-0.044082662,2
5,2013,MA,47,-0.045053505,2
6,2013,MA,50,-0.039960907,2
7,2013,MA,50,-0.040122759,2
8,2013,MA,50,-0.036475757,2
9,2013,MA,50,-0.033937761,2
10,2013,MA,50,-0.032618936,2
3,2013,MA,24,-0.049703564,3
4,2013,MA,37,-0.042901525,3
5,2013,MA,49,-0.043925594,3
6,2013,MA,48,-0.044034974,3
7,2013,MA,49,-0.039030631,3
8,2013,MA,49,-0.036507327,3
9,2013,MA,49,-0.0351556,3
10,2013,MA,50,-0.03077703,3
3,2013,MA,21,-0.042598733,4
4,2013,MA,39,-0.045385277,4
5,2013,MA,45,-0.045932678,4
6,2013,MA,50,-0.039974355,4
7,2013,MA,50,-0.040400998,4
8,2013,MA,50,-0.036774911,4
9,2013,MA,50,-0.033862456,4
10,2013,MA,50,-0.029912634,4
3,2013,MA,22,-0.049644149,5
4,2013,MA,39,-0.044066897,5
5,2013,MA,46,-0.042787696,5
6,2013,MA,49,-0.041793685,5
7,2013,MA,49,-0.037055301,5
8,2013,MA,50,-0.035344377,5
9,2013,MA,50,-0.032341379,5
10,2013,MA,50,-0.032208815,5
3,2013,MA,21,-0.047016636,6
4,2013,MA,42,-0.044484524,6
5,2013,MA,48,-0.042587189,6
6,2013,MA,49,-0.039925813,6
7,2013,MA,50,-0.04014856,6
8,2013,MA,49,-0.035518476,6
9,2013,MA,49,-0.034451659,6
10,2013,MA,50,-0.032468621,6
3,2013,MA,20,-0.050802867,7
4,2013,MA,45,-0.045974761,7
5,2013,MA,47,-0.043479547,7
6,2013,MA,50,-0.042675339,7
7,2013,MA,49,-0.037627287,7
8,2013,MA,49,-0.035704693,7
9,2013,MA,49,-0.034761153,7
10,2013,MA,48,-0.030451727,7
3,2013,MA,22,-0.049703564,8
4,2013,MA,43,-0.045684957,8
5,2013,MA,47,-0.045017659,8
6,2013,MA,49,-0.042229776,8
7,2013,MA,48,-0.039516395,8
8,2013,MA,49,-0.036157857,8
9,2013,MA,50,-0.033809262,8
10,2013,MA,50,-0.030471933,8
3,2013,MA,20,-0.050802867,9
4,2013,MA,42,-0.045693617,9
5,2013,MA,47,-0.044845483,9
6,2013,MA,49,-0.041966111,9
7,2013,MA,50,-0.038288564,9
8,2013,MA,50,-0.035215678,9
9,2013,MA,50,-0.032733763,9
10,2013,MA,50,-0.032025123,9
3,2013,MA,19,-0.050802867,10
4,2013,MA,44,-0.048290807,10
5,2013,MA,49,-0.044761175,10
6,2013,MA,47,-0.041644129,10
7,2013,MA,50,-0.041084686,10
8,2013,MA,50,-0.036526598,10
9,2013,MA,50,-0.03352287,10
10,2013,MA,50,-0.033168131,10
3,2013,MA,24,-0.050802867,11
4,2013,MA,40,-0.043567198,11
5,2013,MA,47,-0.044737762,11
6,2013,MA,47,-0.043479075,11
7,2013,MA,50,-0.039082895,11
8,2013,MA,50,-0.036035707,11
9,2013,MA,50,-0.035257019,11
10,2013,MA,50,-0.030956205,11
3,2013,MA,24,-0.047608771,12
4,2013,MA,41,-0.046467003,12
5,2013,MA,47,-0.047555503,12
6,2013,MA,50,-0.042566139,12
7,2013,MA,50,-0.038084913,12
8,2013,MA,50,-0.037032125,12
9,2013,MA,50,-0.031649152,12
10,2013,MA,49,-0.030573171,12
3,2013,MA,28,-0.050802867,13
4,2013,MA,37,-0.047231258,13
5,2013,MA,49,-0.04345371,13
6,2013,MA,50,-0.041194984,13
7,2013,MA,50,-0.038722975,13
8,2013,MA,50,-0.034902591,13
9,2013,MA,50,-0.032918778,13
10,2013,MA,50,-0.033020507,13
3,2013,MA,25,-0.047608771,14
4,2013,MA,38,-0.045242843,14
5,2013,MA,48,-0.044972877,14
6,2013,MA,50,-0.041213423,14
7,2013,MA,49,-0.038574313,14
8,2013,MA,50,-0.036481289,14
9,2013,MA,49,-0.034542497,14
10,2013,MA,50,-0.029425588,14
3,2013,MA,23,-0.047608771,15
4,2013,MA,40,-0.04657416,15
5,2013,MA,47,-0.043129427,15
6,2013,MA,50,-0.039680417,15
7,2013,MA,49,-0.03821051,15
8,2013,MA,49,-0.036067297,15
9,2013,MA,50,-0.032697784,15
10,2013,MA,50,-0.030207796,15
3,2013,MA,24,-0.0464245,16
4,2013,MA,40,-0.044484524,16
5,2013,MA,44,-0.047360264,16
6,2013,MA,50,-0.042110521,16
7,2013,MA,50,-0.038863526,16
8,2013,MA,50,-0.03523366,16
9,2013,MA,50,-0.029433514,16
10,2013,MA,50,-0.032424111,16
3,2013,MA,19,-0.050802867,17
4,2013,MA,43,-0.04657416,17
5,2013,MA,47,-0.044212824,17
6,2013,MA,50,-0.04426455,17
7,2013,MA,48,-0.036677409,17
8,2013,MA,50,-0.035996306,17
9,2013,MA,50,-0.033885027,17
10,2013,MA,50,-0.031139658,17
3,2013,MA,20,-0.044836344,18
4,2013,MA,41,-0.045642228,18
5,2013,MA,46,-0.044563338,18
6,2013,MA,50,-0.041813788,18
7,2013,MA,50,-0.039408233,18
8,2013,MA,50,-0.034626082,18
9,2013,MA,50,-0.034105367,18
10,2013,MA,50,-0.032270627,18
3,2013,MA,22,-0.057926014,19
4,2013,MA,43,-0.04657416,19
5,2013,MA,48,-0.042364633,19
6,2013,MA,48,-0.042206181,19
7,2013,MA,50,-0.038622193,19
8,2013,MA,50,-0.03420069,19
9,2013,MA,50,-0.034130687,19
10,2013,MA,50,-0.02899965,19
3,2013,MA,26,-0.047608771,20
4,2013,MA,37,-0.043744841,20
5,2013,MA,46,-0.042550708,20
6,2013,MA,49,-0.04302811,20
7,2013,MA,50,-0.039254083,20
8,2013,MA,50,-0.036490352,20
9,2013,MA,50,-0.030404446,20
10,2013,MA,49,-0.031378198,20
3,2013,MA,20,-0.049703564,21
4,2013,MA,39,-0.044638297,21
5,2013,MA,50,-0.044404359,21
6,2013,MA,48,-0.043112944,21
7,2013,MA,50,-0.037477748,21
8,2013,MA,50,-0.034870274,21
9,2013,MA,50,-0.034130864,21
10,2013,MA,50,-0.0280263,21
3,2013,MA,20,-0.050802867,22
4,2013,MA,41,-0.043976915,22
5,2013,MA,46,-0.044332638,22
6,2013,MA,48,-0.040335381,22
7,2013,MA,50,-0.041667092,22
8,2013,MA,50,-0.036993283,22
9,2013,MA,49,-0.033010856,22
10,2013,MA,50,-0.029991045,22
3,2013,MA,19,-0.043163947,23
4,2013,MA,37,-0.045693617,23
5,2013,MA,45,-0.044635354,23
6,2013,MA,50,-0.041326486,23
7,2013,MA,50,-0.041089521,23
8,2013,MA,50,-0.03761428,23
9,2013,MA,50,-0.034903772,23
10,2013,MA,50,-0.028980262,23
3,2013,MA,22,-0.045630422,24
4,2013,MA,41,-0.045543383,24
5,2013,MA,48,-0.045050689,24
6,2013,MA,49,-0.037963859,24
7,2013,MA,50,-0.038871861,24
8,2013,MA,49,-0.038231908,24
9,2013,MA,50,-0.034175168,24
10,2013,MA,50,-0.029256676,24
3,2013,MA,18,-0.0464245,25
4,2013,MA,43,-0.046760267,25
5,2013,MA,46,-0.042995923,25
6,2013,MA,49,-0.041326388,25
7,2013,MA,49,-0.038439706,25
8,2013,MA,50,-0.035577929,25
9,2013,MA,50,-0.03286963,25
10,2013,MA,50,-0.031496916,25
3,2013,MA,18,-0.041762534,26
4,2013,MA,41,-0.04729495,26
5,2013,MA,50,-0.043201625,26
6,2013,MA,49,-0.041731456,26
7,2013,MA,50,-0.039575674,26
8,2013,MA,50,-0.036107821,26
9,2013,MA,50,-0.035154466,26
10,2013,MA,50,-0.031196979,26
3,2013,MA,23,-0.057252013,27
4,2013,MA,39,-0.045440983,27
5,2013,MA,45,-0.045069477,27
6,2013,MA,49,-0.040510372,27
7,2013,MA,49,-0.03915641,27
8,2013,MA,50,-0.036814322,27
9,2013,MA,50,-0.033366112,27
10,2013,MA,50,-0.031601465,27
3,2013,MA,22,-0.050223508,28
4,2013,MA,45,-0.048123222,28
5,2013,MA,50,-0.041666596,28
6,2013,MA,49,-0.041566289,28
7,2013,MA,50,-0.037325921,28
8,2013,MA,50,-0.034948395,28
9,2013,MA,49,-0.032600343,28
10,2013,MA,50,-0.030426634,28
3,2013,MA,22,-0.049644149,29
4,2013,MA,41,-0.045463408,29
5,2013,MA,49,-0.045295195,29
6,2013,MA,49,-0.042843252,29
7,2013,MA,50,-0.037886835,29
8,2013,MA,49,-0.036210217,29
9,2013,MA,50,-0.031120634,29
10,2013,MA,50,-0.030513562,29
3,2013,MA,24,-0.049644149,30
4,2013,MA,44,-0.046068476,30
5,2013,MA,47,-0.045705635,30
6,2013,MA,49,-0.044026939,30
7,2013,MA,50,-0.039223051,30
8,2013,MA,50,-0.036136158,30
9,2013,MA,50,-0.032720821,30
10,2013,MA,49,-0.03226114,30
3,2013,MA,19,-0.057252013,31
4,2013,MA,41,-0.048094239,31
5,2013,MA,46,-0.045491038,31
6,2013,MA,50,-0.043620423,31
7,2013,MA,49,-0.040459552,31
8,2013,MA,50,-0.034954365,31
9,2013,MA,50,-0.032496381,31
10,2013,MA,50,-0.02975416,31
3,2013,MA,22,-0.0464245,32
4,2013,MA,41,-0.043928889,32
5,2013,MA,45,-0.044184491,32
6,2013,MA,48,-0.042796346,32
7,2013,MA,50,-0.03901294,32
8,2013,MA,50,-0.036941641,32
9,2013,MA,50,-0.032160093,32
10,2013,MA,50,-0.030944943,32
3,2013,MA,23,-0.043163947,33
4,2013,MA,38,-0.047005041,33
5,2013,MA,48,-0.042156778,33
6,2013,MA,50,-0.042550086,33
7,2013,MA,50,-0.039568195,33
8,2013,MA,50,-0.038155358,33
9,2013,MA,50,-0.034969057,33
10,2013,MA,49,-0.03277386,33
3,2013,MA,19,-0.044836344,34
4,2013,MA,40,-0.049139268,34
5,2013,MA,46,-0.04346516,34
6,2013,MA,49,-0.040682962,34
7,2013,MA,50,-0.039280727,34
8,2013,MA,50,-0.036211323,34
9,2013,MA,50,-0.032473379,34
10,2013,MA,50,-0.029656169,34
3,2013,MA,23,-0.044000146,35
4,2013,MA,36,-0.043567198,35
5,2013,MA,46,-0.047262719,35
6,2013,MA,50,-0.039181432,35
7,2013,MA,50,-0.039089609,35
8,2013,MA,49,-0.036249446,35
9,2013,MA,50,-0.033559346,35
10,2013,MA,50,-0.030093319,35
3,2013,MA,18,-0.044836344,36
4,2013,MA,44,-0.047495503,36
5,2013,MA,47,-0.044676508,36
6,2013,MA,46,-0.040465131,36
7,2013,MA,49,-0.037977974,36
8,2013,MA,50,-0.037156902,36
9,2013,MA,50,-0.033890699,36
10,2013,MA,50,-0.030212517,36
3,2013,MA,21,-0.048656167,37
4,2013,MA,41,-0.046589419,37
5,2013,MA,47,-0.046091598,37
6,2013,MA,49,-0.043131101,37
7,2013,MA,49,-0.038629207,37
8,2013,MA,49,-0.035163104,37
9,2013,MA,50,-0.03466577,37
10,2013,MA,50,-0.030652303,37
3,2013,MA,26,-0.048656167,38
4,2013,MA,40,-0.045740623,38
5,2013,MA,43,-0.042037571,38
6,2013,MA,50,-0.042909012,38
7,2013,MA,50,-0.037858459,38
8,2013,MA,50,-0.03418865,38
9,2013,MA,50,-0.032811024,38
10,2013,MA,50,-0.031756094,38
3,2013,MA,21,-0.045630422,39
4,2013,MA,45,-0.042657921,39
5,2013,MA,50,-0.041848354,39
6,2013,MA,50,-0.042905524,39
7,2013,MA,50,-0.03841284,39
8,2013,MA,50,-0.035639975,39
9,2013,MA,50,-0.034494179,39
10,2013,MA,50,-0.033560644,39
3,2013,MA,18,-0.047016636,40
4,2013,MA,40,-0.047431811,40
5,2013,MA,50,-0.045291442,40
6,2013,MA,47,-0.042161063,40
7,2013,MA,50,-0.042345795,40
8,2013,MA,50,-0.038329109,40
9,2013,MA,50,-0.032645474,40
10,2013,MA,50,-0.029876673,40
3,2013,MA,23,-0.0464245,41
4,2013,MA,48,-0.046484099,41
5,2013,MA,48,-0.043600969,41
6,2013,MA,50,-0.041794084,41
7,2013,MA,50,-0.039417929,41
8,2013,MA,50,-0.036355376,41
9,2013,MA,50,-0.036171003,41
10,2013,MA,50,-0.029885165,41
3,2013,MA,25,-0.047016636,42
4,2013,MA,46,-0.049770263,42
5,2013,MA,48,-0.045999086,42
6,2013,MA,47,-0.043111671,42
7,2013,MA,50,-0.037696126,42
8,2013,MA,50,-0.036545987,42
9,2013,MA,49,-0.034624602,42
10,2013,MA,50,-0.032385629,42
3,2013,MA,19,-0.049644149,43
4,2013,MA,42,-0.046470358,43
5,2013,MA,48,-0.044151044,43
6,2013,MA,47,-0.041289027,43
7,2013,MA,50,-0.036806001,43
8,2013,MA,50,-0.035212453,43
9,2013,MA,50,-0.03262555,43
10,2013,MA,50,-0.030847577,43
3,2013,MA,24,-0.0464245,44
4,2013,MA,37,-0.04392913,44
5,2013,MA,48,-0.044592355,44
6,2013,MA,48,-0.041264158,44
7,2013,MA,48,-0.037861892,44
8,2013,MA,50,-0.035030514,44
9,2013,MA,50,-0.034663272,44
10,2013,MA,50,-0.032675582,44
3,2013,MA,23,-0.050802867,45
4,2013,MA,47,-0.044346756,45
5,2013,MA,46,-0.043351789,45
6,2013,MA,48,-0.039942914,45
7,2013,MA,49,-0.039236287,45
8,2013,MA,50,-0.034868845,45
9,2013,MA,49,-0.033171783,45
10,2013,MA,50,-0.028839534,45
3,2013,MA,24,-0.047016636,46
4,2013,MA,39,-0.049780291,46
5,2013,MA,48,-0.043558905,46
6,2013,MA,50,-0.041734057,46
7,2013,MA,50,-0.039482835,46
8,2013,MA,49,-0.037142118,46
9,2013,MA,50,-0.032986415,46
10,2013,MA,50,-0.031332721,46
3,2013,MA,21,-0.050802867,47
4,2013,MA,40,-0.045867604,47
5,2013,MA,47,-0.042980462,47
6,2013,MA,50,-0.041165468,47
7,2013,MA,50,-0.038452228,47
8,2013,MA,49,-0.037373442,47
9,2013,MA,50,-0.031292557,47
10,2013,MA,50,-0.033336655,47
3,2013,MA,23,-0.047608771,48
4,2013,MA,42,-0.045722203,48
5,2013,MA,48,-0.047454685,48
6,2013,MA,50,-0.040285073,48
7,2013,MA,50,-0.040188742,48
8,2013,MA,49,-0.037655589,48
9,2013,MA,49,-0.033827504,48
10,2013,MA,49,-0.028409063,48
3,2013,MA,20,-0.044794223,49
4,2013,MA,44,-0.048060269,49
5,2013,MA,46,-0.043055233,49
6,2013,MA,48,-0.041328823,49
7,2013,MA,49,-0.03576329,49
8,2013,MA,50,-0.038190705,49
9,2013,MA,50,-0.034740998,49
10,2013,MA,50,-0.0310516,49
3,2013,MA,23,-0.044836344,50
4,2013,MA,40,-0.047942126,50
5,2013,MA,49,-0.043105187,50
6,2013,MA,50,-0.042294819,50
7,2013,MA,50,-0.039789507,50
8,2013,MA,49,-0.035544382,50
9,2013,MA,50,-0.032736982,50
10,2013,MA,50,-0.0323112,50
3,2014,CA,18,0.01252956,1
4,2014,CA,38,-0.003728693,1
5,2014,CA,48,0.003052242,1
6,2014,CA,48,-0.003601931,1
7,2014,CA,49,-0.005243055,1
8,2014,CA,50,-0.006127734,1
9,2014,CA,50,-0.009308389,1
10,2014,CA,50,-0.007126636,1
3,2014,CA,24,0.00968483,2
4,2014,CA,39,0.003870099,2
5,2014,CA,48,-0.005824443,2
6,2014,CA,49,-0.004470659,2
7,2014,CA,49,-0.004273014,2
8,2014,CA,50,-0.00431333,2
9,2014,CA,50,-0.006640166,2
10,2014,CA,49,-0.007428254,2
3,2014,CA,27,0.005036619,3
4,2014,CA,41,-0.001488047,3
5,2014,CA,48,-0.003450986,3
6,2014,CA,48,-0.005282742,3
7,2014,CA,47,-0.003186659,3
8,2014,CA,50,-0.006453015,3
9,2014,CA,50,-0.007073674,3
10,2014,CA,50,-0.008071825,3
3,2014,CA,18,0.010694932,4
4,2014,CA,40,-0.001447504,4
5,2014,CA,49,-0.005349037,4
6,2014,CA,49,-0.005553065,4
7,2014,CA,50,-0.004452528,4
8,2014,CA,50,-0.004712578,4
9,2014,CA,50,-0.006557256,4
10,2014,CA,50,-0.009027563,4
3,2014,CA,20,0.013113993,5
4,2014,CA,42,0.00243018,5
5,2014,CA,49,-0.003489798,5
6,2014,CA,48,-0.005446248,5
7,2014,CA,50,-0.003304987,5
8,2014,CA,50,-0.006295259,5
9,2014,CA,50,-0.006312744,5
10,2014,CA,50,-0.00852496,5
3,2014,CA,23,0.008860304,6
4,2014,CA,41,-0.002226887,6
5,2014,CA,50,-0.00526557,6
6,2014,CA,48,-0.00406349,6
7,2014,CA,50,-0.003170531,6
8,2014,CA,50,-0.006459755,6
9,2014,CA,50,-0.006734678,6
10,2014,CA,50,-0.008076802,6
3,2014,CA,22,0.01252956,7
4,2014,CA,41,-0.000977593,7
5,2014,CA,45,-0.001309992,7
6,2014,CA,50,-0.003492404,7
7,2014,CA,50,-0.006273333,7
8,2014,CA,50,-0.005782233,7
9,2014,CA,50,-0.006172542,7
10,2014,CA,50,-0.008771827,7
3,2014,CA,23,0.013113993,8
4,2014,CA,39,0.005629832,8
5,2014,CA,47,-0.00420318,8
6,2014,CA,50,-0.002057921,8
7,2014,CA,50,-0.004718193,8
8,2014,CA,50,-0.00595367,8
9,2014,CA,50,-0.008774514,8
10,2014,CA,50,-0.009274037,8
3,2014,CA,19,0.014776993,9
4,2014,CA,38,0.002963742,9
5,2014,CA,49,-0.004125233,9
6,2014,CA,49,-0.001509109,9
7,2014,CA,50,-0.00472742,9
8,2014,CA,50,-0.00558927,9
9,2014,CA,50,-0.006101076,9
10,2014,CA,50,-0.007383351,9
3,2014,CA,26,0.00968483,10
4,2014,CA,41,-0.001235456,10
5,2014,CA,50,-0.004235895,10
6,2014,CA,50,-0.005240728,10
7,2014,CA,50,-0.004808976,10
8,2014,CA,50,-0.005047222,10
9,2014,CA,49,-0.006609812,10
10,2014,CA,50,-0.007609614,10
3,2014,CA,18,0.007559878,11
4,2014,CA,43,-0.000460674,11
5,2014,CA,48,-0.00768805,11
6,2014,CA,49,-0.003786667,11
7,2014,CA,50,-0.004174683,11
8,2014,CA,50,-0.006790103,11
9,2014,CA,50,-0.007639546,11
10,2014,CA,49,-0.007098517,11
3,2014,CA,27,0.012821776,12
4,2014,CA,46,0.001992533,12
5,2014,CA,50,-0.003800183,12
6,2014,CA,49,-0.002380914,12
7,2014,CA,50,-0.006334056,12
8,2014,CA,50,-0.005682014,12
9,2014,CA,50,-0.006730356,12
10,2014,CA,50,-0.008194356,12
3,2014,CA,21,0.010509357,13
4,2014,CA,42,-0.000316471,13
5,2014,CA,44,0.000742967,13
6,2014,CA,48,-0.004133962,13
7,2014,CA,50,-0.007121037,13
8,2014,CA,49,-0.007254043,13
9,2014,CA,50,-0.006749714,13
10,2014,CA,50,-0.008431747,13
3,2014,CA,24,0.013113993,14
4,2014,CA,43,0.000121044,14
5,2014,CA,47,-0.004185519,14
6,2014,CA,50,-0.004071301,14
7,2014,CA,50,-0.004939719,14
8,2014,CA,49,-0.004897432,14
9,2014,CA,50,-0.00693052,14
10,2014,CA,50,-0.008317641,14
3,2014,CA,22,0.01252956,15
4,2014,CA,39,0.0057865,15
5,2014,CA,45,-0.000121617,15
6,2014,CA,46,-0.004098227,15
7,2014,CA,49,-0.00407706,15
8,2014,CA,50,-0.006175046,15
9,2014,CA,50,-0.006857966,15
10,2014,CA,50,-0.00711752,15
3,2014,CA,21,0.011519458,16
4,2014,CA,41,0.001210016,16
5,2014,CA,45,-0.001225121,16
6,2014,CA,49,-0.004295765,16
7,2014,CA,50,-0.00618509,16
8,2014,CA,50,-0.004620091,16
9,2014,CA,50,-0.007427536,16
10,2014,CA,50,-0.008976685,16
3,2014,CA,24,0.010509357,17
4,2014,CA,37,-0.002516888,17
5,2014,CA,46,-0.002701861,17
6,2014,CA,50,-0.003445107,17
7,2014,CA,49,-0.004938217,17
8,2014,CA,50,-0.005326852,17
9,2014,CA,50,-0.007386809,17
10,2014,CA,50,-0.008425202,17
3,2014,CA,26,0.008380155,18
4,2014,CA,43,-0.001159971,18
5,2014,CA,47,-0.001113676,18
6,2014,CA,48,-0.003978262,18
7,2014,CA,49,-0.005586787,18
8,2014,CA,50,-0.00537354,18
9,2014,CA,50,-0.005829037,18
10,2014,CA,50,-0.007989675,18
3,2014,CA,24,0.008860304,19
4,2014,CA,43,-0.000254161,19
5,2014,CA,48,-0.005493348,19
6,2014,CA,49,-0.003973254,19
7,2014,CA,50,-0.002176472,19
8,2014,CA,49,-0.005902978,19
9,2014,CA,50,-0.008001785,19
10,2014,CA,50,-0.007528969,19
3,2014,CA,20,0.01252956,20
4,2014,CA,40,-0.005278142,20
5,2014,CA,49,-0.001036822,20
6,2014,CA,48,-0.005905768,20
7,2014,CA,50,-0.005476166,20
8,2014,CA,50,-0.005035346,20
9,2014,CA,50,-0.007239393,20
10,2014,CA,50,-0.007580347,20
3,2014,CA,24,0.010509357,21
4,2014,CA,42,-0.001340403,21
5,2014,CA,44,-0.006385393,21
6,2014,CA,49,-0.0049949,21
7,2014,CA,49,-0.003520271,21
8,2014,CA,50,-0.004250804,21
9,2014,CA,50,-0.00704991,21
10,2014,CA,50,-0.007805383,21
3,2014,CA,21,0.010509357,22
4,2014,CA,39,-0.000460674,22
5,2014,CA,48,-0.000543738,22
6,2014,CA,50,-0.005013158,22
7,2014,CA,50,-0.004349348,22
8,2014,CA,50,-0.006667761,22
9,2014,CA,50,-0.007095518,22
10,2014,CA,50,-0.007075488,22
3,2014,CA,22,0.011519458,23
4,2014,CA,41,-0.005024468,23
5,2014,CA,46,-0.00400152,23
6,2014,CA,50,-0.004612249,23
7,2014,CA,50,-0.005730922,23
8,2014,CA,49,-0.004559683,23
9,2014,CA,50,-0.007414541,23
10,2014,CA,50,-0.009398026,23
3,2014,CA,23,0.000449273,24
4,2014,CA,38,-0.003946023,24
5,2014,CA,46,-0.006665158,24
6,2014,CA,46,-0.006845447,24
7,2014,CA,49,-0.004419695,24
8,2014,CA,50,-0.00605483,24
9,2014,CA,49,-0.00728324,24
10,2014,CA,50,-0.008207907,24
3,2014,CA,20,0.014776993,25
4,2014,CA,40,-0.002525468,25
5,2014,CA,50,-0.007075057,25
6,2014,CA,48,-0.003143951,25
7,2014,CA,50,-0.004683764,25
8,2014,CA,50,-0.006161662,25
9,2014,CA,50,-0.007489817,25
10,2014,CA,50,-0.007113159,25
3,2014,CA,23,0.01252956,26
4,2014,CA,38,-0.002965726,26
5,2014,CA,47,-0.005637618,26
6,2014,CA,50,-0.004566984,26
7,2014,CA,50,-0.004397709,26
8,2014,CA,50,-0.006608538,26
9,2014,CA,50,-0.005645633,26
10,2014,CA,50,-0.008038185,26
3,2014,CA,24,0.007079728,27
4,2014,CA,39,0.00087863,27
5,2014,CA,49,-0.004638143,27
6,2014,CA,49,-0.004451568,27
7,2014,CA,50,-0.005391846,27
8,2014,CA,50,-0.005550515,27
9,2014,CA,48,-0.00727035,27
10,2014,CA,50,-0.009749798,27
3,2014,CA,21,0.01252956,28
4,2014,CA,42,-0.000157065,28
5,2014,CA,48,-0.00363879,28
6,2014,CA,50,-0.003932928,28
7,2014,CA,50,-0.004168182,28
8,2014,CA,50,-0.004840314,28
9,2014,CA,49,-0.006933964,28
10,2014,CA,50,-0.008542071,28
3,2014,CA,24,-0.001167135,29
4,2014,CA,41,-0.001488047,29
5,2014,CA,47,-0.005424989,29
6,2014,CA,49,-0.004699137,29
7,2014,CA,50,-0.00565149,29
8,2014,CA,50,-0.007178374,29
9,2014,CA,50,-0.007200241,29
10,2014,CA,50,-0.009565486,29
3,2014,CA,24,0.008860304,30
4,2014,CA,42,0.006402365,30
5,2014,CA,47,-0.002584035,30
6,2014,CA,50,-0.002576007,30
7,2014,CA,50,-0.005494621,30
8,2014,CA,50,-0.006425976,30
9,2014,CA,49,-0.007696122,30
10,2014,CA,50,-0.008962342,30
3,2014,CA,22,0.01252956,31
4,2014,CA,36,-0.001320132,31
5,2014,CA,46,-0.006072213,31
6,2014,CA,48,-0.004530173,31
7,2014,CA,49,-0.004459289,31
8,2014,CA,49,-0.00652103,31
9,2014,CA,50,-0.006522838,31
10,2014,CA,50,-0.008005903,31
3,2014,CA,22,0.01252956,32
4,2014,CA,41,-0.002965726,32
5,2014,CA,48,-0.002451633,32
6,2014,CA,49,-0.005306748,32
7,2014,CA,46,-0.004341427,32
8,2014,CA,49,-0.005453255,32
9,2014,CA,50,-0.006786058,32
10,2014,CA,50,-0.007255577,32
3,2014,CA,24,0.00968483,33
4,2014,CA,40,0.002442186,33
5,2014,CA,46,-0.002457297,33
6,2014,CA,48,-0.00505947,33
7,2014,CA,50,-0.004367264,33
8,2014,CA,49,-0.005973699,33
9,2014,CA,50,-0.008131176,33
10,2014,CA,49,-0.007666364,33
3,2014,CA,22,0.00968483,34
4,2014,CA,40,-0.001615695,34
5,2014,CA,46,-0.00526557,34
6,2014,CA,48,-0.001736586,34
7,2014,CA,50,-0.004922028,34
8,2014,CA,50,-0.005587572,34
9,2014,CA,50,-0.005231217,34
10,2014,CA,50,-0.008402958,34
3,2014,CA,23,0.010509357,35
4,2014,CA,42,-0.000588046,35
5,2014,CA,44,-0.001104232,35
6,2014,CA,49,-0.004797443,35
7,2014,CA,48,-0.006662657,35
8,2014,CA,50,-0.007187881,35
9,2014,CA,50,-0.00506764,35
10,2014,CA,50,-0.00705659,35
3,2014,CA,24,0.011519458,36
4,2014,CA,44,-0.003392831,36
5,2014,CA,48,-0.004010238,36
6,2014,CA,49,-0.006426554,36
7,2014,CA,49,-0.006281444,36
8,2014,CA,50,-0.00533013,36
9,2014,CA,49,-0.008251067,36
10,2014,CA,50,-0.008321705,36
3,2014,CA,25,0.005939614,37
4,2014,CA,40,0.006409335,37
5,2014,CA,47,-0.003810453,37
6,2014,CA,49,-0.004598932,37
7,2014,CA,50,-0.004200555,37
8,2014,CA,50,-0.006332471,37
9,2014,CA,50,-0.005510369,37
10,2014,CA,50,-0.009037635,37
3,2014,CA,21,0.00968483,38
4,2014,CA,40,0.002442186,38
5,2014,CA,49,-0.003882208,38
6,2014,CA,50,-0.006398383,38
7,2014,CA,50,-0.002974233,38
8,2014,CA,50,-0.005111407,38
9,2014,CA,50,-0.007621135,38
10,2014,CA,50,-0.007296865,38
3,2014,CA,24,0.01252956,39
4,2014,CA,42,0.000284031,39
5,2014,CA,45,-0.004331684,39
6,2014,CA,48,-0.006182431,39
7,2014,CA,50,-0.006372213,39
8,2014,CA,50,-0.005517321,39
9,2014,CA,50,-0.00617209,39
10,2014,CA,50,-0.008734431,39
3,2014,CA,22,0.012821776,40
4,2014,CA,41,0.00087863,40
5,2014,CA,48,-0.003734108,40
6,2014,CA,50,-0.002342684,40
7,2014,CA,50,-0.003571237,40
8,2014,CA,50,-0.007099977,40
9,2014,CA,50,-0.007510421,40
10,2014,CA,50,-0.008884097,40
3,2014,CA,25,0.008860304,41
4,2014,CA,38,-0.001192759,41
5,2014,CA,46,-0.005675301,41
6,2014,CA,49,-0.007139265,41
7,2014,CA,49,-0.004941813,41
8,2014,CA,50,-0.004787786,41
9,2014,CA,50,-0.007831249,41
10,2014,CA,50,-0.009445871,41
3,2014,CA,25,0.013113993,42
4,2014,CA,45,0.002310553,42
5,2014,CA,49,-0.004493544,42
6,2014,CA,48,-0.002091993,42
7,2014,CA,47,-0.006464648,42
8,2014,CA,50,-0.006586829,42
9,2014,CA,50,-0.007464927,42
10,2014,CA,50,-0.008757735,42
3,2014,CA,24,0.010509357,43
4,2014,CA,42,-0.00231149,43
5,2014,CA,48,-0.00526557,43
6,2014,CA,49,-0.002813716,43
7,2014,CA,50,-0.004744938,43
8,2014,CA,50,-0.005734434,43
9,2014,CA,50,-0.006765321,43
10,2014,CA,50,-0.01030329,43
3,2014,CA,22,0.014776993,44
4,2014,CA,37,0.004034566,44
5,2014,CA,47,-0.005468714,44
6,2014,CA,48,-0.007360343,44
7,2014,CA,48,-0.002899078,44
8,2014,CA,49,-0.004575362,44
9,2014,CA,50,-0.006336195,44
10,2014,CA,50,-0.008327809,44
3,2014,CA,24,0.012821776,45
4,2014,CA,42,-0.004469603,45
5,2014,CA,49,-0.004044433,45
6,2014,CA,50,-0.002377312,45
7,2014,CA,49,-0.00708814,45
8,2014,CA,50,-0.005894673,45
9,2014,CA,50,-0.006808915,45
10,2014,CA,49,-0.0084722,45
3,2014,CA,23,0.012821776,46
4,2014,CA,42,0.00474733,46
5,2014,CA,48,-0.003139298,46
6,2014,CA,50,-0.00269243,46
7,2014,CA,49,-0.00306012,46
8,2014,CA,50,-0.005821428,46
9,2014,CA,50,-0.007503101,46
10,2014,CA,50,-0.007864958,46
3,2014,CA,19,0.018111254,47
4,2014,CA,42,0.000512709,47
5,2014,CA,45,-0.003060085,47
6,2014,CA,50,-0.003062783,47
7,2014,CA,50,-0.004965711,47
8,2014,CA,50,-0.005890375,47
9,2014,CA,49,-0.007475531,47
10,2014,CA,50,-0.008981202,47
3,2014,CA,20,0.013945493,48
4,2014,CA,47,-0.001320132,48
5,2014,CA,46,0.000569453,48
6,2014,CA,49,-0.006359511,48
7,2014,CA,50,-0.00383818,48
8,2014,CA,50,-0.00510037,48
9,2014,CA,50,-0.0076006,48
10,2014,CA,50,-0.009066249,48
3,2014,CA,24,0.012821776,49
4,2014,CA,41,-0.000710843,49
5,2014,CA,46,-0.003829099,49
6,2014,CA,49,-0.006661454,49
7,2014,CA,50,-0.006055784,49
8,2014,CA,50,-0.005667656,49
9,2014,CA,50,-0.008042964,49
10,2014,CA,50,-0.008458064,49
3,2014,CA,25,0.010509357,50
4,2014,CA,44,-0.001320132,50
5,2014,CA,47,-0.002802721,50
6,2014,CA,48,-0.002308064,50
7,2014,CA,50,-0.00396832,50
8,2014,CA,49,-0.005074112,50
9,2014,CA,49,-0.007028371,50
10,2014,CA,50,-0.007400026,50
3,2012,VT,23,0.032617768,1
4,2012,VT,40,0.031986692,1
5,2012,VT,46,0.033074064,1
6,2012,VT,47,0.030453262,1
7,2012,VT,50,0.031854058,1
8,2012,VT,50,0.031974038,1
9,2012,VT,50,0.028348803,1
10,2012,VT,50,0.032274562,1
3,2012,VT,22,0.029078936,2
4,2012,VT,37,0.032970847,2
5,2012,VT,49,0.030439978,2
6,2012,VT,50,0.030447823,2
7,2012,VT,50,0.02903357,2
8,2012,VT,50,0.031090546,2
9,2012,VT,50,0.027274846,2
10,2012,VT,50,0.031528746,2
3,2012,VT,21,0.031155436,3
4,2012,VT,38,0.031679872,3
5,2012,VT,48,0.033659997,3
6,2012,VT,49,0.029078928,3
7,2012,VT,50,0.03119045,3
8,2012,VT,50,0.029978547,3
9,2012,VT,50,0.028583356,3
10,2012,VT,50,0.032348009,3
3,2012,VT,25,0.030353044,4
4,2012,VT,44,0.032147273,4
5,2012,VT,46,0.029745941,4
6,2012,VT,48,0.031464685,4
7,2012,VT,50,0.03087771,4
8,2012,VT,50,0.029229888,4
9,2012,VT,49,0.026963663,4
10,2012,VT,49,0.032880844,4
3,2012,VT,28,0.033113928,5
4,2012,VT,41,0.031204076,5
5,2012,VT,47,0.032238236,5
6,2012,VT,50,0.028820447,5
7,2012,VT,50,0.029615087,5
8,2012,VT,50,0.031976145,5
9,2012,VT,49,0.031485727,5
10,2012,VT,50,0.031092233,5
3,2012,VT,23,0.033113928,6
4,2012,VT,42,0.030239759,6
5,2012,VT,48,0.032684293,6
6,2012,VT,50,0.032773157,6
7,2012,VT,50,0.029763857,6
8,2012,VT,49,0.029277911,6
9,2012,VT,50,0.032623907,6
10,2012,VT,50,0.028826486,6
3,2012,VT,28,0.03438702,7
4,2012,VT,39,0.03091547,7
5,2012,VT,46,0.029907071,7
6,2012,VT,49,0.034368826,7
7,2012,VT,50,0.03141302,7
8,2012,VT,50,0.031428446,7
9,2012,VT,50,0.033004236,7
10,2012,VT,50,0.032470625,7
3,2012,VT,23,0.032693166,8
4,2012,VT,43,0.031103057,8
5,2012,VT,47,0.031439924,8
6,2012,VT,49,0.027103651,8
7,2012,VT,50,0.031363272,8
8,2012,VT,50,0.031237486,8
9,2012,VT,50,0.028216444,8
10,2012,VT,49,0.031213437,8
3,2012,VT,25,0.029353489,9
4,2012,VT,44,0.031340629,9
5,2012,VT,48,0.033555448,9
6,2012,VT,47,0.033434039,9
7,2012,VT,49,0.031674905,9
8,2012,VT,50,0.032473068,9
9,2012,VT,50,0.032561723,9
10,2012,VT,49,0.030047444,9
3,2012,VT,24,0.029078936,10
4,2012,VT,41,0.034355441,10
5,2012,VT,47,0.032792371,10
6,2012,VT,50,0.032908096,10
7,2012,VT,50,0.032575916,10
8,2012,VT,49,0.031669596,10
9,2012,VT,50,0.030056912,10
10,2012,VT,50,0.027824197,10
3,2012,VT,24,0.029156326,11
4,2012,VT,42,0.032454093,11
5,2012,VT,46,0.032398305,11
6,2012,VT,48,0.031306452,11
7,2012,VT,50,0.02908375,11
8,2012,VT,50,0.033112385,11
9,2012,VT,48,0.031125172,11
10,2012,VT,50,0.032238003,11
3,2012,VT,24,0.033113928,12
4,2012,VT,40,0.032055994,12
5,2012,VT,48,0.027710826,12
6,2012,VT,49,0.034162101,12
7,2012,VT,49,0.029258812,12
8,2012,VT,50,0.032292065,12
9,2012,VT,50,0.031046727,12
10,2012,VT,50,0.031661145,12
3,2012,VT,23,0.030155881,13
4,2012,VT,43,0.034621243,13
5,2012,VT,44,0.032724697,13
6,2012,VT,50,0.029449967,13
7,2012,VT,50,0.030443061,13
8,2012,VT,48,0.029551407,13
9,2012,VT,50,0.032124407,13
10,2012,VT,50,0.032751987,13
3,2012,VT,21,0.032768563,14
4,2012,VT,41,0.033896335,14
5,2012,VT,46,0.032523947,14
6,2012,VT,49,0.032993913,14
7,2012,VT,49,0.027382492,14
8,2012,VT,50,0.02959306,14
9,2012,VT,50,0.028997492,14
10,2012,VT,50,0.032392238,14
3,2012,VT,25,0.033459293,15
4,2012,VT,37,0.03091547,15
5,2012,VT,48,0.028170051,15
6,2012,VT,50,0.034160852,15
7,2012,VT,49,0.027777715,15
8,2012,VT,50,0.032756534,15
9,2012,VT,50,0.032997701,15
10,2012,VT,50,0.031349902,15
3,2012,VT,19,0.031962,16
4,2012,VT,36,0.030626863,16
5,2012,VT,49,0.034779569,16
6,2012,VT,49,0.030255495,16
7,2012,VT,50,0.030945491,16
8,2012,VT,49,0.029650661,16
9,2012,VT,50,0.029381647,16
10,2012,VT,50,0.03174164,16
3,2012,VT,19,0.030353044,17
4,2012,VT,41,0.037360373,17
5,2012,VT,49,0.032236494,17
6,2012,VT,50,0.029027696,17
7,2012,VT,50,0.032687731,17
8,2012,VT,50,0.026807227,17
9,2012,VT,50,0.030666544,17
10,2012,VT,50,0.030223327,17
3,2012,VT,21,0.031886602,18
4,2012,VT,40,0.034620124,18
5,2012,VT,50,0.029205463,18
6,2012,VT,49,0.032741035,18
7,2012,VT,47,0.032683626,18
8,2012,VT,50,0.032040871,18
9,2012,VT,50,0.029911642,18
10,2012,VT,50,0.028442538,18
3,2012,VT,21,0.031886602,19
4,2012,VT,42,0.032172738,19
5,2012,VT,45,0.032520128,19
6,2012,VT,49,0.032530204,19
7,2012,VT,50,0.033633252,19
8,2012,VT,50,0.028508578,19
9,2012,VT,50,0.028623505,19
10,2012,VT,50,0.033510715,19
3,2012,VT,23,0.029550652,20
4,2012,VT,44,0.025860671,20
5,2012,VT,47,0.03130814,20
6,2012,VT,50,0.030616265,20
7,2012,VT,50,0.02999058,20
8,2012,VT,49,0.030047238,20
9,2012,VT,50,0.029393815,20
10,2012,VT,49,0.031403964,20
3,2012,VT,19,0.030353044,21
4,2012,VT,33,0.032155667,21
5,2012,VT,47,0.03182044,21
6,2012,VT,50,0.028406875,21
7,2012,VT,50,0.035043836,21
8,2012,VT,50,0.029979618,21
9,2012,VT,50,0.032437614,21
10,2012,VT,50,0.028620786,21
3,2012,VT,27,0.032617768,22
4,2012,VT,44,0.030357209,22
5,2012,VT,45,0.033300553,22
6,2012,VT,49,0.031633217,22
7,2012,VT,50,0.032012413,22
8,2012,VT,50,0.032234708,22
9,2012,VT,48,0.032661138,22
10,2012,VT,50,0.028809441,22
3,2012,VT,20,0.032768563,23
4,2012,VT,41,0.034263717,23
5,2012,VT,45,0.032581248,23
6,2012,VT,49,0.029850822,23
7,2012,VT,50,0.031769561,23
8,2012,VT,50,0.032339419,23
9,2012,VT,48,0.031545346,23
10,2012,VT,50,0.031045616,23
3,2012,VT,22,0.031155436,24
4,2012,VT,45,0.030550761,24
5,2012,VT,49,0.027170357,24
6,2012,VT,50,0.032032445,24
7,2012,VT,50,0.031731405,24
8,2012,VT,50,0.029739107,24
9,2012,VT,50,0.030485436,24
10,2012,VT,50,0.033317815,24
3,2012,VT,23,0.029156326,25
4,2012,VT,45,0.034969718,25
5,2012,VT,48,0.035316078,25
6,2012,VT,49,0.031845953,25
7,2012,VT,49,0.031426795,25
8,2012,VT,50,0.032145554,25
9,2012,VT,50,0.028296043,25
10,2012,VT,50,0.033708843,25
3,2012,VT,28,0.032617768,26
4,2012,VT,44,0.034075663,26
5,2012,VT,45,0.034298938,26
6,2012,VT,48,0.027863819,26
7,2012,VT,48,0.032986653,26
8,2012,VT,50,0.032023643,26
9,2012,VT,49,0.031565248,26
10,2012,VT,50,0.030662486,26
3,2012,VT,26,0.031886602,27
4,2012,VT,38,0.030134284,27
5,2012,VT,46,0.033383172,27
6,2012,VT,50,0.034571036,27
7,2012,VT,50,0.029041064,27
8,2012,VT,50,0.03197139,27
9,2012,VT,49,0.032772372,27
10,2012,VT,50,0.030473978,27
3,2012,VT,20,0.03303853,28
4,2012,VT,37,0.029752563,28
5,2012,VT,47,0.034047478,28
6,2012,VT,49,0.031925777,28
7,2012,VT,50,0.029112406,28
8,2012,VT,50,0.031789318,28
9,2012,VT,50,0.032146474,28
10,2012,VT,50,0.031486233,28
3,2012,VT,21,0.03303853,29
4,2012,VT,37,0.029843125,29
5,2012,VT,47,0.034421008,29
6,2012,VT,48,0.032598188,29
7,2012,VT,50,0.030860384,29
8,2012,VT,49,0.033298318,29
9,2012,VT,50,0.030401014,29
10,2012,VT,50,0.032912564,29
3,2012,VT,21,0.032768563,30
4,2012,VT,41,0.031757171,30
5,2012,VT,48,0.031643057,30
6,2012,VT,49,0.029620994,30
7,2012,VT,50,0.030046036,30
8,2012,VT,50,0.028531776,30
9,2012,VT,50,0.031995974,30
10,2012,VT,50,0.029724218,30
3,2012,VT,20,0.032768563,31
4,2012,VT,46,0.03482179,31
5,2012,VT,47,0.031810866,31
6,2012,VT,49,0.029393026,31
7,2012,VT,50,0.031265314,31
8,2012,VT,50,0.031638733,31
9,2012,VT,50,0.029373835,31
10,2012,VT,50,0.031046196,31
3,2012,VT,20,0.031962,32
4,2012,VT,42,0.033860551,32
5,2012,VT,49,0.031718478,32
6,2012,VT,49,0.028750898,32
7,2012,VT,50,0.032130041,32
8,2012,VT,50,0.032841166,32
9,2012,VT,50,0.03260607,32
10,2012,VT,50,0.032813765,32
3,2012,VT,21,0.025668637,33
4,2012,VT,43,0.032232966,33
5,2012,VT,48,0.025823529,33
6,2012,VT,50,0.031724354,33
7,2012,VT,50,0.03116218,33
8,2012,VT,50,0.028670009,33
9,2012,VT,50,0.029385979,33
10,2012,VT,50,0.031220217,33
3,2012,VT,24,0.032768563,34
4,2012,VT,41,0.033809297,34
5,2012,VT,48,0.0349648,34
6,2012,VT,49,0.029561524,34
7,2012,VT,50,0.032012366,34
8,2012,VT,49,0.031419968,34
9,2012,VT,50,0.029530292,34
10,2012,VT,50,0.033931456,34
3,2012,VT,25,0.029089454,35
4,2012,VT,45,0.033896335,35
5,2012,VT,49,0.032279746,35
6,2012,VT,50,0.033479138,35
7,2012,VT,50,0.031767739,35
8,2012,VT,50,0.030115338,35
9,2012,VT,50,0.030468392,35
10,2012,VT,50,0.02949386,35
3,2012,VT,20,0.031155436,36
4,2012,VT,41,0.032793891,36
5,2012,VT,48,0.034802967,36
6,2012,VT,48,0.02947978,36
7,2012,VT,49,0.030444477,36
8,2012,VT,50,0.030967382,36
9,2012,VT,50,0.03171388,36
10,2012,VT,50,0.031806145,36
3,2012,VT,21,0.036921683,37
4,2012,VT,45,0.026864394,37
5,2012,VT,49,0.031432029,37
6,2012,VT,49,0.030429428,37
7,2012,VT,50,0.031411036,37
8,2012,VT,50,0.027775067,37
9,2012,VT,50,0.031096901,37
10,2012,VT,49,0.032362077,37
3,2012,VT,24,0.035190488,38
4,2012,VT,39,0.030134284,38
5,2012,VT,48,0.028374476,38
6,2012,VT,50,0.028651904,38
7,2012,VT,48,0.031795426,38
8,2012,VT,50,0.030707329,38
9,2012,VT,50,0.03184152,38
10,2012,VT,50,0.032700614,38
3,2012,VT,30,0.031155436,39
4,2012,VT,38,0.029678857,39
5,2012,VT,45,0.031349922,39
6,2012,VT,49,0.029010408,39
7,2012,VT,49,0.029837921,39
8,2012,VT,50,0.029369597,39
9,2012,VT,50,0.030382678,39
10,2012,VT,50,0.031152052,39
3,2012,VT,20,0.032768563,40
4,2012,VT,42,0.033762004,40
5,2012,VT,48,0.030773848,40
6,2012,VT,48,0.031334763,40
7,2012,VT,49,0.031125109,40
8,2012,VT,50,0.028851267,40
9,2012,VT,50,0.031636832,40
10,2012,VT,50,0.03396471,40
3,2012,VT,23,0.029550652,41
4,2012,VT,40,0.035087409,41
5,2012,VT,48,0.031114433,41
6,2012,VT,49,0.028802742,41
7,2012,VT,50,0.028638007,41
8,2012,VT,50,0.031930591,41
9,2012,VT,50,0.03340735,41
10,2012,VT,50,0.035473806,41
3,2012,VT,25,0.031155436,42
4,2012,VT,41,0.034089639,42
5,2012,VT,49,0.032811685,42
6,2012,VT,50,0.03300743,42
7,2012,VT,50,0.029047328,42
8,2012,VT,50,0.028986534,42
9,2012,VT,50,0.032313795,42
10,2012,VT,50,0.030212247,42
3,2012,VT,21,0.031886602,43
4,2012,VT,45,0.032258432,43
5,2012,VT,46,0.032264365,43
6,2012,VT,50,0.032926546,43
7,2012,VT,46,0.030853745,43
8,2012,VT,49,0.028391302,43
9,2012,VT,50,0.026780148,43
10,2012,VT,50,0.032162133,43
3,2012,VT,26,0.031155436,44
4,2012,VT,38,0.030929121,44
5,2012,VT,46,0.032256423,44
6,2012,VT,50,0.030212129,44
7,2012,VT,49,0.03294591,44
8,2012,VT,50,0.031106693,44
9,2012,VT,50,0.029407427,44
10,2012,VT,50,0.03329859,44
3,2012,VT,21,0.029550652,45
4,2012,VT,39,0.03091547,45
5,2012,VT,48,0.030748262,45
6,2012,VT,50,0.032599454,45
7,2012,VT,48,0.030976708,45
8,2012,VT,50,0.030844612,45
9,2012,VT,50,0.02947088,45
10,2012,VT,50,0.031250602,45
3,2012,VT,20,0.029550652,46
4,2012,VT,36,0.034504874,46
5,2012,VT,47,0.032471745,46
6,2012,VT,49,0.033296518,46
7,2012,VT,50,0.029756217,46
8,2012,VT,50,0.033131728,46
9,2012,VT,49,0.030927417,46
10,2012,VT,49,0.031537215,46
3,2012,VT,24,0.029550652,47
4,2012,VT,42,0.030891646,47
5,2012,VT,49,0.030772907,47
6,2012,VT,50,0.032709595,47
7,2012,VT,50,0.033805055,47
8,2012,VT,50,0.032591875,47
9,2012,VT,50,0.033599183,47
10,2012,VT,50,0.027616218,47
3,2012,VT,24,0.031155436,48
4,2012,VT,44,0.034920108,48
5,2012,VT,46,0.031295694,48
6,2012,VT,50,0.032529673,48
7,2012,VT,49,0.0315796,48
8,2012,VT,50,0.031157569,48
9,2012,VT,50,0.031349638,48
10,2012,VT,50,0.033163272,48
3,2012,VT,24,0.032768563,49
4,2012,VT,39,0.030234845,49
5,2012,VT,48,0.030547183,49
6,2012,VT,49,0.02709165,49
7,2012,VT,49,0.031273019,49
8,2012,VT,49,0.033770262,49
9,2012,VT,50,0.029368158,49
10,2012,VT,49,0.034047457,49
3,2012,VT,26,0.032693166,50
4,2012,VT,37,0.030550761,50
5,2012,VT,48,0.032376915,50
6,2012,VT,49,0.03311479,50
7,2012,VT,50,0.033344702,50
8,2012,VT,50,0.030635775,50
9,2012,VT,50,0.030430802,50
10,2012,VT,50,0.031250092,50
3,2014,RI,21,0.049116374,1
4,2014,RI,44,0.059662115,1
5,2014,RI,49,0.064844381,1
6,2014,RI,50,0.068602554,1
7,2014,RI,49,0.073884627,1
8,2014,RI,50,0.075150238,1
9,2014,RI,50,0.077862411,1
10,2014,RI,50,0.081089778,1
3,2014,RI,24,0.051232729,2
4,2014,RI,44,0.060781091,2
5,2014,RI,48,0.0675907,2
6,2014,RI,49,0.067438482,2
7,2014,RI,50,0.075289996,2
8,2014,RI,50,0.075524007,2
9,2014,RI,50,0.078371467,2
10,2014,RI,50,0.08065737,2
3,2014,RI,19,0.050312472,3
4,2014,RI,39,0.057899153,3
5,2014,RI,46,0.066970713,3
6,2014,RI,50,0.074171265,3
7,2014,RI,50,0.072013058,3
8,2014,RI,50,0.076826234,3
9,2014,RI,49,0.076777659,3
10,2014,RI,50,0.07682537,3
3,2014,RI,20,0.050516408,4
4,2014,RI,38,0.062688957,4
5,2014,RI,47,0.061760496,4
6,2014,RI,49,0.0707225,4
7,2014,RI,50,0.07174911,4
8,2014,RI,50,0.077063872,4
9,2014,RI,50,0.079445728,4
10,2014,RI,50,0.080060016,4
3,2014,RI,21,0.051949049,5
4,2014,RI,37,0.060781091,5
5,2014,RI,48,0.06564279,5
6,2014,RI,50,0.068241198,5
7,2014,RI,49,0.070760041,5
8,2014,RI,50,0.074200207,5
9,2014,RI,49,0.076389937,5
10,2014,RI,50,0.078871558,5
3,2014,RI,26,0.054676666,6
4,2014,RI,41,0.061273366,6
5,2014,RI,49,0.070254207,6
6,2014,RI,49,0.068637916,6
7,2014,RI,50,0.075651526,6
8,2014,RI,50,0.075570407,6
9,2014,RI,50,0.078965804,6
10,2014,RI,50,0.079693635,6
3,2014,RI,19,0.047182126,7
4,2014,RI,41,0.057590705,7
5,2014,RI,44,0.068797381,7
6,2014,RI,45,0.069531723,7
7,2014,RI,50,0.075548045,7
8,2014,RI,49,0.075414758,7
9,2014,RI,50,0.076477266,7
10,2014,RI,50,0.079988059,7
3,2014,RI,25,0.050108536,8
4,2014,RI,39,0.060113084,8
5,2014,RI,50,0.066942391,8
6,2014,RI,50,0.070838799,8
7,2014,RI,50,0.071803393,8
8,2014,RI,50,0.077717484,8
9,2014,RI,50,0.078862933,8
10,2014,RI,50,0.080136154,8
3,2014,RI,23,0.050312472,9
4,2014,RI,40,0.059232011,9
5,2014,RI,48,0.066128544,9
6,2014,RI,49,0.072838194,9
7,2014,RI,49,0.071148475,9
8,2014,RI,50,0.076919388,9
9,2014,RI,49,0.077137714,9
10,2014,RI,50,0.07945361,9
3,2014,RI,20,0.048124213,10
4,2014,RI,40,0.05653603,10
5,2014,RI,48,0.066955119,10
6,2014,RI,50,0.069678448,10
7,2014,RI,50,0.071847904,10
8,2014,RI,50,0.074992732,10
9,2014,RI,50,0.077839487,10
10,2014,RI,50,0.080312046,10
3,2014,RI,26,0.051028792,11
4,2014,RI,40,0.061181723,11
5,2014,RI,47,0.063070985,11
6,2014,RI,50,0.068291381,11
7,2014,RI,50,0.072762842,11
8,2014,RI,50,0.077441149,11
9,2014,RI,50,0.078583212,11
10,2014,RI,50,0.080636701,11
3,2014,RI,21,0.050108536,12
4,2014,RI,40,0.058444074,12
5,2014,RI,46,0.063722361,12
6,2014,RI,49,0.070116124,12
7,2014,RI,50,0.068958214,12
8,2014,RI,50,0.07818425,12
9,2014,RI,49,0.078937594,12
10,2014,RI,50,0.077591647,12
3,2014,RI,19,0.049116374,13
4,2014,RI,43,0.057355921,13
5,2014,RI,47,0.065794878,13
6,2014,RI,50,0.069705117,13
7,2014,RI,48,0.071344623,13
8,2014,RI,49,0.075284198,13
9,2014,RI,49,0.076948145,13
10,2014,RI,50,0.080559583,13
3,2014,RI,26,0.045531467,14
4,2014,RI,41,0.061181723,14
5,2014,RI,45,0.063174383,14
6,2014,RI,50,0.067862141,14
7,2014,RI,50,0.073694136,14
8,2014,RI,50,0.075371873,14
9,2014,RI,50,0.077231765,14
10,2014,RI,50,0.078660063,14
3,2014,RI,24,0.050312472,15
4,2014,RI,47,0.060395183,15
5,2014,RI,48,0.065646312,15
6,2014,RI,48,0.071170695,15
7,2014,RI,50,0.075920449,15
8,2014,RI,50,0.077741172,15
9,2014,RI,50,0.076813748,15
10,2014,RI,50,0.079317324,15
3,2014,RI,24,0.050108536,16
4,2014,RI,42,0.058890168,16
5,2014,RI,49,0.068040707,16
6,2014,RI,49,0.069447141,16
7,2014,RI,50,0.072951722,16
8,2014,RI,50,0.074154218,16
9,2014,RI,50,0.079762013,16
10,2014,RI,50,0.079818805,16
3,2014,RI,25,0.053236591,17
4,2014,RI,40,0.059937557,17
5,2014,RI,47,0.063568661,17
6,2014,RI,50,0.069668951,17
7,2014,RI,50,0.075487392,17
8,2014,RI,50,0.072044865,17
9,2014,RI,50,0.077186141,17
10,2014,RI,50,0.081412516,17
3,2014,RI,21,0.051949049,18
4,2014,RI,39,0.05765216,18
5,2014,RI,49,0.064763281,18
6,2014,RI,49,0.068594857,18
7,2014,RI,50,0.073933601,18
8,2014,RI,50,0.073985547,18
9,2014,RI,50,0.077717358,18
10,2014,RI,50,0.078378484,18
3,2014,RI,24,0.050108536,19
4,2014,RI,40,0.060821347,19
5,2014,RI,48,0.062839838,19
6,2014,RI,50,0.068688991,19
7,2014,RI,50,0.074385914,19
8,2014,RI,49,0.072494647,19
9,2014,RI,50,0.077947235,19
10,2014,RI,50,0.079984985,19
3,2014,RI,22,0.050516408,20
4,2014,RI,40,0.059964811,20
5,2014,RI,47,0.065868971,20
6,2014,RI,50,0.071164272,20
7,2014,RI,50,0.070895097,20
8,2014,RI,50,0.078557332,20
9,2014,RI,50,0.075821077,20
10,2014,RI,50,0.0790099,20
3,2014,RI,21,0.047182126,21
4,2014,RI,39,0.060234172,21
5,2014,RI,45,0.066860126,21
6,2014,RI,49,0.069352496,21
7,2014,RI,50,0.072404241,21
8,2014,RI,50,0.072992723,21
9,2014,RI,50,0.07629042,21
10,2014,RI,50,0.079802831,21
3,2014,RI,23,0.05259282,22
4,2014,RI,42,0.059662115,22
5,2014,RI,49,0.065352062,22
6,2014,RI,49,0.065121328,22
7,2014,RI,49,0.070880076,22
8,2014,RI,50,0.076571447,22
9,2014,RI,50,0.077474908,22
10,2014,RI,50,0.079896995,22
3,2014,RI,22,0.051949049,23
4,2014,RI,37,0.058740924,23
5,2014,RI,45,0.064041314,23
6,2014,RI,49,0.071624985,23
7,2014,RI,49,0.07269861,23
8,2014,RI,50,0.075511296,23
9,2014,RI,50,0.075309802,23
10,2014,RI,50,0.080953946,23
3,2014,RI,17,0.046240039,24
4,2014,RI,45,0.05886779,24
5,2014,RI,43,0.06701235,24
6,2014,RI,47,0.069894204,24
7,2014,RI,50,0.073687353,24
8,2014,RI,50,0.074005653,24
9,2014,RI,50,0.079520949,24
10,2014,RI,50,0.07969875,24
3,2014,RI,21,0.048124213,25
4,2014,RI,41,0.059816538,25
5,2014,RI,46,0.065265045,25
6,2014,RI,50,0.069236498,25
7,2014,RI,50,0.071413165,25
8,2014,RI,50,0.073065268,25
9,2014,RI,50,0.07785321,25
10,2014,RI,50,0.080119214,25
3,2014,RI,26,0.054676666,26
4,2014,RI,44,0.059246851,26
5,2014,RI,47,0.068555121,26
6,2014,RI,50,0.070311543,26
7,2014,RI,50,0.074831582,26
8,2014,RI,48,0.076167684,26
9,2014,RI,50,0.077216573,26
10,2014,RI,50,0.080760879,26
3,2014,RI,20,0.051232729,27
4,2014,RI,41,0.058196003,27
5,2014,RI,46,0.060247317,27
6,2014,RI,49,0.070596135,27
7,2014,RI,49,0.075087789,27
8,2014,RI,49,0.076792081,27
9,2014,RI,49,0.078395114,27
10,2014,RI,50,0.077062072,27
3,2014,RI,19,0.050312472,28
4,2014,RI,40,0.057215345,28
5,2014,RI,48,0.065421889,28
6,2014,RI,48,0.069049494,28
7,2014,RI,49,0.071159597,28
8,2014,RI,50,0.07549677,28
9,2014,RI,50,0.077475064,28
10,2014,RI,50,0.079590017,28
3,2014,RI,23,0.05259282,29
4,2014,RI,42,0.059549688,29
5,2014,RI,49,0.065173751,29
6,2014,RI,50,0.070092592,29
7,2014,RI,49,0.075483269,29
8,2014,RI,50,0.075650171,29
9,2014,RI,50,0.078726918,29
10,2014,RI,50,0.079464613,29
3,2014,RI,26,0.051232729,30
4,2014,RI,41,0.05653603,30
5,2014,RI,45,0.065951026,30
6,2014,RI,49,0.067601351,30
7,2014,RI,49,0.07587115,30
8,2014,RI,50,0.075141022,30
9,2014,RI,50,0.077170575,30
10,2014,RI,50,0.079161971,30
3,2014,RI,25,0.056884559,31
4,2014,RI,39,0.058890168,31
5,2014,RI,48,0.070177981,31
6,2014,RI,50,0.066693096,31
7,2014,RI,49,0.072350806,31
8,2014,RI,50,0.07454726,31
9,2014,RI,50,0.077714628,31
10,2014,RI,50,0.078720117,31
3,2014,RI,20,0.044822896,32
4,2014,RI,43,0.0605099,32
5,2014,RI,45,0.063976584,32
6,2014,RI,48,0.06921718,32
7,2014,RI,49,0.072641612,32
8,2014,RI,50,0.074586837,32
9,2014,RI,49,0.076891484,32
10,2014,RI,50,0.077496884,32
3,2014,RI,24,0.047182126,33
4,2014,RI,45,0.060085898,33
5,2014,RI,48,0.064690878,33
6,2014,RI,50,0.0702019,33
7,2014,RI,50,0.072116119,33
8,2014,RI,50,0.075420207,33
9,2014,RI,50,0.079786679,33
10,2014,RI,50,0.081144296,33
3,2014,RI,21,0.045531467,34
4,2014,RI,39,0.061368266,34
5,2014,RI,44,0.061035103,34
6,2014,RI,50,0.069059913,34
7,2014,RI,50,0.07441959,34
8,2014,RI,50,0.077619316,34
9,2014,RI,50,0.079130719,34
10,2014,RI,50,0.081056468,34
3,2014,RI,22,0.051232729,35
4,2014,RI,39,0.060435106,35
5,2014,RI,48,0.065294062,35
6,2014,RI,48,0.070945351,35
7,2014,RI,49,0.072977796,35
8,2014,RI,50,0.074221508,35
9,2014,RI,50,0.077683732,35
10,2014,RI,50,0.078904801,35
3,2014,RI,23,0.048124213,36
4,2014,RI,42,0.060246842,36
5,2014,RI,47,0.061937384,36
6,2014,RI,46,0.073203748,36
7,2014,RI,49,0.07216588,36
8,2014,RI,50,0.072956216,36
9,2014,RI,49,0.077003205,36
10,2014,RI,50,0.079436999,36
3,2014,RI,24,0.048124213,37
4,2014,RI,41,0.061315661,37
5,2014,RI,46,0.062564188,37
6,2014,RI,46,0.069704161,37
7,2014,RI,50,0.072105161,37
8,2014,RI,50,0.073042984,37
9,2014,RI,50,0.077525819,37
10,2014,RI,50,0.080505067,37
3,2014,RI,19,0.049116374,38
4,2014,RI,36,0.06152961,38
5,2014,RI,49,0.064416093,38
6,2014,RI,48,0.068428912,38
7,2014,RI,50,0.071388363,38
8,2014,RI,49,0.077720357,38
9,2014,RI,50,0.079131083,38
10,2014,RI,50,0.078547446,38
3,2014,RI,21,0.051232729,39
4,2014,RI,39,0.055484905,39
5,2014,RI,48,0.065870817,39
6,2014,RI,49,0.069774276,39
7,2014,RI,50,0.070835061,39
8,2014,RI,50,0.075966398,39
9,2014,RI,50,0.075119223,39
10,2014,RI,50,0.083974258,39
3,2014,RI,22,0.051232729,40
4,2014,RI,43,0.056454861,40
5,2014,RI,48,0.069174013,40
6,2014,RI,47,0.070586827,40
7,2014,RI,50,0.073223476,40
8,2014,RI,49,0.075096742,40
9,2014,RI,50,0.078599495,40
10,2014,RI,49,0.079361847,40
3,2014,RI,22,0.047182126,41
4,2014,RI,42,0.05683227,41
5,2014,RI,49,0.068265014,41
6,2014,RI,49,0.067772084,41
7,2014,RI,50,0.075686797,41
8,2014,RI,50,0.075153921,41
9,2014,RI,50,0.076054608,41
10,2014,RI,50,0.080310532,41
3,2014,RI,24,0.051949049,42
4,2014,RI,40,0.058345246,42
5,2014,RI,49,0.067259848,42
6,2014,RI,48,0.068889651,42
7,2014,RI,50,0.071495842,42
8,2014,RI,50,0.074198823,42
9,2014,RI,50,0.075528774,42
10,2014,RI,50,0.081148496,42
3,2014,RI,19,0.046240039,43
4,2014,RI,40,0.059265653,43
5,2014,RI,47,0.062153093,43
6,2014,RI,50,0.072340316,43
7,2014,RI,49,0.074036905,43
8,2014,RI,50,0.078851214,43
9,2014,RI,50,0.079296715,43
10,2014,RI,50,0.082383961,43
3,2014,RI,18,0.046240039,44
4,2014,RI,41,0.058541305,44
5,2014,RI,48,0.066902315,44
6,2014,RI,48,0.069136157,44
7,2014,RI,48,0.072208278,44
8,2014,RI,50,0.075207507,44
9,2014,RI,50,0.078147819,44
10,2014,RI,50,0.08139203,44
3,2014,RI,23,0.044822896,45
4,2014,RI,45,0.057375503,45
5,2014,RI,47,0.064940622,45
6,2014,RI,48,0.068428228,45
7,2014,RI,50,0.071891836,45
8,2014,RI,50,0.075102088,45
9,2014,RI,50,0.078513526,45
10,2014,RI,50,0.080895911,45
3,2014,RI,20,0.050516408,46
4,2014,RI,43,0.061914569,46
5,2014,RI,46,0.067176391,46
6,2014,RI,50,0.069110239,46
7,2014,RI,49,0.071413165,46
8,2014,RI,50,0.075499233,46
9,2014,RI,50,0.074590499,46
10,2014,RI,50,0.080593633,46
3,2014,RI,23,0.050516408,47
4,2014,RI,41,0.057899153,47
5,2014,RI,50,0.06610305,47
6,2014,RI,49,0.0715978,47
7,2014,RI,49,0.072667207,47
8,2014,RI,49,0.073221774,47
9,2014,RI,50,0.077020961,47
10,2014,RI,50,0.079667584,47
3,2014,RI,20,0.050516408,48
4,2014,RI,38,0.058514682,48
5,2014,RI,45,0.063442358,48
6,2014,RI,50,0.069079276,48
7,2014,RI,50,0.069897824,48
8,2014,RI,50,0.074156236,48
9,2014,RI,50,0.07707257,48
10,2014,RI,50,0.080516576,48
3,2014,RI,21,0.051232729,49
4,2014,RI,43,0.061410885,49
5,2014,RI,46,0.063597369,49
6,2014,RI,48,0.068812591,49
7,2014,RI,50,0.077175911,49
8,2014,RI,50,0.075698737,49
9,2014,RI,50,0.075157012,49
10,2014,RI,49,0.081228282,49
3,2014,RI,26,0.050312472,50
4,2014,RI,42,0.06214051,50
5,2014,RI,47,0.068762002,50
6,2014,RI,50,0.068023586,50
7,2014,RI,48,0.072700481,50
8,2014,RI,50,0.073448905,50
9,2014,RI,50,0.079099964,50
10,2014,RI,50,0.079496949,50
3,2011,CT,21,0.043974918,1
4,2011,CT,46,0.046046642,1
5,2011,CT,49,0.040355328,1
6,2011,CT,50,0.04745515,1
7,2011,CT,50,0.045439038,1
8,2011,CT,50,0.044910519,1
9,2011,CT,50,0.04967127,1
10,2011,CT,50,0.048890351,1
3,2011,CT,20,0.04411483,2
4,2011,CT,40,0.046798239,2
5,2011,CT,47,0.041653035,2
6,2011,CT,50,0.041758992,2
7,2011,CT,49,0.043292086,2
8,2011,CT,50,0.046343786,2
9,2011,CT,50,0.048765641,2
10,2011,CT,50,0.049938547,2
3,2011,CT,23,0.042373468,3
4,2011,CT,42,0.042096205,3
5,2011,CT,49,0.039781699,3
6,2011,CT,50,0.04444779,3
7,2011,CT,49,0.045570492,3
8,2011,CT,50,0.046221439,3
9,2011,CT,50,0.050448938,3
10,2011,CT,50,0.050602297,3
3,2011,CT,20,0.046109578,4
4,2011,CT,37,0.046317039,4
5,2011,CT,45,0.044262767,4
6,2011,CT,49,0.048267775,4
7,2011,CT,50,0.04418871,4
8,2011,CT,50,0.046545016,4
9,2011,CT,50,0.046749426,4
10,2011,CT,50,0.047241669,4
3,2011,CT,19,0.03995547,5
4,2011,CT,42,0.04365305,5
5,2011,CT,48,0.043465236,5
6,2011,CT,50,0.043768786,5
7,2011,CT,49,0.040555326,5
8,2011,CT,50,0.04738406,5
9,2011,CT,50,0.048797544,5
10,2011,CT,50,0.051535393,5
3,2011,CT,23,0.042373468,6
4,2011,CT,43,0.044289415,6
5,2011,CT,47,0.0467036,6
6,2011,CT,50,0.044002319,6
7,2011,CT,50,0.044786228,6
8,2011,CT,49,0.046989748,6
9,2011,CT,49,0.052180632,6
10,2011,CT,50,0.047126659,6
3,2011,CT,19,0.039910513,7
4,2011,CT,45,0.044368373,7
5,2011,CT,48,0.043115952,7
6,2011,CT,50,0.045247693,7
7,2011,CT,49,0.041125593,7
8,2011,CT,50,0.049986042,7
9,2011,CT,50,0.047637299,7
10,2011,CT,50,0.049731148,7
3,2011,CT,24,0.04411483,8
4,2011,CT,41,0.044206175,8
5,2011,CT,47,0.040969893,8
6,2011,CT,50,0.04124083,8
7,2011,CT,49,0.045617598,8
8,2011,CT,50,0.043570277,8
9,2011,CT,49,0.047599047,8
10,2011,CT,49,0.051492322,8
3,2011,CT,19,0.04411483,9
4,2011,CT,38,0.04121498,9
5,2011,CT,48,0.041317943,9
6,2011,CT,50,0.046904717,9
7,2011,CT,50,0.047540568,9
8,2011,CT,50,0.044084128,9
9,2011,CT,50,0.04761042,9
10,2011,CT,49,0.048977816,9
3,2011,CT,19,0.04411483,10
4,2011,CT,38,0.040344672,10
5,2011,CT,46,0.043047687,10
6,2011,CT,49,0.040966913,10
7,2011,CT,49,0.042054934,10
8,2011,CT,50,0.051376773,10
9,2011,CT,50,0.048276565,10
10,2011,CT,50,0.051069011,10
3,2011,CT,20,0.043974918,11
4,2011,CT,40,0.047847399,11
5,2011,CT,48,0.043802411,11
6,2011,CT,49,0.044689952,11
7,2011,CT,50,0.044973814,11
8,2011,CT,50,0.044509531,11
9,2011,CT,49,0.049056104,11
10,2011,CT,50,0.049853714,11
3,2011,CT,23,0.041164469,12
4,2011,CT,40,0.043705483,12
5,2011,CT,48,0.041781647,12
6,2011,CT,50,0.04271162,12
7,2011,CT,49,0.044725129,12
8,2011,CT,50,0.044782757,12
9,2011,CT,50,0.052307139,12
10,2011,CT,48,0.050504117,12
3,2011,CT,26,0.044053079,13
4,2011,CT,46,0.040345479,13
5,2011,CT,46,0.041048333,13
6,2011,CT,50,0.045101354,13
7,2011,CT,50,0.040672453,13
8,2011,CT,50,0.044920829,13
9,2011,CT,50,0.049444687,13
10,2011,CT,50,0.050808386,13
3,2011,CT,27,0.046800082,14
4,2011,CT,42,0.047426978,14
5,2011,CT,47,0.046800605,14
6,2011,CT,49,0.042784699,14
7,2011,CT,49,0.045824827,14
8,2011,CT,50,0.045656964,14
9,2011,CT,50,0.052905102,14
10,2011,CT,49,0.053943374,14
3,2011,CT,22,0.03995547,15
4,2011,CT,41,0.045749256,15
5,2011,CT,50,0.041896174,15
6,2011,CT,49,0.040985899,15
7,2011,CT,49,0.045658978,15
8,2011,CT,50,0.046493859,15
9,2011,CT,50,0.04558092,15
10,2011,CT,50,0.051746945,15
3,2011,CT,29,0.042373468,16
4,2011,CT,38,0.045254278,16
5,2011,CT,45,0.039074556,16
6,2011,CT,49,0.04479104,16
7,2011,CT,50,0.041164221,16
8,2011,CT,50,0.047857721,16
9,2011,CT,50,0.047493535,16
10,2011,CT,49,0.050908756,16
3,2011,CT,22,0.046800082,17
4,2011,CT,39,0.03809289,17
5,2011,CT,48,0.041805894,17
6,2011,CT,49,0.036444907,17
7,2011,CT,50,0.041245509,17
8,2011,CT,50,0.047265232,17
9,2011,CT,50,0.044519898,17
10,2011,CT,50,0.052484262,17
3,2011,CT,21,0.046800082,18
4,2011,CT,46,0.044206175,18
5,2011,CT,48,0.038215873,18
6,2011,CT,49,0.047715376,18
7,2011,CT,50,0.045101762,18
8,2011,CT,49,0.043168152,18
9,2011,CT,50,0.049524844,18
10,2011,CT,50,0.049307231,18
3,2011,CT,24,0.045533614,19
4,2011,CT,40,0.043052646,19
5,2011,CT,45,0.040776111,19
6,2011,CT,49,0.044774221,19
7,2011,CT,48,0.048521329,19
8,2011,CT,50,0.049758311,19
9,2011,CT,50,0.044095986,19
10,2011,CT,50,0.048177741,19
3,2011,CT,22,0.044044874,20
4,2011,CT,44,0.043217922,20
5,2011,CT,45,0.042427865,20
6,2011,CT,50,0.042987078,20
7,2011,CT,49,0.039186164,20
8,2011,CT,50,0.04006505,20
9,2011,CT,50,0.051470894,20
10,2011,CT,50,0.045024507,20
3,2011,CT,23,0.039910513,21
4,2011,CT,41,0.045017345,21
5,2011,CT,47,0.046851862,21
6,2011,CT,49,0.043981326,21
7,2011,CT,49,0.043466481,21
8,2011,CT,50,0.041534296,21
9,2011,CT,50,0.050392454,21
10,2011,CT,50,0.044483956,21
3,2011,CT,24,0.04411483,22
4,2011,CT,39,0.04043653,22
5,2011,CT,45,0.044592778,22
6,2011,CT,50,0.043626678,22
7,2011,CT,50,0.045112291,22
8,2011,CT,50,0.043567871,22
9,2011,CT,50,0.049570672,22
10,2011,CT,50,0.049848017,22
3,2011,CT,22,0.044044874,23
4,2011,CT,40,0.049925192,23
5,2011,CT,49,0.04101414,23
6,2011,CT,49,0.043619756,23
7,2011,CT,49,0.043125963,23
8,2011,CT,49,0.046354214,23
9,2011,CT,50,0.050172999,23
10,2011,CT,49,0.049280648,23
3,2011,CT,21,0.042373468,24
4,2011,CT,44,0.043757915,24
5,2011,CT,45,0.040980618,24
6,2011,CT,47,0.04345842,24
7,2011,CT,50,0.045032186,24
8,2011,CT,49,0.045073392,24
9,2011,CT,50,0.047600104,24
10,2011,CT,50,0.04739904,24
3,2011,CT,22,0.041832479,25
4,2011,CT,41,0.044974934,25
5,2011,CT,46,0.041869095,25
6,2011,CT,50,0.042644089,25
7,2011,CT,50,0.041115961,25
8,2011,CT,50,0.046235133,25
9,2011,CT,50,0.046393746,25
10,2011,CT,50,0.047532475,25
3,2011,CT,20,0.03995547,26
4,2011,CT,42,0.043739453,26
5,2011,CT,44,0.040498678,26
6,2011,CT,48,0.040406351,26
7,2011,CT,48,0.041768837,26
8,2011,CT,48,0.044120878,26
9,2011,CT,50,0.045284115,26
10,2011,CT,50,0.049206234,26
3,2011,CT,22,0.042373468,27
4,2011,CT,42,0.046957676,27
5,2011,CT,49,0.038336729,27
6,2011,CT,49,0.042701829,27
7,2011,CT,50,0.044087818,27
8,2011,CT,50,0.048249368,27
9,2011,CT,50,0.042689529,27
10,2011,CT,50,0.049271203,27
3,2011,CT,20,0.043974918,28
4,2011,CT,42,0.042046333,28
5,2011,CT,48,0.044897521,28
6,2011,CT,49,0.047808888,28
7,2011,CT,48,0.045540241,28
8,2011,CT,49,0.049177623,28
9,2011,CT,50,0.046692338,28
10,2011,CT,50,0.049247192,28
3,2011,CT,26,0.043974918,29
4,2011,CT,41,0.041716484,29
5,2011,CT,50,0.0468428,29
6,2011,CT,50,0.044591702,29
7,2011,CT,50,0.045646571,29
8,2011,CT,50,0.043934527,29
9,2011,CT,50,0.048127816,29
10,2011,CT,49,0.050805929,29
3,2011,CT,27,0.046800082,30
4,2011,CT,43,0.045146364,30
5,2011,CT,48,0.04236139,30
6,2011,CT,48,0.045457194,30
7,2011,CT,49,0.042613984,30
8,2011,CT,48,0.048610056,30
9,2011,CT,50,0.050401885,30
10,2011,CT,50,0.051792164,30
3,2011,CT,20,0.043174193,31
4,2011,CT,46,0.041716484,31
5,2011,CT,46,0.048095723,31
6,2011,CT,50,0.036817488,31
7,2011,CT,50,0.043620821,31
8,2011,CT,50,0.044225434,31
9,2011,CT,50,0.046644857,31
10,2011,CT,50,0.049908425,31
3,2011,CT,23,0.042373468,32
4,2011,CT,44,0.044820914,32
5,2011,CT,48,0.047624349,32
6,2011,CT,50,0.04241559,32
7,2011,CT,50,0.040493823,32
8,2011,CT,50,0.044556912,32
9,2011,CT,50,0.048235494,32
10,2011,CT,48,0.049951686,32
3,2011,CT,24,0.0468912,33
4,2011,CT,37,0.043870844,33
5,2011,CT,48,0.041456007,33
6,2011,CT,49,0.041143313,33
7,2011,CT,50,0.048419089,33
8,2011,CT,49,0.048831193,33
9,2011,CT,50,0.04364586,33
10,2011,CT,50,0.049799485,33
3,2011,CT,28,0.044824222,34
4,2011,CT,43,0.041139008,34
5,2011,CT,45,0.045704271,34
6,2011,CT,50,0.043707258,34
7,2011,CT,50,0.042166056,34
8,2011,CT,50,0.047375615,34
9,2011,CT,50,0.049848737,34
10,2011,CT,50,0.048288375,34
3,2011,CT,21,0.046800082,35
4,2011,CT,43,0.042722796,35
5,2011,CT,49,0.042454527,35
6,2011,CT,48,0.044628942,35
7,2011,CT,50,0.044239383,35
8,2011,CT,50,0.046747578,35
9,2011,CT,49,0.045938029,35
10,2011,CT,50,0.052933625,35
3,2011,CT,22,0.039865555,36
4,2011,CT,40,0.046046642,36
5,2011,CT,45,0.043701452,36
6,2011,CT,48,0.043746097,36
7,2011,CT,50,0.044320671,36
8,2011,CT,49,0.044509074,36
9,2011,CT,50,0.04626828,36
10,2011,CT,50,0.047642588,36
3,2011,CT,20,0.043174193,37
4,2011,CT,45,0.045668734,37
5,2011,CT,49,0.04353,37
6,2011,CT,49,0.045452181,37
7,2011,CT,50,0.043997328,37
8,2011,CT,50,0.043034924,37
9,2011,CT,49,0.042069778,37
10,2011,CT,49,0.051138034,37
3,2011,CT,24,0.04062348,38
4,2011,CT,43,0.043138964,38
5,2011,CT,47,0.040331485,38
6,2011,CT,49,0.04419726,38
7,2011,CT,49,0.043648219,38
8,2011,CT,49,0.040458257,38
9,2011,CT,50,0.047583365,38
10,2011,CT,50,0.051950426,38
3,2011,CT,19,0.042373468,39
4,2011,CT,37,0.045017345,39
5,2011,CT,48,0.041504457,39
6,2011,CT,49,0.048936553,39
7,2011,CT,49,0.044712668,39
8,2011,CT,50,0.046131089,39
9,2011,CT,50,0.050829177,39
10,2011,CT,50,0.045329533,39
3,2011,CT,23,0.041832479,40
4,2011,CT,41,0.040637417,40
5,2011,CT,49,0.044399661,40
6,2011,CT,48,0.0422055,40
7,2011,CT,50,0.043495537,40
8,2011,CT,50,0.044151912,40
9,2011,CT,50,0.047994864,40
10,2011,CT,50,0.048837165,40
3,2011,CT,20,0.041291491,41
4,2011,CT,39,0.043756726,41
5,2011,CT,47,0.046443919,41
6,2011,CT,48,0.043026755,41
7,2011,CT,50,0.040559854,41
8,2011,CT,50,0.043500581,41
9,2011,CT,50,0.048438516,41
10,2011,CT,50,0.049554819,41
3,2011,CT,21,0.048174836,42
4,2011,CT,37,0.045975558,42
5,2011,CT,43,0.045999456,42
6,2011,CT,49,0.042221233,42
7,2011,CT,50,0.043840093,42
8,2011,CT,50,0.046583207,42
9,2011,CT,49,0.046614211,42
10,2011,CT,50,0.049103028,42
3,2011,CT,23,0.048174836,43
4,2011,CT,38,0.046017845,43
5,2011,CT,48,0.046570041,43
6,2011,CT,48,0.043564987,43
7,2011,CT,49,0.047518424,43
8,2011,CT,50,0.042365048,43
9,2011,CT,50,0.047550696,43
10,2011,CT,50,0.04872284,43
3,2011,CT,23,0.04411483,44
4,2011,CT,39,0.04485462,44
5,2011,CT,49,0.037219959,44
6,2011,CT,48,0.038696431,44
7,2011,CT,50,0.046483833,44
8,2011,CT,50,0.046810582,44
9,2011,CT,50,0.047422855,44
10,2011,CT,50,0.049595291,44
3,2011,CT,24,0.04411483,45
4,2011,CT,39,0.043275921,45
5,2011,CT,45,0.043047687,45
6,2011,CT,50,0.043157692,45
7,2011,CT,50,0.042494607,45
8,2011,CT,50,0.045485494,45
9,2011,CT,50,0.047033308,45
10,2011,CT,50,0.049894215,45
3,2011,CT,24,0.042373468,46
4,2011,CT,38,0.04485462,46
5,2011,CT,48,0.044924744,46
6,2011,CT,50,0.039906282,46
7,2011,CT,50,0.043229116,46
8,2011,CT,49,0.044495937,46
9,2011,CT,50,0.052231188,46
10,2011,CT,50,0.046720243,46
3,2011,CT,28,0.044824222,47
4,2011,CT,40,0.047017759,47
5,2011,CT,47,0.039035708,47
6,2011,CT,49,0.04548413,47
7,2011,CT,48,0.042292272,47
8,2011,CT,50,0.046796994,47
9,2011,CT,49,0.044119778,47
10,2011,CT,50,0.04788352,47
3,2011,CT,24,0.043174193,48
4,2011,CT,43,0.046843783,48
5,2011,CT,48,0.041449809,48
6,2011,CT,49,0.041516635,48
7,2011,CT,50,0.042010806,48
8,2011,CT,50,0.046452166,48
9,2011,CT,50,0.046291939,48
10,2011,CT,50,0.050196263,48
3,2011,CT,25,0.045457456,49
4,2011,CT,40,0.045616177,49
5,2011,CT,47,0.04423474,49
6,2011,CT,49,0.040303745,49
7,2011,CT,50,0.044593614,49
8,2011,CT,50,0.042864538,49
9,2011,CT,50,0.048795063,49
10,2011,CT,50,0.047654613,49
3,2011,CT,22,0.046800082,50
4,2011,CT,35,0.046889327,50
5,2011,CT,43,0.042802511,50
6,2011,CT,49,0.042095471,50
7,2011,CT,49,0.046235834,50
8,2011,CT,50,0.046564844,50
9,2011,CT,50,0.046984746,50
10,2011,CT,50,0.047510169,50
