"V1","V2","V3","V4","V5","V6","V7","V8","V9","V10","V11","V12","V13","V14","V15","V16","V17","V18","V19","V20","V21","V22","V23","V24","V25","V26","V27","V28","V29","V30","V31","V32","V33","V34","V35","V36","V37","V38","V39","V40","V41","V42","V43","V44","V45","V46","V47","V48","V49","V50"
list(state_id = c("VT", "VT", "VT", "VT", "VT", "VT", "VT", "VT"), ban_year = c(2014, 2014, 2014, 2014, 2014, 2014, 2014, 2014), sample_size = c(3, 4, 5, 6, 7, 8, 9, 10), att_pop = c(-0.433691827120094, -0.376450835203507, -0.235372558959738, -0.265766605834875, -0.372731193821532, -0.289818924457556, -0.302130307187872, -0.203666622079198), att_waste = c(-0.433691827120094, -0.376450835203507, -0.235372558959738, -0.265766605834875, -0.372731193821532, -0.289818924457556, -0.302130307187872, -0.203666622079198
), attempt = c(1, 1, 1, 1, 1, 1, 1, 1)),list(state_id = c("VT", "VT", "VT", "VT", "VT", "VT", "VT", "VT"), ban_year = c(2014, 2014, 2014, 2014, 2014, 2014, 2014, 2014), sample_size = c(3, 4, 5, 6, 7, 8, 9, 10), att_pop = c(-0.339250324154017, -0.305981374918374, -0.302076551695767, -0.324750152053394, -0.243314703413098, -0.31332855972106, -0.328295364481134, -0.336167455222539), att_waste = c(-0.339250324154017, -0.305981374918374, -0.302076551695767, -0.324750152053394, -0.243314703413098, -0.31332855972106, -0.328295364481134, -0.336167455222539
), attempt = c(2, 2, 2, 2, 2, 2, 2, 2)),list(state_id = c("VT", "VT", "VT", "VT", "VT", "VT", "VT", "VT"), ban_year = c(2014, 2014, 2014, 2014, 2014, 2014, 2014, 2014), sample_size = c(3, 4, 5, 6, 7, 8, 9, 10), att_pop = c(-0.329160043790767, -0.329950762839715, -0.342634144927236, -0.244557203809367, -0.314417432641343, -0.300067805806793, -0.26272081048775, -0.308967803662057), att_waste = c(-0.329160043790767, -0.329950762839715, -0.342634144927236, -0.244557203809367, -0.314417432641343, -0.300067805806793, -0.26272081048775, -0.308967803662057
), attempt = c(3, 3, 3, 3, 3, 3, 3, 3)),list(state_id = c("VT", "VT", "VT", "VT", "VT", "VT", "VT", "VT"), ban_year = c(2014, 2014, 2014, 2014, 2014, 2014, 2014, 2014), sample_size = c(3, 4, 5, 6, 7, 8, 9, 10), att_pop = c(-0.187177098353995, -0.378468223181079, -0.323192450288475, -0.325715509863586, -0.2137629981635, -0.339658575964854, -0.30375605340538, -0.361973136170348), att_waste = c(-0.187177098353995, -0.378468223181079, -0.323192450288475, -0.325715509863586, -0.2137629981635, -0.339658575964854, -0.30375605340538, -0.361973136170348
), attempt = c(4, 4, 4, 4, 4, 4, 4, 4)),list(state_id = c("VT", "VT", "VT", "VT", "VT", "VT", "VT", "VT"), ban_year = c(2014, 2014, 2014, 2014, 2014, 2014, 2014, 2014), sample_size = c(3, 4, 5, 6, 7, 8, 9, 10), att_pop = c(-0.27173344351595, -0.298177751860782, -0.311805448664247, -0.348567721803821, -0.282106528411019, -0.313051933001108, -0.323153457378026, -0.270231041592079), att_waste = c(-0.27173344351595, -0.298177751860782, -0.311805448664247, -0.348567721803821, -0.282106528411019, -0.313051933001108, -0.323153457378026, -0.270231041592079
), attempt = c(5, 5, 5, 5, 5, 5, 5, 5)),list(state_id = c("VT", "VT", "VT", "VT", "VT", "VT", "VT", "VT"), ban_year = c(2014, 2014, 2014, 2014, 2014, 2014, 2014, 2014), sample_size = c(3, 4, 5, 6, 7, 8, 9, 10), att_pop = c(-0.226522634842406, -0.281788741630528, -0.299977750080859, -0.25266757171011, -0.233403066912178, -0.316434844820644, -0.349673378687283, -0.275940129478), att_waste = c(-0.226522634842406, -0.281788741630528, -0.299977750080859, -0.25266757171011, -0.233403066912178, -0.316434844820644, -0.349673378687283, -0.275940129478
), attempt = c(6, 6, 6, 6, 6, 6, 6, 6)),list(state_id = c("VT", "VT", "VT", "VT", "VT", "VT", "VT", "VT"), ban_year = c(2014, 2014, 2014, 2014, 2014, 2014, 2014, 2014), sample_size = c(3, 4, 5, 6, 7, 8, 9, 10), att_pop = c(-0.236331894279478, -0.346007846507039, -0.309996713484601, -0.341802088624755, -0.296746405563, -0.315980616392717, -0.297432944311594, -0.311970125227905), att_waste = c(-0.236331894279478, -0.346007846507039, -0.309996713484601, -0.341802088624755, -0.296746405563, -0.315980616392717, -0.297432944311594, -0.311970125227905
), attempt = c(7, 7, 7, 7, 7, 7, 7, 7)),list(state_id = c("VT", "VT", "VT", "VT", "VT", "VT", "VT", "VT"), ban_year = c(2014, 2014, 2014, 2014, 2014, 2014, 2014, 2014), sample_size = c(3, 4, 5, 6, 7, 8, 9, 10), att_pop = c(-0.216540560104886, -0.344961477848359, -0.317145093789519, -0.333204882686198, -0.270205286665865, -0.343416366009097, -0.363077709441116, -0.281641369052777), att_waste = c(-0.216540560104886, -0.344961477848359, -0.317145093789519, -0.333204882686198, -0.270205286665865, -0.343416366009097, -0.363077709441116, -0.281641369052777
), attempt = c(8, 8, 8, 8, 8, 8, 8, 8)),list(state_id = c("VT", "VT", "VT", "VT", "VT", "VT", "VT", "VT"), ban_year = c(2014, 2014, 2014, 2014, 2014, 2014, 2014, 2014), sample_size = c(3, 4, 5, 6, 7, 8, 9, 10), att_pop = c(-0.361304756522995, -0.395963686885709, -0.231865690639135, -0.195612671974016, -0.276617731126701, -0.245251260172941, -0.229307563786745, -0.306885423554784), att_waste = c(-0.361304756522995, -0.395963686885709, -0.231865690639135, -0.195612671974016, -0.276617731126701, -0.245251260172941, -0.229307563786745, -0.306885423554784
), attempt = c(9, 9, 9, 9, 9, 9, 9, 9)),list(state_id = c("VT", "VT", "VT", "VT", "VT", "VT", "VT", "VT"), ban_year = c(2014, 2014, 2014, 2014, 2014, 2014, 2014, 2014), sample_size = c(3, 4, 5, 6, 7, 8, 9, 10), att_pop = c(-0.207626554142882, -0.308486337181295, -0.352329916194341, -0.29849938112728, -0.370813779219522, -0.317504898770387, -0.323302645177121, -0.313691177251605), att_waste = c(-0.207626554142882, -0.308486337181295, -0.352329916194341, -0.29849938112728, -0.370813779219522, -0.317504898770387, -0.323302645177121, -0.313691177251605
), attempt = c(10, 10, 10, 10, 10, 10, 10, 10)),list(state_id = c("VT", "VT", "VT", "VT", "VT", "VT", "VT", "VT"), ban_year = c(2014, 2014, 2014, 2014, 2014, 2014, 2014, 2014), sample_size = c(3, 4, 5, 6, 7, 8, 9, 10), att_pop = c(-0.412714392563308, -0.304684387683541, -0.343646929893788, -0.355687198676738, -0.337788724200926, -0.268502460657715, -0.301836213409108, -0.28506696547742), att_waste = c(-0.412714392563308, -0.304684387683541, -0.343646929893788, -0.355687198676738, -0.337788724200926, -0.268502460657715, -0.301836213409108, -0.28506696547742
), attempt = c(11, 11, 11, 11, 11, 11, 11, 11)),list(state_id = c("VT", "VT", "VT", "VT", "VT", "VT", "VT", "VT"), ban_year = c(2014, 2014, 2014, 2014, 2014, 2014, 2014, 2014), sample_size = c(3, 4, 5, 6, 7, 8, 9, 10), att_pop = c(-0.303102519590691, -0.219258347992463, -0.181161539093738, -0.286543378667507, -0.262902508049052, -0.306811030362995, -0.243408640225931, -0.252881225198204), att_waste = c(-0.303102519590691, -0.219258347992463, -0.181161539093738, -0.286543378667507, -0.262902508049052, -0.306811030362995, -0.243408640225931, -0.252881225198204
), attempt = c(12, 12, 12, 12, 12, 12, 12, 12)),list(state_id = c("VT", "VT", "VT", "VT", "VT", "VT", "VT", "VT"), ban_year = c(2014, 2014, 2014, 2014, 2014, 2014, 2014, 2014), sample_size = c(3, 4, 5, 6, 7, 8, 9, 10), att_pop = c(-0.223122486738543, -0.381421127806578, -0.320382919846564, -0.251681328988127, -0.256668598459896, -0.326939050872082, -0.320452404060705, -0.330710548361558), att_waste = c(-0.223122486738543, -0.381421127806578, -0.320382919846564, -0.251681328988127, -0.256668598459896, -0.326939050872082, -0.320452404060705, -0.330710548361558
), attempt = c(13, 13, 13, 13, 13, 13, 13, 13)),list(state_id = c("VT", "VT", "VT", "VT", "VT", "VT", "VT", "VT"), ban_year = c(2014, 2014, 2014, 2014, 2014, 2014, 2014, 2014), sample_size = c(3, 4, 5, 6, 7, 8, 9, 10), att_pop = c(-0.272380441661901, -0.296298171494472, -0.362584051275684, -0.307015511885205, -0.358426807526696, -0.323075157591224, -0.336611431122348, -0.258185014783091), att_waste = c(-0.272380441661901, -0.296298171494472, -0.362584051275684, -0.307015511885205, -0.358426807526696, -0.323075157591224, -0.336611431122348, -0.258185014783091
), attempt = c(14, 14, 14, 14, 14, 14, 14, 14)),list(state_id = c("VT", "VT", "VT", "VT", "VT", "VT", "VT", "VT"), ban_year = c(2014, 2014, 2014, 2014, 2014, 2014, 2014, 2014), sample_size = c(3, 4, 5, 6, 7, 8, 9, 10), att_pop = c(-0.298914826058199, -0.301918017740252, -0.244076404807973, -0.248273198416922, -0.326831152678227, -0.309987467031369, -0.288768981940423, -0.362694333725725), att_waste = c(-0.298914826058199, -0.301918017740252, -0.244076404807973, -0.248273198416922, -0.326831152678227, -0.309987467031369, -0.288768981940423, -0.362694333725725
), attempt = c(15, 15, 15, 15, 15, 15, 15, 15)),list(state_id = c("VT", "VT", "VT", "VT", "VT", "VT", "VT", "VT"), ban_year = c(2014, 2014, 2014, 2014, 2014, 2014, 2014, 2014), sample_size = c(3, 4, 5, 6, 7, 8, 9, 10), att_pop = c(-0.348570465841646, -0.295019609274788, -0.220695841283189, -0.390120590792879, -0.234910821505384, -0.269330335304364, -0.270432017455614, -0.238564491134102), att_waste = c(-0.348570465841646, -0.295019609274788, -0.220695841283189, -0.390120590792879, -0.234910821505384, -0.269330335304364, -0.270432017455614, -0.238564491134102
), attempt = c(16, 16, 16, 16, 16, 16, 16, 16)),list(state_id = c("VT", "VT", "VT", "VT", "VT", "VT", "VT", "VT"), ban_year = c(2014, 2014, 2014, 2014, 2014, 2014, 2014, 2014), sample_size = c(3, 4, 5, 6, 7, 8, 9, 10), att_pop = c(-0.290908442708777, -0.298562320221959, -0.246357026644016, -0.286270813483006, -0.36440449396834, -0.246099546285569, -0.334472202667303, -0.273175775956758), att_waste = c(-0.290908442708777, -0.298562320221959, -0.246357026644016, -0.286270813483006, -0.36440449396834, -0.246099546285569, -0.334472202667303, -0.273175775956758
), attempt = c(17, 17, 17, 17, 17, 17, 17, 17)),list(state_id = c("VT", "VT", "VT", "VT", "VT", "VT", "VT", "VT"), ban_year = c(2014, 2014, 2014, 2014, 2014, 2014, 2014, 2014), sample_size = c(3, 4, 5, 6, 7, 8, 9, 10), att_pop = c(-0.301696432867333, -0.259914755348922, -0.361042346425927, -0.292059421229178, -0.307963818780693, -0.283343916419981, -0.363837549125719, -0.338373992248179), att_waste = c(-0.301696432867333, -0.259914755348922, -0.361042346425927, -0.292059421229178, -0.307963818780693, -0.283343916419981, -0.363837549125719, -0.338373992248179
), attempt = c(18, 18, 18, 18, 18, 18, 18, 18)),list(state_id = c("VT", "VT", "VT", "VT", "VT", "VT", "VT", "VT"), ban_year = c(2014, 2014, 2014, 2014, 2014, 2014, 2014, 2014), sample_size = c(3, 4, 5, 6, 7, 8, 9, 10), att_pop = c(-0.309796856040592, -0.268483000860085, -0.290149859308322, -0.264763235886202, -0.26725443674853, -0.286423882338914, -0.230530374501249, -0.27799779814937), att_waste = c(-0.309796856040592, -0.268483000860085, -0.290149859308322, -0.264763235886202, -0.26725443674853, -0.286423882338914, -0.230530374501249, -0.27799779814937
), attempt = c(19, 19, 19, 19, 19, 19, 19, 19)),list(state_id = c("VT", "VT", "VT", "VT", "VT", "VT", "VT", "VT"), ban_year = c(2014, 2014, 2014, 2014, 2014, 2014, 2014, 2014), sample_size = c(3, 4, 5, 6, 7, 8, 9, 10), att_pop = c(-0.188108027459704, -0.24419980675778, -0.320319067921319, -0.271595043399486, -0.291647186007544, -0.253599149207267, -0.286000628830931, -0.254853065835091), att_waste = c(-0.188108027459704, -0.24419980675778, -0.320319067921319, -0.271595043399486, -0.291647186007544, -0.253599149207267, -0.286000628830931, -0.254853065835091
), attempt = c(20, 20, 20, 20, 20, 20, 20, 20)),list(state_id = c("VT", "VT", "VT", "VT", "VT", "VT", "VT", "VT"), ban_year = c(2014, 2014, 2014, 2014, 2014, 2014, 2014, 2014), sample_size = c(3, 4, 5, 6, 7, 8, 9, 10), att_pop = c(-0.263751708253008, -0.281487505114345, -0.388834835388833, -0.330383244375031, -0.305003491001541, -0.306622872525925, -0.252745588801334, -0.317005678368757), att_waste = c(-0.263751708253008, -0.281487505114345, -0.388834835388833, -0.330383244375031, -0.305003491001541, -0.306622872525925, -0.252745588801334, -0.317005678368757
), attempt = c(21, 21, 21, 21, 21, 21, 21, 21)),list(state_id = c("VT", "VT", "VT", "VT", "VT", "VT", "VT", "VT"), ban_year = c(2014, 2014, 2014, 2014, 2014, 2014, 2014, 2014), sample_size = c(3, 4, 5, 6, 7, 8, 9, 10), att_pop = c(-0.317823248086841, -0.22234528092318, -0.275690003656704, -0.201440006062218, -0.287262960361978, -0.28952604963335, -0.254155521170752, -0.352298310338605), att_waste = c(-0.317823248086841, -0.22234528092318, -0.275690003656704, -0.201440006062218, -0.287262960361978, -0.28952604963335, -0.254155521170752, -0.352298310338605
), attempt = c(22, 22, 22, 22, 22, 22, 22, 22)),list(state_id = c("VT", "VT", "VT", "VT", "VT", "VT", "VT", "VT"), ban_year = c(2014, 2014, 2014, 2014, 2014, 2014, 2014, 2014), sample_size = c(3, 4, 5, 6, 7, 8, 9, 10), att_pop = c(-0.255344949031361, -0.30862753970872, -0.361663357488266, -0.365473072339821, -0.216787239880489, -0.244940889508799, -0.270225948891991, -0.251080826164217), att_waste = c(-0.255344949031361, -0.30862753970872, -0.361663357488266, -0.365473072339821, -0.216787239880489, -0.244940889508799, -0.270225948891991, -0.251080826164217
), attempt = c(23, 23, 23, 23, 23, 23, 23, 23)),list(state_id = c("VT", "VT", "VT", "VT", "VT", "VT", "VT", "VT"), ban_year = c(2014, 2014, 2014, 2014, 2014, 2014, 2014, 2014), sample_size = c(3, 4, 5, 6, 7, 8, 9, 10), att_pop = c(-0.285338073300081, -0.281604487998948, -0.332452064789831, -0.323457763320373, -0.358915654048347, -0.344483201676887, -0.200545226278164, -0.284975043633873), att_waste = c(-0.285338073300081, -0.281604487998948, -0.332452064789831, -0.323457763320373, -0.358915654048347, -0.344483201676887, -0.200545226278164, -0.284975043633873
), attempt = c(24, 24, 24, 24, 24, 24, 24, 24)),list(state_id = c("VT", "VT", "VT", "VT", "VT", "VT", "VT", "VT"), ban_year = c(2014, 2014, 2014, 2014, 2014, 2014, 2014, 2014), sample_size = c(3, 4, 5, 6, 7, 8, 9, 10), att_pop = c(-0.352988066620945, -0.317737958605067, -0.292174474007002, -0.308770164516979, -0.292239125382864, -0.318027918947458, -0.345371509426799, -0.324229784463451), att_waste = c(-0.352988066620945, -0.317737958605067, -0.292174474007002, -0.308770164516979, -0.292239125382864, -0.318027918947458, -0.345371509426799, -0.324229784463451
), attempt = c(25, 25, 25, 25, 25, 25, 25, 25)),list(state_id = c("VT", "VT", "VT", "VT", "VT", "VT", "VT", "VT"), ban_year = c(2014, 2014, 2014, 2014, 2014, 2014, 2014, 2014), sample_size = c(3, 4, 5, 6, 7, 8, 9, 10), att_pop = c(-0.267084659837215, -0.300072812258928, -0.227817775061879, -0.311787893100138, -0.180117205536276, -0.374928381713517, -0.274482210253137, -0.277406309214981), att_waste = c(-0.267084659837215, -0.300072812258928, -0.227817775061879, -0.311787893100138, -0.180117205536276, -0.374928381713517, -0.274482210253137, -0.277406309214981
), attempt = c(26, 26, 26, 26, 26, 26, 26, 26)),list(state_id = c("VT", "VT", "VT", "VT", "VT", "VT", "VT", "VT"), ban_year = c(2014, 2014, 2014, 2014, 2014, 2014, 2014, 2014), sample_size = c(3, 4, 5, 6, 7, 8, 9, 10), att_pop = c(-0.24881505542798, -0.265419168873056, -0.337542445796852, -0.300824321012067, -0.345824047172099, -0.219053880664461, -0.275629655481232, -0.372857107849643), att_waste = c(-0.24881505542798, -0.265419168873056, -0.337542445796852, -0.300824321012067, -0.345824047172099, -0.219053880664461, -0.275629655481232, -0.372857107849643
), attempt = c(27, 27, 27, 27, 27, 27, 27, 27)),list(state_id = c("VT", "VT", "VT", "VT", "VT", "VT", "VT", "VT"), ban_year = c(2014, 2014, 2014, 2014, 2014, 2014, 2014, 2014), sample_size = c(3, 4, 5, 6, 7, 8, 9, 10), att_pop = c(-0.275824110001906, -0.378005006220242, -0.329631206207317, -0.250267587835973, -0.235996897588166, -0.292002066860726, -0.237643434932523, -0.26094002958681), att_waste = c(-0.275824110001906, -0.378005006220242, -0.329631206207317, -0.250267587835973, -0.235996897588166, -0.292002066860726, -0.237643434932523, -0.26094002958681
), attempt = c(28, 28, 28, 28, 28, 28, 28, 28)),list(state_id = c("VT", "VT", "VT", "VT", "VT", "VT", "VT", "VT"), ban_year = c(2014, 2014, 2014, 2014, 2014, 2014, 2014, 2014), sample_size = c(3, 4, 5, 6, 7, 8, 9, 10), att_pop = c(-0.425936061212087, -0.248364420899259, -0.298732354222713, -0.248875156944688, -0.245814353661406, -0.315990129390194, -0.303503782348785, -0.322261392311105), att_waste = c(-0.425936061212087, -0.248364420899259, -0.298732354222713, -0.248875156944688, -0.245814353661406, -0.315990129390194, -0.303503782348785, -0.322261392311105
), attempt = c(29, 29, 29, 29, 29, 29, 29, 29)),list(state_id = c("VT", "VT", "VT", "VT", "VT", "VT", "VT", "VT"), ban_year = c(2014, 2014, 2014, 2014, 2014, 2014, 2014, 2014), sample_size = c(3, 4, 5, 6, 7, 8, 9, 10), att_pop = c(-0.354355071899894, -0.34918225818122, -0.335512071320848, -0.340558029557382, -0.314597959598476, -0.262548505565168, -0.306783272665384, -0.322449933357106), att_waste = c(-0.354355071899894, -0.34918225818122, -0.335512071320848, -0.340558029557382, -0.314597959598476, -0.262548505565168, -0.306783272665384, -0.322449933357106
), attempt = c(30, 30, 30, 30, 30, 30, 30, 30)),list(state_id = c("VT", "VT", "VT", "VT", "VT", "VT", "VT", "VT"), ban_year = c(2014, 2014, 2014, 2014, 2014, 2014, 2014, 2014), sample_size = c(3, 4, 5, 6, 7, 8, 9, 10), att_pop = c(-0.282373603114919, -0.387271377592679, -0.274354660483174, -0.284774936638984, -0.316855964152313, -0.230464434172396, -0.268708287526249, -0.26947507666099), att_waste = c(-0.282373603114919, -0.387271377592679, -0.274354660483174, -0.284774936638984, -0.316855964152313, -0.230464434172396, -0.268708287526249, -0.26947507666099
), attempt = c(31, 31, 31, 31, 31, 31, 31, 31)),list(state_id = c("VT", "VT", "VT", "VT", "VT", "VT", "VT", "VT"), ban_year = c(2014, 2014, 2014, 2014, 2014, 2014, 2014, 2014), sample_size = c(3, 4, 5, 6, 7, 8, 9, 10), att_pop = c(-0.315958057794068, -0.321889333781277, -0.280547069528961, -0.269005798073658, -0.281278892114755, -0.307131494389624, -0.273845538790849, -0.331517630653059), att_waste = c(-0.315958057794068, -0.321889333781277, -0.280547069528961, -0.269005798073658, -0.281278892114755, -0.307131494389624, -0.273845538790849, -0.331517630653059
), attempt = c(32, 32, 32, 32, 32, 32, 32, 32)),list(state_id = c("VT", "VT", "VT", "VT", "VT", "VT", "VT", "VT"), ban_year = c(2014, 2014, 2014, 2014, 2014, 2014, 2014, 2014), sample_size = c(3, 4, 5, 6, 7, 8, 9, 10), att_pop = c(-0.269462329560585, -0.317596419796605, -0.374206040264548, -0.308874454058266, -0.326083172277835, -0.271150701361227, -0.323781404081694, -0.352865731447535), att_waste = c(-0.269462329560585, -0.317596419796605, -0.374206040264548, -0.308874454058266, -0.326083172277835, -0.271150701361227, -0.323781404081694, -0.352865731447535
), attempt = c(33, 33, 33, 33, 33, 33, 33, 33)),list(state_id = c("VT", "VT", "VT", "VT", "VT", "VT", "VT", "VT"), ban_year = c(2014, 2014, 2014, 2014, 2014, 2014, 2014, 2014), sample_size = c(3, 4, 5, 6, 7, 8, 9, 10), att_pop = c(-0.342107941363379, -0.192151417730559, -0.293545099380847, -0.360117695525281, -0.305017136705116, -0.340266615733301, -0.324349398859353, -0.322243089570548), att_waste = c(-0.342107941363379, -0.192151417730559, -0.293545099380847, -0.360117695525281, -0.305017136705116, -0.340266615733301, -0.324349398859353, -0.322243089570548
), attempt = c(34, 34, 34, 34, 34, 34, 34, 34)),list(state_id = c("VT", "VT", "VT", "VT", "VT", "VT", "VT", "VT"), ban_year = c(2014, 2014, 2014, 2014, 2014, 2014, 2014, 2014), sample_size = c(3, 4, 5, 6, 7, 8, 9, 10), att_pop = c(-0.239339083994521, -0.125739826140349, -0.276644704475147, -0.282016155820807, -0.261570290500888, -0.356191922512146, -0.257026152770747, -0.292060906642227), att_waste = c(-0.239339083994521, -0.125739826140349, -0.276644704475147, -0.282016155820807, -0.261570290500888, -0.356191922512146, -0.257026152770747, -0.292060906642227
), attempt = c(35, 35, 35, 35, 35, 35, 35, 35)),list(state_id = c("VT", "VT", "VT", "VT", "VT", "VT", "VT", "VT"), ban_year = c(2014, 2014, 2014, 2014, 2014, 2014, 2014, 2014), sample_size = c(3, 4, 5, 6, 7, 8, 9, 10), att_pop = c(-0.386750420759761, -0.307210592610204, -0.270241440123679, -0.353839667026633, -0.296022707527446, -0.293301487386268, -0.316858889858413, -0.233589949723057), att_waste = c(-0.386750420759761, -0.307210592610204, -0.270241440123679, -0.353839667026633, -0.296022707527446, -0.293301487386268, -0.316858889858413, -0.233589949723057
), attempt = c(36, 36, 36, 36, 36, 36, 36, 36)),list(state_id = c("VT", "VT", "VT", "VT", "VT", "VT", "VT", "VT"), ban_year = c(2014, 2014, 2014, 2014, 2014, 2014, 2014, 2014), sample_size = c(3, 4, 5, 6, 7, 8, 9, 10), att_pop = c(-0.217392821545281, -0.293567202804314, -0.292768234057572, -0.334751560295874, -0.317961018435757, -0.22497896973125, -0.375914067447679, -0.359524541413395), att_waste = c(-0.217392821545281, -0.293567202804314, -0.292768234057572, -0.334751560295874, -0.317961018435757, -0.22497896973125, -0.375914067447679, -0.359524541413395
), attempt = c(37, 37, 37, 37, 37, 37, 37, 37)),list(state_id = c("VT", "VT", "VT", "VT", "VT", "VT", "VT", "VT"), ban_year = c(2014, 2014, 2014, 2014, 2014, 2014, 2014, 2014), sample_size = c(3, 4, 5, 6, 7, 8, 9, 10), att_pop = c(-0.420226969276651, -0.397505746883545, -0.252879625731726, -0.303956640856333, -0.353232461967223, -0.285493903796379, -0.275220399985716, -0.308728841384841), att_waste = c(-0.420226969276651, -0.397505746883545, -0.252879625731726, -0.303956640856333, -0.353232461967223, -0.285493903796379, -0.275220399985716, -0.308728841384841
), attempt = c(38, 38, 38, 38, 38, 38, 38, 38)),list(state_id = c("VT", "VT", "VT", "VT", "VT", "VT", "VT", "VT"), ban_year = c(2014, 2014, 2014, 2014, 2014, 2014, 2014, 2014), sample_size = c(3, 4, 5, 6, 7, 8, 9, 10), att_pop = c(-0.279896910973589, -0.287351031239968, -0.227004685402503, -0.29268947365605, -0.332156327385268, -0.305587249415256, -0.292053916040037, -0.363548300672271), att_waste = c(-0.279896910973589, -0.287351031239968, -0.227004685402503, -0.29268947365605, -0.332156327385268, -0.305587249415256, -0.292053916040037, -0.363548300672271
), attempt = c(39, 39, 39, 39, 39, 39, 39, 39)),list(state_id = c("VT", "VT", "VT", "VT", "VT", "VT", "VT", "VT"), ban_year = c(2014, 2014, 2014, 2014, 2014, 2014, 2014, 2014), sample_size = c(3, 4, 5, 6, 7, 8, 9, 10), att_pop = c(-0.38631519511698, -0.335309981234828, -0.224078438722693, -0.294967613269561, -0.338250713961062, -0.330630643854548, -0.264651117689815, -0.277449742683288), att_waste = c(-0.38631519511698, -0.335309981234828, -0.224078438722693, -0.294967613269561, -0.338250713961062, -0.330630643854548, -0.264651117689815, -0.277449742683288
), attempt = c(40, 40, 40, 40, 40, 40, 40, 40)),list(state_id = c("VT", "VT", "VT", "VT", "VT", "VT", "VT", "VT"), ban_year = c(2014, 2014, 2014, 2014, 2014, 2014, 2014, 2014), sample_size = c(3, 4, 5, 6, 7, 8, 9, 10), att_pop = c(-0.312791380106799, -0.363254742715105, -0.229133891537711, -0.331593014598872, -0.254189586799145, -0.248405128695048, -0.266220569357215, -0.351041980745281), att_waste = c(-0.312791380106799, -0.363254742715105, -0.229133891537711, -0.331593014598872, -0.254189586799145, -0.248405128695048, -0.266220569357215, -0.351041980745281
), attempt = c(41, 41, 41, 41, 41, 41, 41, 41)),list(state_id = c("VT", "VT", "VT", "VT", "VT", "VT", "VT", "VT"), ban_year = c(2014, 2014, 2014, 2014, 2014, 2014, 2014, 2014), sample_size = c(3, 4, 5, 6, 7, 8, 9, 10), att_pop = c(-0.295885514655192, -0.250277474402953, -0.368122304793593, -0.267888221542736, -0.200928594188764, -0.280811155874612, -0.385928742801245, -0.249263938760582), att_waste = c(-0.295885514655192, -0.250277474402953, -0.368122304793593, -0.267888221542736, -0.200928594188764, -0.280811155874612, -0.385928742801245, -0.249263938760582
), attempt = c(42, 42, 42, 42, 42, 42, 42, 42)),list(state_id = c("VT", "VT", "VT", "VT", "VT", "VT", "VT", "VT"), ban_year = c(2014, 2014, 2014, 2014, 2014, 2014, 2014, 2014), sample_size = c(3, 4, 5, 6, 7, 8, 9, 10), att_pop = c(-0.320183789930523, -0.319894729551778, -0.228675174672089, -0.285763502114272, -0.351844132440051, -0.31575957376532, -0.270381490364998, -0.317829425419545), att_waste = c(-0.320183789930523, -0.319894729551778, -0.228675174672089, -0.285763502114272, -0.351844132440051, -0.31575957376532, -0.270381490364998, -0.317829425419545
), attempt = c(43, 43, 43, 43, 43, 43, 43, 43)),list(state_id = c("VT", "VT", "VT", "VT", "VT", "VT", "VT", "VT"), ban_year = c(2014, 2014, 2014, 2014, 2014, 2014, 2014, 2014), sample_size = c(3, 4, 5, 6, 7, 8, 9, 10), att_pop = c(-0.263063899548416, -0.184282557122423, -0.267527914864199, -0.364424907370972, -0.251902563904512, -0.323527012830338, -0.256004516680541, -0.272025300437124), att_waste = c(-0.263063899548416, -0.184282557122423, -0.267527914864199, -0.364424907370972, -0.251902563904512, -0.323527012830338, -0.256004516680541, -0.272025300437124
), attempt = c(44, 44, 44, 44, 44, 44, 44, 44)),list(state_id = c("VT", "VT", "VT", "VT", "VT", "VT", "VT", "VT"), ban_year = c(2014, 2014, 2014, 2014, 2014, 2014, 2014, 2014), sample_size = c(3, 4, 5, 6, 7, 8, 9, 10), att_pop = c(-0.420692077779038, -0.287008709233143, -0.32899371316744, -0.247160489084842, -0.196923666170885, -0.35600183253612, -0.262405518896634, -0.297098132397624), att_waste = c(-0.420692077779038, -0.287008709233143, -0.32899371316744, -0.247160489084842, -0.196923666170885, -0.35600183253612, -0.262405518896634, -0.297098132397624
), attempt = c(45, 45, 45, 45, 45, 45, 45, 45)),list(state_id = c("VT", "VT", "VT", "VT", "VT", "VT", "VT", "VT"), ban_year = c(2014, 2014, 2014, 2014, 2014, 2014, 2014, 2014), sample_size = c(3, 4, 5, 6, 7, 8, 9, 10), att_pop = c(-0.208799621072673, -0.267119376542419, -0.310535388403009, -0.219265235033612, -0.285810271033117, -0.260908377336038, -0.286376143331083, -0.317982600115149), att_waste = c(-0.208799621072673, -0.267119376542419, -0.310535388403009, -0.219265235033612, -0.285810271033117, -0.260908377336038, -0.286376143331083, -0.317982600115149
), attempt = c(46, 46, 46, 46, 46, 46, 46, 46)),list(state_id = c("VT", "VT", "VT", "VT", "VT", "VT", "VT", "VT"), ban_year = c(2014, 2014, 2014, 2014, 2014, 2014, 2014, 2014), sample_size = c(3, 4, 5, 6, 7, 8, 9, 10), att_pop = c(-0.298569427063472, -0.364342895518933, -0.371468329481902, -0.345710266847833, -0.27145779223392, -0.225245352447177, -0.298485176746865, -0.341074330887942), att_waste = c(-0.298569427063472, -0.364342895518933, -0.371468329481902, -0.345710266847833, -0.27145779223392, -0.225245352447177, -0.298485176746865, -0.341074330887942
), attempt = c(47, 47, 47, 47, 47, 47, 47, 47)),list(state_id = c("VT", "VT", "VT", "VT", "VT", "VT", "VT", "VT"), ban_year = c(2014, 2014, 2014, 2014, 2014, 2014, 2014, 2014), sample_size = c(3, 4, 5, 6, 7, 8, 9, 10), att_pop = c(-0.296129268345421, -0.335812876860911, -0.29649784997979, -0.302530956874108, -0.312986578123697, -0.311214934374277, -0.342743672624456, -0.274815539041957), att_waste = c(-0.296129268345421, -0.335812876860911, -0.29649784997979, -0.302530956874108, -0.312986578123697, -0.311214934374277, -0.342743672624456, -0.274815539041957
), attempt = c(48, 48, 48, 48, 48, 48, 48, 48)),list(state_id = c("VT", "VT", "VT", "VT", "VT", "VT", "VT", "VT"), ban_year = c(2014, 2014, 2014, 2014, 2014, 2014, 2014, 2014), sample_size = c(3, 4, 5, 6, 7, 8, 9, 10), att_pop = c(-0.34802574958407, -0.357871218743864, -0.29037151236854, -0.358309843405652, -0.364921707798467, -0.279496122019966, -0.272128888952657, -0.329458872439152), att_waste = c(-0.34802574958407, -0.357871218743864, -0.29037151236854, -0.358309843405652, -0.364921707798467, -0.279496122019966, -0.272128888952657, -0.329458872439152
), attempt = c(49, 49, 49, 49, 49, 49, 49, 49)),list(state_id = c("VT", "VT", "VT", "VT", "VT", "VT", "VT", "VT"), ban_year = c(2014, 2014, 2014, 2014, 2014, 2014, 2014, 2014), sample_size = c(3, 4, 5, 6, 7, 8, 9, 10), att_pop = c(-0.337335078483304, -0.324715328150621, -0.2565417969234, -0.303902735298715, -0.313095429663279, -0.289920808703536, -0.234621904254982, -0.347610954956859), att_waste = c(-0.337335078483304, -0.324715328150621, -0.2565417969234, -0.303902735298715, -0.313095429663279, -0.289920808703536, -0.234621904254982, -0.347610954956859
), attempt = c(50, 50, 50, 50, 50, 50, 50, 50))
list(state_id = c("CT", "CT", "CT", "CT", "CT", "CT", "CT", "CT"), ban_year = c(2014, 2014, 2014, 2014, 2014, 2014, 2014, 2014), sample_size = c(3, 4, 5, 6, 7, 8, 9, 10), att_pop = c(-0.212849700908786, -0.251610222717072, -0.337421106908853, -0.342650271139244, -0.325833761426279, -0.313800433738399, -0.342122940833714, -0.367507564855999), att_waste = c(-0.154631269129703, -0.155727469556706, -0.267449259332035, -0.255830330352323, -0.250108824422062, -0.206602751327604, -0.260002800165911, -0.285649868067217
), attempt = c(1, 1, 1, 1, 1, 1, 1, 1)),list(state_id = c("CT", "CT", "CT", "CT", "CT", "CT", "CT", "CT"), ban_year = c(2014, 2014, 2014, 2014, 2014, 2014, 2014, 2014), sample_size = c(3, 4, 5, 6, 7, 8, 9, 10), att_pop = c(-0.36747281197089, -0.321244450936002, -0.335798371433914, -0.339312818355154, -0.290942839288243, -0.354116183989805, -0.357383844083738, -0.359061347754043), att_waste = c(-0.263664085487262, -0.197621600688306, -0.240732193671772, -0.244856029316175, -0.200729451698571, -0.279683158366903, -0.256998600249536, -0.28749440242382
), attempt = c(2, 2, 2, 2, 2, 2, 2, 2)),list(state_id = c("CT", "CT", "CT", "CT", "CT", "CT", "CT", "CT"), ban_year = c(2014, 2014, 2014, 2014, 2014, 2014, 2014, 2014), sample_size = c(3, 4, 5, 6, 7, 8, 9, 10), att_pop = c(-0.240256835804303, -0.286212748275035, -0.329944486934293, -0.323310444536242, -0.394517289925834, -0.377726703309348, -0.379769162213101, -0.361803724888588), att_waste = c(-0.207374262252962, -0.184913131012478, -0.21304518996107, -0.232459450907411, -0.337477796596801, -0.277965256980993, -0.310536007393604, -0.285249336802382
), attempt = c(3, 3, 3, 3, 3, 3, 3, 3)),list(state_id = c("CT", "CT", "CT", "CT", "CT", "CT", "CT", "CT"), ban_year = c(2014, 2014, 2014, 2014, 2014, 2014, 2014, 2014), sample_size = c(3, 4, 5, 6, 7, 8, 9, 10), att_pop = c(-0.291610299034817, -0.288192296845326, -0.315361375242117, -0.333062780883739, -0.345907133861231, -0.339530871059987, -0.346855096207335, -0.339544959826916), att_waste = c(-0.254464327350776, -0.177561263641879, -0.217591096379636, -0.272477338106233, -0.257385787709809, -0.264148924081239, -0.252984300958092, -0.282045574665102
), attempt = c(4, 4, 4, 4, 4, 4, 4, 4)),list(state_id = c("CT", "CT", "CT", "CT", "CT", "CT", "CT", "CT"), ban_year = c(2014, 2014, 2014, 2014, 2014, 2014, 2014, 2014), sample_size = c(3, 4, 5, 6, 7, 8, 9, 10), att_pop = c(-0.342226323057553, -0.296928073218901, -0.286691156444431, -0.359464422128523, -0.32403515774499, -0.347689086552559, -0.326628337483929, -0.363552978484773), att_waste = c(-0.30918553235835, -0.186724829469675, -0.182374673246134, -0.278826286682981, -0.243398263197567, -0.278994008494813, -0.236550615946297, -0.291993724823465
), attempt = c(5, 5, 5, 5, 5, 5, 5, 5)),list(state_id = c("CT", "CT", "CT", "CT", "CT", "CT", "CT", "CT"), ban_year = c(2014, 2014, 2014, 2014, 2014, 2014, 2014, 2014), sample_size = c(3, 4, 5, 6, 7, 8, 9, 10), att_pop = c(-0.3048847759081, -0.326721083629324, -0.321066073982564, -0.312317464157188, -0.353276881462983, -0.370166251093817, -0.386303686051711, -0.343902772530375), att_waste = c(-0.274523122956279, -0.232688163329535, -0.230690874164139, -0.21840162677129, -0.258629700359541, -0.274945091223239, -0.310929614470786, -0.258603786648211
), attempt = c(6, 6, 6, 6, 6, 6, 6, 6)),list(state_id = c("CT", "CT", "CT", "CT", "CT", "CT", "CT", "CT"), ban_year = c(2014, 2014, 2014, 2014, 2014, 2014, 2014, 2014), sample_size = c(3, 4, 5, 6, 7, 8, 9, 10), att_pop = c(-0.265785629456112, -0.277230136062625, -0.346588649223973, -0.354769392702572, -0.329698826432022, -0.371087441671323, -0.364315231279761, -0.362057702950721), att_waste = c(-0.238562440356928, -0.195341993087872, -0.244895377962566, -0.2682041056422, -0.252937516123259, -0.297568774812075, -0.288344839106542, -0.301711574284126
), attempt = c(7, 7, 7, 7, 7, 7, 7, 7)),list(state_id = c("CT", "CT", "CT", "CT", "CT", "CT", "CT", "CT"), ban_year = c(2014, 2014, 2014, 2014, 2014, 2014, 2014, 2014), sample_size = c(3, 4, 5, 6, 7, 8, 9, 10), att_pop = c(-0.21726022926666, -0.33953127921146, -0.328781209778018, -0.310661044864483, -0.366706299771155, -0.302910457801756, -0.331601213418875, -0.321354944739022), att_waste = c(-0.0649720809834186, -0.222272183673919, -0.224684192823419, -0.191696720740958, -0.283404260541854, -0.217956977257506, -0.246325007139565, -0.255196991200288
), attempt = c(8, 8, 8, 8, 8, 8, 8, 8)),list(state_id = c("CT", "CT", "CT", "CT", "CT", "CT", "CT", "CT"), ban_year = c(2014, 2014, 2014, 2014, 2014, 2014, 2014, 2014), sample_size = c(3, 4, 5, 6, 7, 8, 9, 10), att_pop = c(-0.252638271742233, -0.324269148858841, -0.300479794937328, -0.365767483228665, -0.364253484557747, -0.375608308315907, -0.386118748418598, -0.368778539426991), att_waste = c(-0.196435422041172, -0.206040690298018, -0.195423357731783, -0.280217732115768, -0.273448862037053, -0.322033282059083, -0.313356954073016, -0.260460231705956
), attempt = c(9, 9, 9, 9, 9, 9, 9, 9)),list(state_id = c("CT", "CT", "CT", "CT", "CT", "CT", "CT", "CT"), ban_year = c(2014, 2014, 2014, 2014, 2014, 2014, 2014, 2014), sample_size = c(3, 4, 5, 6, 7, 8, 9, 10), att_pop = c(-0.315511291635181, -0.296621335342101, -0.36697224299211, -0.289648579322739, -0.330791377805261, -0.364274446433986, -0.356390265932066, -0.380734261627566), att_waste = c(-0.251291548678788, -0.176316201387444, -0.255872526546525, -0.209848379093055, -0.251992495111014, -0.265876291896433, -0.280882524303933, -0.321024826820047
), attempt = c(10, 10, 10, 10, 10, 10, 10, 10)),list(state_id = c("CT", "CT", "CT", "CT", "CT", "CT", "CT", "CT"), ban_year = c(2014, 2014, 2014, 2014, 2014, 2014, 2014, 2014), sample_size = c(3, 4, 5, 6, 7, 8, 9, 10), att_pop = c(-0.315310422086139, -0.290356163929958, -0.34275638297087, -0.323638877009916, -0.379746217411971, -0.368386277883242, -0.331191206638086, -0.371920497238772), att_waste = c(-0.272758571395486, -0.18356827033141, -0.238181499892202, -0.246438699281967, -0.318563557898361, -0.285766630727839, -0.256661349560049, -0.307371866224922
), attempt = c(11, 11, 11, 11, 11, 11, 11, 11)),list(state_id = c("CT", "CT", "CT", "CT", "CT", "CT", "CT", "CT"), ban_year = c(2014, 2014, 2014, 2014, 2014, 2014, 2014, 2014), sample_size = c(3, 4, 5, 6, 7, 8, 9, 10), att_pop = c(-0.345331948266995, -0.297121798789254, -0.350905636420041, -0.375864649826547, -0.302843804265619, -0.359060670079057, -0.382139782981935, -0.332300280549587), att_waste = c(-0.305474774774868, -0.200669781317848, -0.234127874541414, -0.316150588831377, -0.219835511467823, -0.288800995816352, -0.31263459255007, -0.266579184336381
), attempt = c(12, 12, 12, 12, 12, 12, 12, 12)),list(state_id = c("CT", "CT", "CT", "CT", "CT", "CT", "CT", "CT"), ban_year = c(2014, 2014, 2014, 2014, 2014, 2014, 2014, 2014), sample_size = c(3, 4, 5, 6, 7, 8, 9, 10), att_pop = c(-0.218463310524725, -0.28301500468659, -0.330710787869686, -0.328791754192614, -0.340203760436445, -0.322015721198539, -0.363647486507285, -0.320565201165092), att_waste = c(-0.210191197799595, -0.143542380644212, -0.20973672636094, -0.242543958570307, -0.275590933981065, -0.227943898556973, -0.289684850967299, -0.243426364894847
), attempt = c(13, 13, 13, 13, 13, 13, 13, 13)),list(state_id = c("CT", "CT", "CT", "CT", "CT", "CT", "CT", "CT"), ban_year = c(2014, 2014, 2014, 2014, 2014, 2014, 2014, 2014), sample_size = c(3, 4, 5, 6, 7, 8, 9, 10), att_pop = c(-0.305400022299918, -0.26475242438376, -0.332118430173083, -0.368673478258619, -0.369212429859995, -0.366915456597172, -0.32415217098224, -0.409063320272465), att_waste = c(-0.261133693329301, -0.165027703322981, -0.225836557759746, -0.284160632237131, -0.254036177857731, -0.315796067763261, -0.238885416495525, -0.334389677766796
), attempt = c(14, 14, 14, 14, 14, 14, 14, 14)),list(state_id = c("CT", "CT", "CT", "CT", "CT", "CT", "CT", "CT"), ban_year = c(2014, 2014, 2014, 2014, 2014, 2014, 2014, 2014), sample_size = c(3, 4, 5, 6, 7, 8, 9, 10), att_pop = c(-0.289962106400851, -0.317322789781828, -0.335257145374763, -0.301660353294251, -0.348327181940291, -0.369651462137992, -0.348353224244352, -0.361771909750052), att_waste = c(-0.209635939156162, -0.224787238726364, -0.248120381372782, -0.209878109477504, -0.271311826743588, -0.258480942516963, -0.250491202829454, -0.275217845112874
), attempt = c(15, 15, 15, 15, 15, 15, 15, 15)),list(state_id = c("CT", "CT", "CT", "CT", "CT", "CT", "CT", "CT"), ban_year = c(2014, 2014, 2014, 2014, 2014, 2014, 2014, 2014), sample_size = c(3, 4, 5, 6, 7, 8, 9, 10), att_pop = c(-0.228775088387763, -0.231715811521709, -0.354436146661936, -0.362177870524603, -0.370360258970833, -0.360929873526507, -0.366787496880977, -0.291775813889391), att_waste = c(-0.188833329555121, -0.168278967313526, -0.243485979475734, -0.290658940517452, -0.293057200499775, -0.261878454877553, -0.285571102139456, -0.225209676756982
), attempt = c(16, 16, 16, 16, 16, 16, 16, 16)),list(state_id = c("CT", "CT", "CT", "CT", "CT", "CT", "CT", "CT"), ban_year = c(2014, 2014, 2014, 2014, 2014, 2014, 2014, 2014), sample_size = c(3, 4, 5, 6, 7, 8, 9, 10), att_pop = c(-0.218214813078171, -0.280945423851136, -0.34990286722368, -0.373356649224306, -0.33888973629819, -0.346814737035965, -0.3529462355662, -0.351496125856279), att_waste = c(-0.186915176983949, -0.185607015957967, -0.276133511019834, -0.282432202068546, -0.276017494870034, -0.305565036399135, -0.253271815754154, -0.279430921260736
), attempt = c(17, 17, 17, 17, 17, 17, 17, 17)),list(state_id = c("CT", "CT", "CT", "CT", "CT", "CT", "CT", "CT"), ban_year = c(2014, 2014, 2014, 2014, 2014, 2014, 2014, 2014), sample_size = c(3, 4, 5, 6, 7, 8, 9, 10), att_pop = c(-0.305361955504121, -0.335005891421042, -0.323120295908023, -0.394716667428191, -0.36087162655512, -0.353823030352849, -0.343952468782138, -0.355767131561966), att_waste = c(-0.254884433849086, -0.218237936476875, -0.214387498291234, -0.301936972778131, -0.301773255453488, -0.24267982200933, -0.256425634947015, -0.285114644962273
), attempt = c(18, 18, 18, 18, 18, 18, 18, 18)),list(state_id = c("CT", "CT", "CT", "CT", "CT", "CT", "CT", "CT"), ban_year = c(2014, 2014, 2014, 2014, 2014, 2014, 2014, 2014), sample_size = c(3, 4, 5, 6, 7, 8, 9, 10), att_pop = c(-0.23418768996028, -0.315547847799408, -0.311765466349594, -0.353416937456585, -0.320660148073936, -0.337243809404562, -0.333518093321757, -0.346073611882724), att_waste = c(-0.171788686129899, -0.193292493931647, -0.215771459851383, -0.262503077958321, -0.227821952115801, -0.272555940024272, -0.271013533561311, -0.248612555871011
), attempt = c(19, 19, 19, 19, 19, 19, 19, 19)),list(state_id = c("CT", "CT", "CT", "CT", "CT", "CT", "CT", "CT"), ban_year = c(2014, 2014, 2014, 2014, 2014, 2014, 2014, 2014), sample_size = c(3, 4, 5, 6, 7, 8, 9, 10), att_pop = c(-0.309449273853795, -0.310204042289114, -0.34756437028434, -0.323993285524464, -0.346093588239006, -0.374795226833945, -0.329986877514759, -0.341096087871649), att_waste = c(-0.27052358948803, -0.197522033039501, -0.238896977804619, -0.217235169150602, -0.266943721530111, -0.293134640241776, -0.231999553541636, -0.247360826632313
), attempt = c(20, 20, 20, 20, 20, 20, 20, 20)),list(state_id = c("CT", "CT", "CT", "CT", "CT", "CT", "CT", "CT"), ban_year = c(2014, 2014, 2014, 2014, 2014, 2014, 2014, 2014), sample_size = c(3, 4, 5, 6, 7, 8, 9, 10), att_pop = c(-0.277159404324596, -0.304317451030815, -0.336612268178796, -0.377492345481827, -0.348744573462088, -0.340108288856786, -0.331013387003918, -0.367579548052532), att_waste = c(-0.220223557694428, -0.201266673043717, -0.231259520968398, -0.275142233848332, -0.265332933265638, -0.240992247966702, -0.252980319415101, -0.313341126381633
), attempt = c(21, 21, 21, 21, 21, 21, 21, 21)),list(state_id = c("CT", "CT", "CT", "CT", "CT", "CT", "CT", "CT"), ban_year = c(2014, 2014, 2014, 2014, 2014, 2014, 2014, 2014), sample_size = c(3, 4, 5, 6, 7, 8, 9, 10), att_pop = c(-0.27820075170982, -0.313327226686954, -0.326458695928822, -0.351873854601632, -0.332506536946809, -0.295111454944517, -0.311898084523259, -0.372857032728187), att_waste = c(-0.20179168111895, -0.155464957128297, -0.211621056169918, -0.262145109584682, -0.239965515623139, -0.202285961283913, -0.228160178083378, -0.289670663714722
), attempt = c(22, 22, 22, 22, 22, 22, 22, 22)),list(state_id = c("CT", "CT", "CT", "CT", "CT", "CT", "CT", "CT"), ban_year = c(2014, 2014, 2014, 2014, 2014, 2014, 2014, 2014), sample_size = c(3, 4, 5, 6, 7, 8, 9, 10), att_pop = c(-0.27838659173809, -0.311703288526552, -0.335847952537752, -0.330631996643123, -0.353000611651745, -0.369514570735901, -0.331650726783791, -0.343078242329187), att_waste = c(-0.239415092475655, -0.202097631694534, -0.238406777920284, -0.26095463896548, -0.288714442300184, -0.250349891284156, -0.260918351245649, -0.261957212124354
), attempt = c(23, 23, 23, 23, 23, 23, 23, 23)),list(state_id = c("CT", "CT", "CT", "CT", "CT", "CT", "CT", "CT"), ban_year = c(2014, 2014, 2014, 2014, 2014, 2014, 2014, 2014), sample_size = c(3, 4, 5, 6, 7, 8, 9, 10), att_pop = c(-0.265803668647046, -0.279746308361667, -0.311136703610799, -0.345756748627777, -0.351271552205017, -0.317862097567797, -0.342282996996411, -0.365421978942944), att_waste = c(-0.239486601264085, -0.145603208019091, -0.207635466340461, -0.268691462829148, -0.253840234159986, -0.269519125735998, -0.247427776701327, -0.276392231570388
), attempt = c(24, 24, 24, 24, 24, 24, 24, 24)),list(state_id = c("CT", "CT", "CT", "CT", "CT", "CT", "CT", "CT"), ban_year = c(2014, 2014, 2014, 2014, 2014, 2014, 2014, 2014), sample_size = c(3, 4, 5, 6, 7, 8, 9, 10), att_pop = c(-0.269570394427787, -0.307525639266665, -0.318268484978232, -0.341431649375544, -0.365959855434664, -0.363402570937644, -0.325849430260453, -0.383076611317888), att_waste = c(-0.2497597893056, -0.224446722166104, -0.21688836724127, -0.265987692885823, -0.281533466389806, -0.274746105173758, -0.264441306541847, -0.324561202519888
), attempt = c(25, 25, 25, 25, 25, 25, 25, 25)),list(state_id = c("CT", "CT", "CT", "CT", "CT", "CT", "CT", "CT"), ban_year = c(2014, 2014, 2014, 2014, 2014, 2014, 2014, 2014), sample_size = c(3, 4, 5, 6, 7, 8, 9, 10), att_pop = c(-0.258250672288824, -0.301731479750064, -0.313121763998887, -0.350887485299149, -0.347822961010516, -0.341086526521818, -0.345961269137122, -0.403445457126137), att_waste = c(-0.212216011065482, -0.166136565388046, -0.236134895023579, -0.263491318741637, -0.283056903908258, -0.258163181557475, -0.249779985078992, -0.320120794178574
), attempt = c(26, 26, 26, 26, 26, 26, 26, 26)),list(state_id = c("CT", "CT", "CT", "CT", "CT", "CT", "CT", "CT"), ban_year = c(2014, 2014, 2014, 2014, 2014, 2014, 2014, 2014), sample_size = c(3, 4, 5, 6, 7, 8, 9, 10), att_pop = c(-0.295048423800965, -0.337029925641996, -0.304873332511515, -0.343522015183481, -0.348850186423826, -0.373798456145425, -0.301800114707638, -0.363253502629162), att_waste = c(-0.27080002029689, -0.198918653731367, -0.210128565835681, -0.268033492246373, -0.251324205339417, -0.302070538051604, -0.203446201521226, -0.278867627506442
), attempt = c(27, 27, 27, 27, 27, 27, 27, 27)),list(state_id = c("CT", "CT", "CT", "CT", "CT", "CT", "CT", "CT"), ban_year = c(2014, 2014, 2014, 2014, 2014, 2014, 2014, 2014), sample_size = c(3, 4, 5, 6, 7, 8, 9, 10), att_pop = c(-0.267072736711443, -0.289317643850052, -0.326824259589339, -0.346945392629664, -0.358324921528796, -0.368033895218238, -0.3472606284624, -0.36906703166019), att_waste = c(-0.234898689630096, -0.167672694779998, -0.25937651516324, -0.275423536427564, -0.289394326691806, -0.298931319876265, -0.2591877796451, -0.309467501441267
), attempt = c(28, 28, 28, 28, 28, 28, 28, 28)),list(state_id = c("CT", "CT", "CT", "CT", "CT", "CT", "CT", "CT"), ban_year = c(2014, 2014, 2014, 2014, 2014, 2014, 2014, 2014), sample_size = c(3, 4, 5, 6, 7, 8, 9, 10), att_pop = c(-0.273146305610767, -0.323664450667493, -0.352287758160307, -0.354387297089161, -0.326297669728852, -0.320841560803191, -0.354207450922092, -0.328915928838271), att_waste = c(-0.235379226991753, -0.19563057186424, -0.283227524886211, -0.263990103922791, -0.22184375705182, -0.230585907957136, -0.271620208618031, -0.275078056823248
), attempt = c(29, 29, 29, 29, 29, 29, 29, 29)),list(state_id = c("CT", "CT", "CT", "CT", "CT", "CT", "CT", "CT"), ban_year = c(2014, 2014, 2014, 2014, 2014, 2014, 2014, 2014), sample_size = c(3, 4, 5, 6, 7, 8, 9, 10), att_pop = c(-0.228947821484334, -0.289867224450465, -0.302272384562207, -0.34339906883205, -0.396082533212353, -0.383407093649497, -0.370538115522388, -0.360514899562288), att_waste = c(-0.173551320904195, -0.168045082079985, -0.217267344543224, -0.266316387251293, -0.304938344907986, -0.299932462199761, -0.290477370450831, -0.285885230463522
), attempt = c(30, 30, 30, 30, 30, 30, 30, 30)),list(state_id = c("CT", "CT", "CT", "CT", "CT", "CT", "CT", "CT"), ban_year = c(2014, 2014, 2014, 2014, 2014, 2014, 2014, 2014), sample_size = c(3, 4, 5, 6, 7, 8, 9, 10), att_pop = c(-0.323564449894714, -0.35194069981481, -0.353337129874053, -0.352577469731301, -0.360517306613562, -0.330054373417793, -0.348961072955498, -0.336486607227235), att_waste = c(-0.273550723063313, -0.272719059995766, -0.236024450033376, -0.265857138405778, -0.253914222393555, -0.245577091722333, -0.255324544772651, -0.233646022046787
), attempt = c(31, 31, 31, 31, 31, 31, 31, 31)),list(state_id = c("CT", "CT", "CT", "CT", "CT", "CT", "CT", "CT"), ban_year = c(2014, 2014, 2014, 2014, 2014, 2014, 2014, 2014), sample_size = c(3, 4, 5, 6, 7, 8, 9, 10), att_pop = c(-0.301906517935872, -0.29949289700864, -0.36194496011909, -0.334211051170713, -0.346618874814113, -0.402633664058476, -0.361859736853292, -0.363619026894103), att_waste = c(-0.224537348228784, -0.218262295479761, -0.306725082788655, -0.223541097529644, -0.231539433515173, -0.338835812379324, -0.303781449557065, -0.264912242028765
), attempt = c(32, 32, 32, 32, 32, 32, 32, 32)),list(state_id = c("CT", "CT", "CT", "CT", "CT", "CT", "CT", "CT"), ban_year = c(2014, 2014, 2014, 2014, 2014, 2014, 2014, 2014), sample_size = c(3, 4, 5, 6, 7, 8, 9, 10), att_pop = c(-0.229822848393791, -0.341289330084852, -0.355603727293179, -0.314298056620871, -0.374242360647369, -0.302226248144797, -0.351017405764936, -0.335417027563833), att_waste = c(-0.182086143159803, -0.181644755692864, -0.246608819476026, -0.207588592038285, -0.295173837533987, -0.218738691591644, -0.274351697364252, -0.257104218709688
), attempt = c(33, 33, 33, 33, 33, 33, 33, 33)),list(state_id = c("CT", "CT", "CT", "CT", "CT", "CT", "CT", "CT"), ban_year = c(2014, 2014, 2014, 2014, 2014, 2014, 2014, 2014), sample_size = c(3, 4, 5, 6, 7, 8, 9, 10), att_pop = c(-0.245453679763221, -0.327903685343529, -0.332802590142173, -0.359388171160712, -0.316393340041715, -0.366094109093136, -0.398970465013677, -0.375786585128699), att_waste = c(-0.226187434433938, -0.200728233639049, -0.208267783606906, -0.271739467017377, -0.222208337896492, -0.285198940928115, -0.345337494076768, -0.290494422979058
), attempt = c(34, 34, 34, 34, 34, 34, 34, 34)),list(state_id = c("CT", "CT", "CT", "CT", "CT", "CT", "CT", "CT"), ban_year = c(2014, 2014, 2014, 2014, 2014, 2014, 2014, 2014), sample_size = c(3, 4, 5, 6, 7, 8, 9, 10), att_pop = c(-0.289450741185394, -0.239419721907495, -0.301848315552476, -0.361799111995688, -0.371136366437316, -0.33381305344362, -0.369146233185355, -0.363564861327787), att_waste = c(-0.240347722755297, -0.145409312225938, -0.192394268053251, -0.261263376978683, -0.279716656530245, -0.286407064021325, -0.277146847162584, -0.280194296821676
), attempt = c(35, 35, 35, 35, 35, 35, 35, 35)),list(state_id = c("CT", "CT", "CT", "CT", "CT", "CT", "CT", "CT"), ban_year = c(2014, 2014, 2014, 2014, 2014, 2014, 2014, 2014), sample_size = c(3, 4, 5, 6, 7, 8, 9, 10), att_pop = c(-0.288566228753246, -0.288203472907865, -0.372535827039596, -0.348975082428116, -0.335910875481492, -0.341554805147167, -0.35874949254266, -0.353735297232296), att_waste = c(-0.271561011302683, -0.19295307021183, -0.304649492248857, -0.254908272355563, -0.249812104969842, -0.277027038582075, -0.26699113930114, -0.272251522702173
), attempt = c(36, 36, 36, 36, 36, 36, 36, 36)),list(state_id = c("CT", "CT", "CT", "CT", "CT", "CT", "CT", "CT"), ban_year = c(2014, 2014, 2014, 2014, 2014, 2014, 2014, 2014), sample_size = c(3, 4, 5, 6, 7, 8, 9, 10), att_pop = c(-0.277033716230374, -0.321813900015852, -0.353145477373181, -0.352696615667531, -0.300720311723909, -0.327739896385259, -0.330257733570602, -0.373811391857955), att_waste = c(-0.271661153425635, -0.207020901692775, -0.219118287581268, -0.25273853431802, -0.227321368741268, -0.227890807585554, -0.248607021857879, -0.30304024399017
), attempt = c(37, 37, 37, 37, 37, 37, 37, 37)),list(state_id = c("CT", "CT", "CT", "CT", "CT", "CT", "CT", "CT"), ban_year = c(2014, 2014, 2014, 2014, 2014, 2014, 2014, 2014), sample_size = c(3, 4, 5, 6, 7, 8, 9, 10), att_pop = c(-0.32044778535652, -0.336494429721825, -0.348791541845506, -0.322822816387327, -0.330721418924398, -0.383973742496599, -0.353022424408263, -0.376012739796521), att_waste = c(-0.252232998439208, -0.241330360992106, -0.257499793467024, -0.253811965405077, -0.246466181676157, -0.32197134954286, -0.283645975782858, -0.2763390775997
), attempt = c(38, 38, 38, 38, 38, 38, 38, 38)),list(state_id = c("CT", "CT", "CT", "CT", "CT", "CT", "CT", "CT"), ban_year = c(2014, 2014, 2014, 2014, 2014, 2014, 2014, 2014), sample_size = c(3, 4, 5, 6, 7, 8, 9, 10), att_pop = c(-0.325482814123312, -0.315423300901796, -0.373330753442136, -0.361900071861243, -0.38174840644967, -0.315393586792254, -0.340499321382021, -0.339291633366931), att_waste = c(-0.275649409719488, -0.214710828495344, -0.28612824646954, -0.261029241975902, -0.315842337545336, -0.225992353638614, -0.270650861441629, -0.260672094618755
), attempt = c(39, 39, 39, 39, 39, 39, 39, 39)),list(state_id = c("CT", "CT", "CT", "CT", "CT", "CT", "CT", "CT"), ban_year = c(2014, 2014, 2014, 2014, 2014, 2014, 2014, 2014), sample_size = c(3, 4, 5, 6, 7, 8, 9, 10), att_pop = c(-0.315229805869834, -0.274023511795437, -0.325459006486591, -0.378064329152567, -0.326627238788857, -0.356520323923489, -0.330494267306809, -0.363351988979733), att_waste = c(-0.268405830000507, -0.198018502545459, -0.230575879285869, -0.308401240666961, -0.22937705964747, -0.275787994070316, -0.247301784007703, -0.298212653348101
), attempt = c(40, 40, 40, 40, 40, 40, 40, 40)),list(state_id = c("CT", "CT", "CT", "CT", "CT", "CT", "CT", "CT"), ban_year = c(2014, 2014, 2014, 2014, 2014, 2014, 2014, 2014), sample_size = c(3, 4, 5, 6, 7, 8, 9, 10), att_pop = c(-0.315660634525281, -0.35353189034039, -0.326075414730176, -0.320154823946919, -0.348747507611754, -0.350130770563248, -0.359046785402321, -0.361263902260992), att_waste = c(-0.211023653375886, -0.243915768694255, -0.224451730491861, -0.228420298571727, -0.264176161737532, -0.263425632678657, -0.298338361730588, -0.284476964657153
), attempt = c(41, 41, 41, 41, 41, 41, 41, 41)),list(state_id = c("CT", "CT", "CT", "CT", "CT", "CT", "CT", "CT"), ban_year = c(2014, 2014, 2014, 2014, 2014, 2014, 2014, 2014), sample_size = c(3, 4, 5, 6, 7, 8, 9, 10), att_pop = c(-0.311554650037721, -0.321122245057531, -0.334173933726779, -0.346702542798189, -0.375304245303555, -0.363922656031658, -0.356486333175006, -0.367939722118022), att_waste = c(-0.256872295583888, -0.223450969228192, -0.213768491899078, -0.262198407279784, -0.295560265342702, -0.292970923329964, -0.295766062958858, -0.305489247814995
), attempt = c(42, 42, 42, 42, 42, 42, 42, 42)),list(state_id = c("CT", "CT", "CT", "CT", "CT", "CT", "CT", "CT"), ban_year = c(2014, 2014, 2014, 2014, 2014, 2014, 2014, 2014), sample_size = c(3, 4, 5, 6, 7, 8, 9, 10), att_pop = c(-0.330506343832827, -0.30173504963465, -0.347144747054114, -0.341404923437749, -0.333256876148861, -0.340639397226223, -0.34241123048912, -0.363076612216596), att_waste = c(-0.311801739956562, -0.20146234010035, -0.248377871654361, -0.246473814198405, -0.253439635405356, -0.244250681761612, -0.294862488633189, -0.313298879939182
), attempt = c(43, 43, 43, 43, 43, 43, 43, 43)),list(state_id = c("CT", "CT", "CT", "CT", "CT", "CT", "CT", "CT"), ban_year = c(2014, 2014, 2014, 2014, 2014, 2014, 2014, 2014), sample_size = c(3, 4, 5, 6, 7, 8, 9, 10), att_pop = c(-0.308142392638249, -0.243644093967326, -0.300926385585694, -0.344873258024964, -0.335543886232862, -0.368049475654431, -0.361331255163702, -0.37675868940613), att_waste = c(-0.280229862024701, -0.127874493917474, -0.177428314040049, -0.263708969953554, -0.244957079405535, -0.27260491066333, -0.301096185487435, -0.300742537478121
), attempt = c(44, 44, 44, 44, 44, 44, 44, 44)),list(state_id = c("CT", "CT", "CT", "CT", "CT", "CT", "CT", "CT"), ban_year = c(2014, 2014, 2014, 2014, 2014, 2014, 2014, 2014), sample_size = c(3, 4, 5, 6, 7, 8, 9, 10), att_pop = c(-0.285112828221133, -0.258639122596977, -0.321540291804059, -0.376934839914802, -0.390732112842138, -0.33274715988898, -0.332071001861912, -0.358841436474981), att_waste = c(-0.244861821659566, -0.152580594987551, -0.221168452812511, -0.284333947830606, -0.300643480173496, -0.22953194767855, -0.264754196668048, -0.280192044797393
), attempt = c(45, 45, 45, 45, 45, 45, 45, 45)),list(state_id = c("CT", "CT", "CT", "CT", "CT", "CT", "CT", "CT"), ban_year = c(2014, 2014, 2014, 2014, 2014, 2014, 2014, 2014), sample_size = c(3, 4, 5, 6, 7, 8, 9, 10), att_pop = c(-0.307213062731513, -0.301255846570429, -0.33363343698997, -0.365028963396505, -0.325445846567131, -0.337757603727649, -0.352122234220685, -0.341610200199337), att_waste = c(-0.216828119664901, -0.190806412765439, -0.208961294899833, -0.266453813339254, -0.233846895219172, -0.249876689496066, -0.270341909530145, -0.245910810695249
), attempt = c(46, 46, 46, 46, 46, 46, 46, 46)),list(state_id = c("CT", "CT", "CT", "CT", "CT", "CT", "CT", "CT"), ban_year = c(2014, 2014, 2014, 2014, 2014, 2014, 2014, 2014), sample_size = c(3, 4, 5, 6, 7, 8, 9, 10), att_pop = c(-0.273449916163834, -0.306789070081215, -0.357740539970822, -0.358411503148869, -0.323660588575082, -0.35262377604873, -0.335036018225261, -0.34602792401545), att_waste = c(-0.236524565980067, -0.207816665568129, -0.256744202233446, -0.282949364252865, -0.232170633295521, -0.271465956408612, -0.253619522290269, -0.256261150084304
), attempt = c(47, 47, 47, 47, 47, 47, 47, 47)),list(state_id = c("CT", "CT", "CT", "CT", "CT", "CT", "CT", "CT"), ban_year = c(2014, 2014, 2014, 2014, 2014, 2014, 2014, 2014), sample_size = c(3, 4, 5, 6, 7, 8, 9, 10), att_pop = c(-0.243289868656592, -0.293875842083581, -0.33177441306829, -0.391735596314978, -0.340530399256785, -0.314460826393163, -0.357004039491264, -0.321473443532052), att_waste = c(-0.190703359872203, -0.190956631376516, -0.213430506501154, -0.261054047880508, -0.237338821592335, -0.221488486344781, -0.262222465402933, -0.28160394631817
), attempt = c(48, 48, 48, 48, 48, 48, 48, 48)),list(state_id = c("CT", "CT", "CT", "CT", "CT", "CT", "CT", "CT"), ban_year = c(2014, 2014, 2014, 2014, 2014, 2014, 2014, 2014), sample_size = c(3, 4, 5, 6, 7, 8, 9, 10), att_pop = c(-0.245427017844911, -0.269564377995432, -0.352939646813046, -0.292730148716185, -0.327222285505909, -0.336773411215253, -0.319372777489618, -0.335056064967735), att_waste = c(-0.187373011036329, -0.1668623049414, -0.260288794844928, -0.197382472637294, -0.238785922037359, -0.257744086250177, -0.219699354976944, -0.24203832240813
), attempt = c(49, 49, 49, 49, 49, 49, 49, 49)),list(state_id = c("CT", "CT", "CT", "CT", "CT", "CT", "CT", "CT"), ban_year = c(2014, 2014, 2014, 2014, 2014, 2014, 2014, 2014), sample_size = c(3, 4, 5, 6, 7, 8, 9, 10), att_pop = c(-0.312621874168236, -0.348403964737635, -0.310496164306107, -0.356138391253545, -0.346844966446114, -0.346478646471101, -0.317391645433553, -0.334950449501297), att_waste = c(-0.279269148916047, -0.228164705068197, -0.222401189179786, -0.244324880334781, -0.278870682841644, -0.249515558934811, -0.23400224575151, -0.241148832384625
), attempt = c(50, 50, 50, 50, 50, 50, 50, 50))
