state_id,ban_year,sample_size,att_pop,att_waste,attempt
MA,2014,3,-0.058979756,-0.058979756,1
MA,2014,4,-0.057356576,-0.057356576,1
MA,2014,5,-0.061813772,-0.061813772,1
MA,2014,6,-0.062961015,-0.062961015,1
MA,2014,7,-0.066638069,-0.066638069,1
MA,2014,8,-0.074692905,-0.074692905,1
MA,2014,9,-0.069192693,-0.069192693,1
MA,2014,10,-0.068066594,-0.068066594,1
MA,2014,3,-0.056339314,-0.056339314,2
MA,2014,4,-0.054542808,-0.054542808,2
MA,2014,5,-0.061007247,-0.061007247,2
MA,2014,6,-0.059717601,-0.059717601,2
MA,2014,7,-0.066766924,-0.066766924,2
MA,2014,8,-0.076008446,-0.076008446,2
MA,2014,9,-0.065363172,-0.065363172,2
MA,2014,10,-0.068218975,-0.068218975,2
MA,2014,3,-0.072485336,-0.072485336,3
MA,2014,4,-0.070321303,-0.070321303,3
MA,2014,5,-0.074858374,-0.074858374,3
MA,2014,6,-0.060622189,-0.060622189,3
MA,2014,7,-0.069088525,-0.069088525,3
MA,2014,8,-0.07040107,-0.07040107,3
MA,2014,9,-0.066134519,-0.066134519,3
MA,2014,10,-0.068107033,-0.068107033,3
MA,2014,3,-0.058103013,-0.058103013,4
MA,2014,4,-0.05371329,-0.05371329,4
MA,2014,5,-0.070530868,-0.070530868,4
MA,2014,6,-0.067332487,-0.067332487,4
MA,2014,7,-0.074270666,-0.074270666,4
MA,2014,8,-0.070909036,-0.070909036,4
MA,2014,9,-0.072826618,-0.072826618,4
MA,2014,10,-0.068716486,-0.068716486,4
MA,2014,3,-0.064922413,-0.064922413,5
MA,2014,4,-0.071524331,-0.071524331,5
MA,2014,5,-0.071492824,-0.071492824,5
MA,2014,6,-0.066118021,-0.066118021,5
MA,2014,7,-0.063191736,-0.063191736,5
MA,2014,8,-0.064625692,-0.064625692,5
MA,2014,9,-0.065866099,-0.065866099,5
MA,2014,10,-0.066147514,-0.066147514,5
MA,2014,3,-0.058179166,-0.058179166,6
MA,2014,4,-0.062720494,-0.062720494,6
MA,2014,5,-0.066979723,-0.066979723,6
MA,2014,6,-0.06065049,-0.06065049,6
MA,2014,7,-0.073828699,-0.073828699,6
MA,2014,8,-0.056402198,-0.056402198,6
MA,2014,9,-0.064544619,-0.064544619,6
MA,2014,10,-0.065255196,-0.065255196,6
MA,2014,3,-0.063778121,-0.063778121,7
MA,2014,4,-0.061294948,-0.061294948,7
MA,2014,5,-0.049191715,-0.049191715,7
MA,2014,6,-0.069988041,-0.069988041,7
MA,2014,7,-0.067569546,-0.067569546,7
MA,2014,8,-0.064879555,-0.064879555,7
MA,2014,9,-0.072095085,-0.072095085,7
MA,2014,10,-0.068286845,-0.068286845,7
MA,2014,3,-0.059011323,-0.059011323,8
MA,2014,4,-0.06234493,-0.06234493,8
MA,2014,5,-0.073530455,-0.073530455,8
MA,2014,6,-0.068950942,-0.068950942,8
MA,2014,7,-0.066713087,-0.066713087,8
MA,2014,8,-0.063124359,-0.063124359,8
MA,2014,9,-0.06681524,-0.06681524,8
MA,2014,10,-0.068213152,-0.068213152,8
MA,2014,3,-0.072318961,-0.072318961,9
MA,2014,4,-0.072353756,-0.072353756,9
MA,2014,5,-0.06832145,-0.06832145,9
MA,2014,6,-0.064022223,-0.064022223,9
MA,2014,7,-0.066631059,-0.066631059,9
MA,2014,8,-0.070400752,-0.070400752,9
MA,2014,9,-0.061095994,-0.061095994,9
MA,2014,10,-0.068399307,-0.068399307,9
MA,2014,3,-0.046932626,-0.046932626,10
MA,2014,4,-0.059110114,-0.059110114,10
MA,2014,5,-0.055938256,-0.055938256,10
MA,2014,6,-0.073119761,-0.073119761,10
MA,2014,7,-0.061418495,-0.061418495,10
MA,2014,8,-0.061994978,-0.061994978,10
MA,2014,9,-0.062055177,-0.062055177,10
MA,2014,10,-0.074441921,-0.074441921,10
MA,2014,3,-0.049751361,-0.049751361,11
MA,2014,4,-0.062584078,-0.062584078,11
MA,2014,5,-0.063192405,-0.063192405,11
MA,2014,6,-0.054562914,-0.054562914,11
MA,2014,7,-0.077760653,-0.077760653,11
MA,2014,8,-0.062277295,-0.062277295,11
MA,2014,9,-0.070287848,-0.070287848,11
MA,2014,10,-0.074176081,-0.074176081,11
MA,2014,3,-0.064460071,-0.064460071,12
MA,2014,4,-0.059882445,-0.059882445,12
MA,2014,5,-0.061525594,-0.061525594,12
MA,2014,6,-0.065787549,-0.065787549,12
MA,2014,7,-0.066772833,-0.066772833,12
MA,2014,8,-0.062074269,-0.062074269,12
MA,2014,9,-0.075159953,-0.075159953,12
MA,2014,10,-0.071700224,-0.071700224,12
MA,2014,3,-0.067569269,-0.067569269,13
MA,2014,4,-0.070410228,-0.070410228,13
MA,2014,5,-0.065796823,-0.065796823,13
MA,2014,6,-0.065189048,-0.065189048,13
MA,2014,7,-0.070142408,-0.070142408,13
MA,2014,8,-0.058329613,-0.058329613,13
MA,2014,9,-0.064849238,-0.064849238,13
MA,2014,10,-0.074292658,-0.074292658,13
MA,2014,3,-0.064044268,-0.064044268,14
MA,2014,4,-0.058735848,-0.058735848,14
MA,2014,5,-0.065008963,-0.065008963,14
MA,2014,6,-0.062388316,-0.062388316,14
MA,2014,7,-0.070837708,-0.070837708,14
MA,2014,8,-0.069793292,-0.069793292,14
MA,2014,9,-0.066536096,-0.066536096,14
MA,2014,10,-0.066901917,-0.066901917,14
MA,2014,3,-0.060061385,-0.060061385,15
MA,2014,4,-0.064849858,-0.064849858,15
MA,2014,5,-0.064401734,-0.064401734,15
MA,2014,6,-0.058113707,-0.058113707,15
MA,2014,7,-0.072512835,-0.072512835,15
MA,2014,8,-0.076024996,-0.076024996,15
MA,2014,9,-0.060305717,-0.060305717,15
MA,2014,10,-0.064088299,-0.064088299,15
MA,2014,3,-0.066156292,-0.066156292,16
MA,2014,4,-0.066003762,-0.066003762,16
MA,2014,5,-0.068767553,-0.068767553,16
MA,2014,6,-0.074146249,-0.074146249,16
MA,2014,7,-0.065705615,-0.065705615,16
MA,2014,8,-0.07072681,-0.07072681,16
MA,2014,9,-0.066821142,-0.066821142,16
MA,2014,10,-0.059900963,-0.059900963,16
MA,2014,3,-0.058254255,-0.058254255,17
MA,2014,4,-0.06112863,-0.06112863,17
MA,2014,5,-0.059033229,-0.059033229,17
MA,2014,6,-0.0753077,-0.0753077,17
MA,2014,7,-0.071216869,-0.071216869,17
MA,2014,8,-0.069778482,-0.069778482,17
MA,2014,9,-0.074651192,-0.074651192,17
MA,2014,10,-0.067653859,-0.067653859,17
MA,2014,3,-0.057311415,-0.057311415,18
MA,2014,4,-0.070464077,-0.070464077,18
MA,2014,5,-0.069001494,-0.069001494,18
MA,2014,6,-0.063160565,-0.063160565,18
MA,2014,7,-0.063620989,-0.063620989,18
MA,2014,8,-0.076326159,-0.076326159,18
MA,2014,9,-0.069083874,-0.069083874,18
MA,2014,10,-0.059153495,-0.059153495,18
MA,2014,3,-0.06358973,-0.06358973,19
MA,2014,4,-0.060251775,-0.060251775,19
MA,2014,5,-0.068310129,-0.068310129,19
MA,2014,6,-0.071026011,-0.071026011,19
MA,2014,7,-0.074564702,-0.074564702,19
MA,2014,8,-0.066208788,-0.066208788,19
MA,2014,9,-0.069002081,-0.069002081,19
MA,2014,10,-0.071469684,-0.071469684,19
MA,2014,3,-0.058377584,-0.058377584,20
MA,2014,4,-0.069010883,-0.069010883,20
MA,2014,5,-0.067428973,-0.067428973,20
MA,2014,6,-0.079996553,-0.079996553,20
MA,2014,7,-0.06879212,-0.06879212,20
MA,2014,8,-0.055487848,-0.055487848,20
MA,2014,9,-0.066139666,-0.066139666,20
MA,2014,10,-0.067524806,-0.067524806,20
MA,2014,3,-0.066759139,-0.066759139,21
MA,2014,4,-0.053812051,-0.053812051,21
MA,2014,5,-0.051514031,-0.051514031,21
MA,2014,6,-0.071805417,-0.071805417,21
MA,2014,7,-0.071475032,-0.071475032,21
MA,2014,8,-0.060433153,-0.060433153,21
MA,2014,9,-0.069073928,-0.069073928,21
MA,2014,10,-0.077629814,-0.077629814,21
MA,2014,3,-0.08277169,-0.08277169,22
MA,2014,4,-0.064529288,-0.064529288,22
MA,2014,5,-0.076671354,-0.076671354,22
MA,2014,6,-0.065206721,-0.065206721,22
MA,2014,7,-0.07801195,-0.07801195,22
MA,2014,8,-0.065791684,-0.065791684,22
MA,2014,9,-0.065118129,-0.065118129,22
MA,2014,10,-0.077976361,-0.077976361,22
MA,2014,3,-0.056720477,-0.056720477,23
MA,2014,4,-0.050044732,-0.050044732,23
MA,2014,5,-0.066464474,-0.066464474,23
MA,2014,6,-0.068047425,-0.068047425,23
MA,2014,7,-0.069976439,-0.069976439,23
MA,2014,8,-0.069488092,-0.069488092,23
MA,2014,9,-0.06530805,-0.06530805,23
MA,2014,10,-0.068964543,-0.068964543,23
MA,2014,3,-0.060709543,-0.060709543,24
MA,2014,4,-0.077684605,-0.077684605,24
MA,2014,5,-0.075733742,-0.075733742,24
MA,2014,6,-0.063119479,-0.063119479,24
MA,2014,7,-0.0725171,-0.0725171,24
MA,2014,8,-0.076586022,-0.076586022,24
MA,2014,9,-0.064210343,-0.064210343,24
MA,2014,10,-0.0784298,-0.0784298,24
MA,2014,3,-0.065086976,-0.065086976,25
MA,2014,4,-0.06198049,-0.06198049,25
MA,2014,5,-0.071322179,-0.071322179,25
MA,2014,6,-0.06199146,-0.06199146,25
MA,2014,7,-0.067125472,-0.067125472,25
MA,2014,8,-0.067884646,-0.067884646,25
MA,2014,9,-0.074491862,-0.074491862,25
MA,2014,10,-0.075026117,-0.075026117,25
MA,2014,3,-0.061392071,-0.061392071,26
MA,2014,4,-0.053233594,-0.053233594,26
MA,2014,5,-0.080307847,-0.080307847,26
MA,2014,6,-0.073888284,-0.073888284,26
MA,2014,7,-0.073545142,-0.073545142,26
MA,2014,8,-0.071150264,-0.071150264,26
MA,2014,9,-0.072422449,-0.072422449,26
MA,2014,10,-0.070083919,-0.070083919,26
MA,2014,3,-0.064457537,-0.064457537,27
MA,2014,4,-0.075029459,-0.075029459,27
MA,2014,5,-0.074125345,-0.074125345,27
MA,2014,6,-0.069540112,-0.069540112,27
MA,2014,7,-0.066929365,-0.066929365,27
MA,2014,8,-0.063336649,-0.063336649,27
MA,2014,9,-0.073964814,-0.073964814,27
MA,2014,10,-0.076313013,-0.076313013,27
MA,2014,3,-0.065820355,-0.065820355,28
MA,2014,4,-0.066639714,-0.066639714,28
MA,2014,5,-0.068920011,-0.068920011,28
MA,2014,6,-0.057986963,-0.057986963,28
MA,2014,7,-0.0557765,-0.0557765,28
MA,2014,8,-0.073078802,-0.073078802,28
MA,2014,9,-0.060052951,-0.060052951,28
MA,2014,10,-0.070728961,-0.070728961,28
MA,2014,3,-0.066554795,-0.066554795,29
MA,2014,4,-0.070894729,-0.070894729,29
MA,2014,5,-0.055389935,-0.055389935,29
MA,2014,6,-0.07340641,-0.07340641,29
MA,2014,7,-0.058977721,-0.058977721,29
MA,2014,8,-0.065934133,-0.065934133,29
MA,2014,9,-0.070668764,-0.070668764,29
MA,2014,10,-0.064933308,-0.064933308,29
MA,2014,3,-0.073775779,-0.073775779,30
MA,2014,4,-0.050142133,-0.050142133,30
MA,2014,5,-0.062980963,-0.062980963,30
MA,2014,6,-0.06355699,-0.06355699,30
MA,2014,7,-0.065878052,-0.065878052,30
MA,2014,8,-0.064892209,-0.064892209,30
MA,2014,9,-0.068920503,-0.068920503,30
MA,2014,10,-0.064649122,-0.064649122,30
MA,2014,3,-0.064251429,-0.064251429,31
MA,2014,4,-0.05441342,-0.05441342,31
MA,2014,5,-0.063103645,-0.063103645,31
MA,2014,6,-0.072197353,-0.072197353,31
MA,2014,7,-0.055265184,-0.055265184,31
MA,2014,8,-0.069861812,-0.069861812,31
MA,2014,9,-0.06142732,-0.06142732,31
MA,2014,10,-0.069449092,-0.069449092,31
MA,2014,3,-0.066568328,-0.066568328,32
MA,2014,4,-0.069585235,-0.069585235,32
MA,2014,5,-0.070544408,-0.070544408,32
MA,2014,6,-0.068235114,-0.068235114,32
MA,2014,7,-0.068931237,-0.068931237,32
MA,2014,8,-0.063969966,-0.063969966,32
MA,2014,9,-0.075213459,-0.075213459,32
MA,2014,10,-0.069261709,-0.069261709,32
MA,2014,3,-0.06601719,-0.06601719,33
MA,2014,4,-0.073105772,-0.073105772,33
MA,2014,5,-0.064449201,-0.064449201,33
MA,2014,6,-0.070185253,-0.070185253,33
MA,2014,7,-0.069384369,-0.069384369,33
MA,2014,8,-0.067431369,-0.067431369,33
MA,2014,9,-0.065310952,-0.065310952,33
MA,2014,10,-0.066115335,-0.066115335,33
MA,2014,3,-0.053924231,-0.053924231,34
MA,2014,4,-0.074188831,-0.074188831,34
MA,2014,5,-0.066936125,-0.066936125,34
MA,2014,6,-0.069955858,-0.069955858,34
MA,2014,7,-0.055011858,-0.055011858,34
MA,2014,8,-0.06467985,-0.06467985,34
MA,2014,9,-0.075665802,-0.075665802,34
MA,2014,10,-0.080192986,-0.080192986,34
MA,2014,3,-0.054189576,-0.054189576,35
MA,2014,4,-0.054194566,-0.054194566,35
MA,2014,5,-0.06432293,-0.06432293,35
MA,2014,6,-0.059465642,-0.059465642,35
MA,2014,7,-0.070312818,-0.070312818,35
MA,2014,8,-0.061123717,-0.061123717,35
MA,2014,9,-0.070460248,-0.070460248,35
MA,2014,10,-0.068647599,-0.068647599,35
MA,2014,3,-0.062505464,-0.062505464,36
MA,2014,4,-0.062239888,-0.062239888,36
MA,2014,5,-0.057006106,-0.057006106,36
MA,2014,6,-0.06343952,-0.06343952,36
MA,2014,7,-0.072590202,-0.072590202,36
MA,2014,8,-0.07246693,-0.07246693,36
MA,2014,9,-0.071438833,-0.071438833,36
MA,2014,10,-0.070005479,-0.070005479,36
MA,2014,3,-0.057796114,-0.057796114,37
MA,2014,4,-0.074432023,-0.074432023,37
MA,2014,5,-0.062135955,-0.062135955,37
MA,2014,6,-0.075674669,-0.075674669,37
MA,2014,7,-0.077850994,-0.077850994,37
MA,2014,8,-0.061489327,-0.061489327,37
MA,2014,9,-0.065569036,-0.065569036,37
MA,2014,10,-0.072793688,-0.072793688,37
MA,2014,3,-0.074931691,-0.074931691,38
MA,2014,4,-0.067466264,-0.067466264,38
MA,2014,5,-0.068633858,-0.068633858,38
MA,2014,6,-0.069222278,-0.069222278,38
MA,2014,7,-0.069944555,-0.069944555,38
MA,2014,8,-0.069490034,-0.069490034,38
MA,2014,9,-0.069587255,-0.069587255,38
MA,2014,10,-0.065643923,-0.065643923,38
MA,2014,3,-0.072336763,-0.072336763,39
MA,2014,4,-0.054673441,-0.054673441,39
MA,2014,5,-0.069317604,-0.069317604,39
MA,2014,6,-0.060068039,-0.060068039,39
MA,2014,7,-0.05914148,-0.05914148,39
MA,2014,8,-0.069296207,-0.069296207,39
MA,2014,9,-0.063515703,-0.063515703,39
MA,2014,10,-0.068890962,-0.068890962,39
MA,2014,3,-0.061071418,-0.061071418,40
MA,2014,4,-0.056611112,-0.056611112,40
MA,2014,5,-0.070533198,-0.070533198,40
MA,2014,6,-0.064791753,-0.064791753,40
MA,2014,7,-0.065831544,-0.065831544,40
MA,2014,8,-0.07425743,-0.07425743,40
MA,2014,9,-0.071412604,-0.071412604,40
MA,2014,10,-0.072047426,-0.072047426,40
MA,2014,3,-0.068995088,-0.068995088,41
MA,2014,4,-0.072414594,-0.072414594,41
MA,2014,5,-0.066025505,-0.066025505,41
MA,2014,6,-0.067637843,-0.067637843,41
MA,2014,7,-0.07822791,-0.07822791,41
MA,2014,8,-0.070490809,-0.070490809,41
MA,2014,9,-0.058938875,-0.058938875,41
MA,2014,10,-0.069887746,-0.069887746,41
MA,2014,3,-0.066295584,-0.066295584,42
MA,2014,4,-0.068797754,-0.068797754,42
MA,2014,5,-0.062830701,-0.062830701,42
MA,2014,6,-0.068266959,-0.068266959,42
MA,2014,7,-0.073986388,-0.073986388,42
MA,2014,8,-0.069696295,-0.069696295,42
MA,2014,9,-0.065595865,-0.065595865,42
MA,2014,10,-0.074302041,-0.074302041,42
MA,2014,3,-0.072019623,-0.072019623,43
MA,2014,4,-0.064093376,-0.064093376,43
MA,2014,5,-0.072688403,-0.072688403,43
MA,2014,6,-0.062688938,-0.062688938,43
MA,2014,7,-0.072233079,-0.072233079,43
MA,2014,8,-0.064482536,-0.064482536,43
MA,2014,9,-0.072858397,-0.072858397,43
MA,2014,10,-0.068565462,-0.068565462,43
MA,2014,3,-0.060598818,-0.060598818,44
MA,2014,4,-0.060958543,-0.060958543,44
MA,2014,5,-0.060463093,-0.060463093,44
MA,2014,6,-0.073869314,-0.073869314,44
MA,2014,7,-0.064815309,-0.064815309,44
MA,2014,8,-0.071997581,-0.071997581,44
MA,2014,9,-0.065591605,-0.065591605,44
MA,2014,10,-0.068352942,-0.068352942,44
MA,2014,3,-0.067323916,-0.067323916,45
MA,2014,4,-0.055359318,-0.055359318,45
MA,2014,5,-0.056907416,-0.056907416,45
MA,2014,6,-0.055585591,-0.055585591,45
MA,2014,7,-0.069118156,-0.069118156,45
MA,2014,8,-0.074503197,-0.074503197,45
MA,2014,9,-0.073741399,-0.073741399,45
MA,2014,10,-0.062858767,-0.062858767,45
MA,2014,3,-0.067637986,-0.067637986,46
MA,2014,4,-0.063818618,-0.063818618,46
MA,2014,5,-0.07115179,-0.07115179,46
MA,2014,6,-0.066569146,-0.066569146,46
MA,2014,7,-0.073222334,-0.073222334,46
MA,2014,8,-0.063417232,-0.063417232,46
MA,2014,9,-0.068834466,-0.068834466,46
MA,2014,10,-0.063328639,-0.063328639,46
MA,2014,3,-0.062635253,-0.062635253,47
MA,2014,4,-0.061641369,-0.061641369,47
MA,2014,5,-0.06774247,-0.06774247,47
MA,2014,6,-0.077593407,-0.077593407,47
MA,2014,7,-0.074661916,-0.074661916,47
MA,2014,8,-0.070230049,-0.070230049,47
MA,2014,9,-0.069953656,-0.069953656,47
MA,2014,10,-0.071931987,-0.071931987,47
MA,2014,3,-0.060212717,-0.060212717,48
MA,2014,4,-0.062270982,-0.062270982,48
MA,2014,5,-0.059635388,-0.059635388,48
MA,2014,6,-0.064136146,-0.064136146,48
MA,2014,7,-0.064657254,-0.064657254,48
MA,2014,8,-0.066594157,-0.066594157,48
MA,2014,9,-0.067899304,-0.067899304,48
MA,2014,10,-0.06693786,-0.06693786,48
MA,2014,3,-0.051396743,-0.051396743,49
MA,2014,4,-0.054743168,-0.054743168,49
MA,2014,5,-0.069879894,-0.069879894,49
MA,2014,6,-0.062475185,-0.062475185,49
MA,2014,7,-0.066046611,-0.066046611,49
MA,2014,8,-0.058406665,-0.058406665,49
MA,2014,9,-0.072866489,-0.072866489,49
MA,2014,10,-0.064867416,-0.064867416,49
MA,2014,3,-0.084875013,-0.084875013,50
MA,2014,4,-0.061398949,-0.061398949,50
MA,2014,5,-0.06341933,-0.06341933,50
MA,2014,6,-0.070452581,-0.070452581,50
MA,2014,7,-0.066983076,-0.066983076,50
MA,2014,8,-0.059751866,-0.059751866,50
MA,2014,9,-0.068807794,-0.068807794,50
MA,2014,10,-0.072159703,-0.072159703,50
CA,2016,3,0.030700093,0.03193693,1
CA,2016,4,0.036220876,0.037527976,1
CA,2016,5,0.031283079,0.031795999,1
CA,2016,6,0.031771488,0.033141223,1
CA,2016,7,0.030954491,0.031765341,1
CA,2016,8,0.026830448,0.027700478,1
CA,2016,9,0.031372177,0.032567372,1
CA,2016,10,0.0309877,0.032344867,1
CA,2016,3,0.035732085,0.036335763,2
CA,2016,4,0.035127445,0.036170345,2
CA,2016,5,0.033016069,0.033472587,2
CA,2016,6,0.035374256,0.036634704,2
CA,2016,7,0.027450381,0.028528979,2
CA,2016,8,0.034829736,0.03608632,2
CA,2016,9,0.030518671,0.03176158,2
CA,2016,10,0.030390146,0.031638808,2
CA,2016,3,0.036341915,0.03713297,3
CA,2016,4,0.032002967,0.032816495,3
CA,2016,5,0.027215769,0.027675713,3
CA,2016,6,0.031916243,0.032856706,3
CA,2016,7,0.033905419,0.035072909,3
CA,2016,8,0.030134497,0.031041501,3
CA,2016,9,0.031037274,0.032156028,3
CA,2016,10,0.029809752,0.030519726,3
CA,2016,3,0.037025352,0.0380331,4
CA,2016,4,0.036473629,0.038050282,4
CA,2016,5,0.030409653,0.031468736,4
CA,2016,6,0.032618116,0.03383566,4
CA,2016,7,0.028092433,0.028693659,4
CA,2016,8,0.030475981,0.031408838,4
CA,2016,9,0.033093391,0.034209822,4
CA,2016,10,0.032417478,0.033547801,4
CA,2016,3,0.035489831,0.036167894,5
CA,2016,4,0.036523485,0.037773914,5
CA,2016,5,0.029109455,0.029885722,5
CA,2016,6,0.033126429,0.034279407,5
CA,2016,7,0.027555146,0.028709362,5
CA,2016,8,0.03195209,0.033186969,5
CA,2016,9,0.032663151,0.033758456,5
CA,2016,10,0.033200552,0.034396206,5
CA,2016,3,0.032479942,0.033358432,6
CA,2016,4,0.036993707,0.037506969,6
CA,2016,5,0.034006279,0.034817879,6
CA,2016,6,0.032812976,0.033954096,6
CA,2016,7,0.032154257,0.033424335,6
CA,2016,8,0.030036412,0.031406745,6
CA,2016,9,0.029249897,0.03048753,6
CA,2016,10,0.032522722,0.033388013,6
CA,2016,3,0.03286434,0.033786319,7
CA,2016,4,0.031619502,0.032120975,7
CA,2016,5,0.028494108,0.029355421,7
CA,2016,6,0.030945095,0.031889165,7
CA,2016,7,0.029838278,0.031068691,7
CA,2016,8,0.030645944,0.031902631,7
CA,2016,9,0.031960009,0.033324844,7
CA,2016,10,0.035365519,0.036584161,7
CA,2016,3,0.032517996,0.033079317,8
CA,2016,4,0.03447114,0.03541189,8
CA,2016,5,0.030308868,0.031403815,8
CA,2016,6,0.033011002,0.033959476,8
CA,2016,7,0.033493032,0.034773512,8
CA,2016,8,0.031532809,0.03248571,8
CA,2016,9,0.031241128,0.032443755,8
CA,2016,10,0.028710105,0.030043662,8
CA,2016,3,0.032293502,0.033321052,9
CA,2016,4,0.029894675,0.030841865,9
CA,2016,5,0.032169435,0.033089261,9
CA,2016,6,0.032555792,0.033523195,9
CA,2016,7,0.03264737,0.033250416,9
CA,2016,8,0.033403312,0.034503491,9
CA,2016,9,0.031932071,0.032969308,9
CA,2016,10,0.030453791,0.031421851,9
CA,2016,3,0.028808024,0.029742237,10
CA,2016,4,0.03459399,0.035456401,10
CA,2016,5,0.031090093,0.032039521,10
CA,2016,6,0.028869475,0.02995846,10
CA,2016,7,0.02919542,0.030191073,10
CA,2016,8,0.031031891,0.032315816,10
CA,2016,9,0.029682142,0.031213304,10
CA,2016,10,0.030819753,0.032030391,10
CA,2016,3,0.029313382,0.03001434,11
CA,2016,4,0.035090447,0.035924361,11
CA,2016,5,0.030588252,0.031677903,11
CA,2016,6,0.027874796,0.028819407,11
CA,2016,7,0.03220281,0.033169962,11
CA,2016,8,0.032299993,0.033728483,11
CA,2016,9,0.02893605,0.030099019,11
CA,2016,10,0.033497853,0.034652426,11
CA,2016,3,0.032314193,0.032966439,12
CA,2016,4,0.032758843,0.033477579,12
CA,2016,5,0.034811718,0.035411339,12
CA,2016,6,0.029315157,0.029916311,12
CA,2016,7,0.028534417,0.029715081,12
CA,2016,8,0.029886113,0.030912635,12
CA,2016,9,0.030802268,0.031922359,12
CA,2016,10,0.033115044,0.034581461,12
CA,2016,3,0.032852417,0.033327743,13
CA,2016,4,0.031906351,0.033078943,13
CA,2016,5,0.030693466,0.031527959,13
CA,2016,6,0.033909172,0.035023609,13
CA,2016,7,0.031536043,0.032883866,13
CA,2016,8,0.02848537,0.029358635,13
CA,2016,9,0.033086251,0.034323671,13
CA,2016,10,0.028986986,0.030299451,13
CA,2016,3,0.029620411,0.030485521,14
CA,2016,4,0.034570389,0.035189541,14
CA,2016,5,0.035472767,0.03682073,14
CA,2016,6,0.030311934,0.031236732,14
CA,2016,7,0.032570688,0.033757397,14
CA,2016,8,0.03083638,0.032187809,14
CA,2016,9,0.033001371,0.034199815,14
CA,2016,10,0.029819871,0.030859745,14
CA,2016,3,0.034428241,0.035155108,15
CA,2016,4,0.028445745,0.029151083,15
CA,2016,5,0.029927526,0.030724278,15
CA,2016,6,0.031722043,0.032903027,15
CA,2016,7,0.031814159,0.032619181,15
CA,2016,8,0.031051553,0.032229025,15
CA,2016,9,0.030733704,0.032228066,15
CA,2016,10,0.033909986,0.034967888,15
CA,2016,3,0.035137543,0.035744502,16
CA,2016,4,0.029870949,0.031028299,16
CA,2016,5,0.028205374,0.02909205,16
CA,2016,6,0.02844042,0.029224179,16
CA,2016,7,0.031293471,0.032635826,16
CA,2016,8,0.031233138,0.032268546,16
CA,2016,9,0.031996663,0.032982344,16
CA,2016,10,0.032154392,0.033539613,16
CA,2016,3,0.034788285,0.035502412,17
CA,2016,4,0.030243644,0.030961145,17
CA,2016,5,0.039985893,0.041051025,17
CA,2016,6,0.033552847,0.034428016,17
CA,2016,7,0.032062448,0.033264705,17
CA,2016,8,0.034502898,0.035678801,17
CA,2016,9,0.032877375,0.034288094,17
CA,2016,10,0.032488142,0.034037581,17
CA,2016,3,0.031707566,0.032321588,18
CA,2016,4,0.029764403,0.030947422,18
CA,2016,5,0.033106274,0.034196529,18
CA,2016,6,0.029093709,0.030473672,18
CA,2016,7,0.032339816,0.033460268,18
CA,2016,8,0.032675307,0.034027743,18
CA,2016,9,0.031669188,0.032881672,18
CA,2016,10,0.03054223,0.031710407,18
CA,2016,3,0.03618707,0.037593615,19
CA,2016,4,0.033949765,0.034270782,19
CA,2016,5,0.035831343,0.036690594,19
CA,2016,6,0.032178089,0.032998971,19
CA,2016,7,0.029472336,0.030675939,19
CA,2016,8,0.031197901,0.032134855,19
CA,2016,9,0.031876162,0.033039631,19
CA,2016,10,0.030917235,0.032340374,19
CA,2016,3,0.033977074,0.034562243,20
CA,2016,4,0.030737251,0.031650592,20
CA,2016,5,0.030031887,0.031027113,20
CA,2016,6,0.030292049,0.03141847,20
CA,2016,7,0.033557277,0.03455444,20
CA,2016,8,0.031612912,0.03239571,20
CA,2016,9,0.030534518,0.031597915,20
CA,2016,10,0.03164639,0.032910491,20
CA,2016,3,0.030560998,0.031394077,21
CA,2016,4,0.033952095,0.035325898,21
CA,2016,5,0.028986314,0.029871871,21
CA,2016,6,0.033251904,0.03439938,21
CA,2016,7,0.027675573,0.028761861,21
CA,2016,8,0.030655781,0.031684798,21
CA,2016,9,0.033598711,0.034973912,21
CA,2016,10,0.030987701,0.032450243,21
CA,2016,3,0.032240759,0.033179346,22
CA,2016,4,0.033329267,0.03406342,22
CA,2016,5,0.032066064,0.032855925,22
CA,2016,6,0.030169109,0.031338835,22
CA,2016,7,0.034183161,0.035422774,22
CA,2016,8,0.030803921,0.031839215,22
CA,2016,9,0.032864892,0.033885202,22
CA,2016,10,0.031670856,0.032868697,22
CA,2016,3,0.029590386,0.030520246,23
CA,2016,4,0.031379285,0.032246155,23
CA,2016,5,0.03189483,0.033035613,23
CA,2016,6,0.030778241,0.031605146,23
CA,2016,7,0.030757653,0.031739166,23
CA,2016,8,0.030324271,0.031503251,23
CA,2016,9,0.029020712,0.030222598,23
CA,2016,10,0.027691186,0.028936244,23
CA,2016,3,0.027936168,0.028562809,24
CA,2016,4,0.030547132,0.031420372,24
CA,2016,5,0.034472313,0.035265488,24
CA,2016,6,0.035028972,0.036315234,24
CA,2016,7,0.031233734,0.032250064,24
CA,2016,8,0.032628491,0.033642515,24
CA,2016,9,0.032875647,0.033946997,24
CA,2016,10,0.028771937,0.029494961,24
CA,2016,3,0.030538395,0.031745867,25
CA,2016,4,0.036390446,0.037480857,25
CA,2016,5,0.032800957,0.033872806,25
CA,2016,6,0.030517585,0.031518769,25
CA,2016,7,0.032697233,0.034115039,25
CA,2016,8,0.030387958,0.031386228,25
CA,2016,9,0.029715758,0.030653498,25
CA,2016,10,0.036445682,0.037797517,25
CA,2016,3,0.033444551,0.034130791,26
CA,2016,4,0.034424832,0.034962848,26
CA,2016,5,0.031444077,0.03236699,26
CA,2016,6,0.027583303,0.028834902,26
CA,2016,7,0.032702309,0.033495522,26
CA,2016,8,0.030370187,0.03126274,26
CA,2016,9,0.027880565,0.028800612,26
CA,2016,10,0.033549596,0.034950813,26
CA,2016,3,0.036810797,0.037403377,27
CA,2016,4,0.037982109,0.039031027,27
CA,2016,5,0.031439154,0.03233397,27
CA,2016,6,0.028466775,0.02950517,27
CA,2016,7,0.03272284,0.03417557,27
CA,2016,8,0.032758184,0.034295775,27
CA,2016,9,0.031552007,0.032886839,27
CA,2016,10,0.031084601,0.032098375,27
CA,2016,3,0.029253886,0.029899816,28
CA,2016,4,0.034754533,0.035527024,28
CA,2016,5,0.034817456,0.035947978,28
CA,2016,6,0.035074112,0.035950127,28
CA,2016,7,0.031710883,0.033009195,28
CA,2016,8,0.033104982,0.034218129,28
CA,2016,9,0.027150048,0.028358182,28
CA,2016,10,0.030763985,0.031784992,28
CA,2016,3,0.033455687,0.034792234,29
CA,2016,4,0.037074134,0.038571553,29
CA,2016,5,0.030433174,0.03087403,29
CA,2016,6,0.030211386,0.031333788,29
CA,2016,7,0.029728579,0.030950674,29
CA,2016,8,0.030937714,0.032421392,29
CA,2016,9,0.030763687,0.03197118,29
CA,2016,10,0.029550354,0.030768932,29
CA,2016,3,0.031222011,0.032149374,30
CA,2016,4,0.035051241,0.035992438,30
CA,2016,5,0.034875895,0.036092194,30
CA,2016,6,0.028244286,0.029089372,30
CA,2016,7,0.032050249,0.03292939,30
CA,2016,8,0.029488671,0.030516568,30
CA,2016,9,0.030129806,0.030980928,30
CA,2016,10,0.032760139,0.033994685,30
CA,2016,3,0.035702637,0.036257734,31
CA,2016,4,0.031841921,0.03319866,31
CA,2016,5,0.031703113,0.032787017,31
CA,2016,6,0.035823649,0.03719703,31
CA,2016,7,0.033857559,0.034802605,31
CA,2016,8,0.032505779,0.033436767,31
CA,2016,9,0.032869769,0.034378613,31
CA,2016,10,0.032287507,0.033419646,31
CA,2016,3,0.033160497,0.03373182,32
CA,2016,4,0.030205867,0.030841002,32
CA,2016,5,0.033490261,0.034606904,32
CA,2016,6,0.033232457,0.034330037,32
CA,2016,7,0.031800855,0.032906042,32
CA,2016,8,0.032410665,0.033615104,32
CA,2016,9,0.031797161,0.033319054,32
CA,2016,10,0.031014513,0.032065177,32
CA,2016,3,0.032682798,0.033586484,33
CA,2016,4,0.032314829,0.033247304,33
CA,2016,5,0.031064301,0.03170165,33
CA,2016,6,0.032761009,0.033650123,33
CA,2016,7,0.028320679,0.029300643,33
CA,2016,8,0.029052912,0.030305816,33
CA,2016,9,0.029490827,0.030705838,33
CA,2016,10,0.031855171,0.033354652,33
CA,2016,3,0.030062961,0.030813274,34
CA,2016,4,0.032993115,0.03379769,34
CA,2016,5,0.032367269,0.03316228,34
CA,2016,6,0.031882167,0.032919297,34
CA,2016,7,0.028302,0.029595253,34
CA,2016,8,0.030987914,0.032082707,34
CA,2016,9,0.028324545,0.029171833,34
CA,2016,10,0.031401811,0.032591436,34
CA,2016,3,0.030856174,0.031572697,35
CA,2016,4,0.035276146,0.035931492,35
CA,2016,5,0.036365928,0.037456524,35
CA,2016,6,0.029873661,0.031018581,35
CA,2016,7,0.030062734,0.030965848,35
CA,2016,8,0.032783808,0.034249302,35
CA,2016,9,0.029238117,0.03057764,35
CA,2016,10,0.032334004,0.033403617,35
CA,2016,3,0.032326172,0.033165401,36
CA,2016,4,0.033774677,0.034837674,36
CA,2016,5,0.029998358,0.03091399,36
CA,2016,6,0.0339871,0.034648002,36
CA,2016,7,0.03222867,0.033255294,36
CA,2016,8,0.033018531,0.034334297,36
CA,2016,9,0.031855697,0.032595155,36
CA,2016,10,0.030119472,0.031415196,36
CA,2016,3,0.030799203,0.031805067,37
CA,2016,4,0.036552034,0.037204176,37
CA,2016,5,0.033661234,0.034790761,37
CA,2016,6,0.033517805,0.034423004,37
CA,2016,7,0.032230964,0.033355574,37
CA,2016,8,0.03077678,0.032336487,37
CA,2016,9,0.030138435,0.031675751,37
CA,2016,10,0.030324307,0.031472247,37
CA,2016,3,0.035050004,0.035791532,38
CA,2016,4,0.035996039,0.036832694,38
CA,2016,5,0.032211426,0.033092631,38
CA,2016,6,0.029751158,0.030414805,38
CA,2016,7,0.030882829,0.032077384,38
CA,2016,8,0.03007128,0.031158525,38
CA,2016,9,0.026397777,0.027296071,38
CA,2016,10,0.028841522,0.030029352,38
CA,2016,3,0.039127111,0.039781714,39
CA,2016,4,0.026924467,0.028303524,39
CA,2016,5,0.031700935,0.03292521,39
CA,2016,6,0.030382766,0.031411679,39
CA,2016,7,0.034790684,0.035735394,39
CA,2016,8,0.035079517,0.036229131,39
CA,2016,9,0.029297022,0.030262375,39
CA,2016,10,0.031207624,0.032556921,39
CA,2016,3,0.027665301,0.028636285,40
CA,2016,4,0.033580813,0.034409883,40
CA,2016,5,0.035894226,0.036989282,40
CA,2016,6,0.03509161,0.036206033,40
CA,2016,7,0.027962559,0.02909616,40
CA,2016,8,0.034597276,0.035855217,40
CA,2016,9,0.02899306,0.030105781,40
CA,2016,10,0.030043413,0.031180463,40
CA,2016,3,0.032904896,0.033780485,41
CA,2016,4,0.030303474,0.031765283,41
CA,2016,5,0.033800791,0.034933478,41
CA,2016,6,0.032170241,0.03336404,41
CA,2016,7,0.033494363,0.034791624,41
CA,2016,8,0.035086354,0.036376492,41
CA,2016,9,0.029435455,0.030688257,41
CA,2016,10,0.03324304,0.034663763,41
CA,2016,3,0.030138817,0.030839766,42
CA,2016,4,0.034392832,0.035550671,42
CA,2016,5,0.034704227,0.035551971,42
CA,2016,6,0.032232134,0.033599395,42
CA,2016,7,0.033259178,0.034477754,42
CA,2016,8,0.030768721,0.031855954,42
CA,2016,9,0.031429441,0.032633277,42
CA,2016,10,0.027738401,0.028948091,42
CA,2016,3,0.039230419,0.040380953,43
CA,2016,4,0.031728169,0.032365187,43
CA,2016,5,0.033512171,0.034544293,43
CA,2016,6,0.032723132,0.033638976,43
CA,2016,7,0.029030437,0.030099684,43
CA,2016,8,0.029917671,0.031030235,43
CA,2016,9,0.029228574,0.030429051,43
CA,2016,10,0.032899166,0.034217804,43
CA,2016,3,0.030898269,0.031951926,44
CA,2016,4,0.03160528,0.032467255,44
CA,2016,5,0.032774535,0.033448413,44
CA,2016,6,0.033850774,0.035110013,44
CA,2016,7,0.037090862,0.038441033,44
CA,2016,8,0.030444741,0.031644067,44
CA,2016,9,0.031488102,0.032869641,44
CA,2016,10,0.032650648,0.034227544,44
CA,2016,3,0.040256575,0.041184508,45
CA,2016,4,0.037880639,0.038526699,45
CA,2016,5,0.033160145,0.034292582,45
CA,2016,6,0.032056787,0.032742506,45
CA,2016,7,0.030486791,0.031325023,45
CA,2016,8,0.031447994,0.032620972,45
CA,2016,9,0.027470902,0.028239626,45
CA,2016,10,0.030672906,0.031992405,45
CA,2016,3,0.036162859,0.036958876,46
CA,2016,4,0.026944449,0.027693558,46
CA,2016,5,0.036683546,0.037851224,46
CA,2016,6,0.034209933,0.035236722,46
CA,2016,7,0.02886636,0.029429048,46
CA,2016,8,0.030320593,0.03141065,46
CA,2016,9,0.034484521,0.035911246,46
CA,2016,10,0.024832553,0.025726693,46
CA,2016,3,0.0311171,0.031563848,47
CA,2016,4,0.032660096,0.033428582,47
CA,2016,5,0.033454907,0.034455082,47
CA,2016,6,0.032913482,0.033680879,47
CA,2016,7,0.034440326,0.035962866,47
CA,2016,8,0.031426667,0.032939061,47
CA,2016,9,0.033562698,0.034865918,47
CA,2016,10,0.028839711,0.030186885,47
CA,2016,3,0.033365206,0.034158112,48
CA,2016,4,0.035018204,0.035768041,48
CA,2016,5,0.032148993,0.033069055,48
CA,2016,6,0.0300892,0.030783972,48
CA,2016,7,0.028857269,0.029874151,48
CA,2016,8,0.030664304,0.031767184,48
CA,2016,9,0.031201294,0.032501957,48
CA,2016,10,0.032312654,0.033352951,48
CA,2016,3,0.031612753,0.03245772,49
CA,2016,4,0.039820438,0.041318155,49
CA,2016,5,0.033847709,0.034831391,49
CA,2016,6,0.030480852,0.031676121,49
CA,2016,7,0.033478806,0.034441351,49
CA,2016,8,0.030241588,0.031156406,49
CA,2016,9,0.034572391,0.036028976,49
CA,2016,10,0.031234839,0.032616904,49
CA,2016,3,0.032747482,0.033045245,50
CA,2016,4,0.033493968,0.034409002,50
CA,2016,5,0.032124587,0.032766308,50
CA,2016,6,0.029889971,0.031110581,50
CA,2016,7,0.031712106,0.03277329,50
CA,2016,8,0.02785671,0.028667252,50
CA,2016,9,0.030651475,0.031859921,50
CA,2016,10,0.030610572,0.031742894,50
VT,2014,3,-0.000132218,-0.000132218,1
VT,2014,4,-0.020625777,-0.020625777,1
VT,2014,5,-0.014813769,-0.014813769,1
VT,2014,6,-0.00433274,-0.00433274,1
VT,2014,7,0.004998351,0.004998351,1
VT,2014,8,-0.016225806,-0.016225806,1
VT,2014,9,-0.020671437,-0.020671437,1
VT,2014,10,-0.014300858,-0.014300858,1
VT,2014,3,-0.019754758,-0.019754758,2
VT,2014,4,-0.010949248,-0.010949248,2
VT,2014,5,-0.004910857,-0.004910857,2
VT,2014,6,-0.003667975,-0.003667975,2
VT,2014,7,-0.000180037,-0.000180037,2
VT,2014,8,-0.022477205,-0.022477205,2
VT,2014,9,-0.014520179,-0.014520179,2
VT,2014,10,-0.024525884,-0.024525884,2
VT,2014,3,-0.014229405,-0.014229405,3
VT,2014,4,-0.016629755,-0.016629755,3
VT,2014,5,-0.014073966,-0.014073966,3
VT,2014,6,-0.010509671,-0.010509671,3
VT,2014,7,-0.003712921,-0.003712921,3
VT,2014,8,-0.01331262,-0.01331262,3
VT,2014,9,-0.012227992,-0.012227992,3
VT,2014,10,-0.017943607,-0.017943607,3
VT,2014,3,-0.021789125,-0.021789125,4
VT,2014,4,-0.005898299,-0.005898299,4
VT,2014,5,-0.02300915,-0.02300915,4
VT,2014,6,-0.001808593,-0.001808593,4
VT,2014,7,-0.018189326,-0.018189326,4
VT,2014,8,-0.017383105,-0.017383105,4
VT,2014,9,-0.014200958,-0.014200958,4
VT,2014,10,-0.011488409,-0.011488409,4
VT,2014,3,-0.00724482,-0.00724482,5
VT,2014,4,-0.010990182,-0.010990182,5
VT,2014,5,-0.018788128,-0.018788128,5
VT,2014,6,-0.017153357,-0.017153357,5
VT,2014,7,-0.005104784,-0.005104784,5
VT,2014,8,-0.016057225,-0.016057225,5
VT,2014,9,-0.017237099,-0.017237099,5
VT,2014,10,-0.026946012,-0.026946012,5
VT,2014,3,0.000139033,0.000139033,6
VT,2014,4,-0.006154015,-0.006154015,6
VT,2014,5,-0.007887726,-0.007887726,6
VT,2014,6,-0.009814848,-0.009814848,6
VT,2014,7,-0.005977586,-0.005977586,6
VT,2014,8,-0.012430325,-0.012430325,6
VT,2014,9,-0.0003259,-0.0003259,6
VT,2014,10,-0.011088752,-0.011088752,6
VT,2014,3,-0.006682426,-0.006682426,7
VT,2014,4,-0.001387844,-0.001387844,7
VT,2014,5,-0.032107959,-0.032107959,7
VT,2014,6,-0.014569857,-0.014569857,7
VT,2014,7,-0.011675179,-0.011675179,7
VT,2014,8,-0.023180555,-0.023180555,7
VT,2014,9,-0.004990473,-0.004990473,7
VT,2014,10,-0.016543911,-0.016543911,7
VT,2014,3,-0.015547059,-0.015547059,8
VT,2014,4,-0.009198589,-0.009198589,8
VT,2014,5,-0.021731197,-0.021731197,8
VT,2014,6,-0.013031131,-0.013031131,8
VT,2014,7,-0.022986081,-0.022986081,8
VT,2014,8,-0.009878887,-0.009878887,8
VT,2014,9,-0.015566525,-0.015566525,8
VT,2014,10,-0.01925047,-0.01925047,8
VT,2014,3,-0.011297953,-0.011297953,9
VT,2014,4,-0.010093881,-0.010093881,9
VT,2014,5,0.001488819,0.001488819,9
VT,2014,6,0.001053148,0.001053148,9
VT,2014,7,-0.013910002,-0.013910002,9
VT,2014,8,-0.011963646,-0.011963646,9
VT,2014,9,-0.010334654,-0.010334654,9
VT,2014,10,-0.012263167,-0.012263167,9
VT,2014,3,-0.008846972,-0.008846972,10
VT,2014,4,-0.003682175,-0.003682175,10
VT,2014,5,-0.031069611,-0.031069611,10
VT,2014,6,-0.005692963,-0.005692963,10
VT,2014,7,-0.012438638,-0.012438638,10
VT,2014,8,-0.01688282,-0.01688282,10
VT,2014,9,-0.016783024,-0.016783024,10
VT,2014,10,-0.005296275,-0.005296275,10
VT,2014,3,-0.001145011,-0.001145011,11
VT,2014,4,-0.014144221,-0.014144221,11
VT,2014,5,-0.016451195,-0.016451195,11
VT,2014,6,-0.018363029,-0.018363029,11
VT,2014,7,-0.009455167,-0.009455167,11
VT,2014,8,-0.012026772,-0.012026772,11
VT,2014,9,-0.017607931,-0.017607931,11
VT,2014,10,-0.018479105,-0.018479105,11
VT,2014,3,-0.003493033,-0.003493033,12
VT,2014,4,-0.011014657,-0.011014657,12
VT,2014,5,-0.007641749,-0.007641749,12
VT,2014,6,-0.004011448,-0.004011448,12
VT,2014,7,-0.017367248,-0.017367248,12
VT,2014,8,-0.020974771,-0.020974771,12
VT,2014,9,-0.014332457,-0.014332457,12
VT,2014,10,-0.009923761,-0.009923761,12
VT,2014,3,-0.02186647,-0.02186647,13
VT,2014,4,-0.021735991,-0.021735991,13
VT,2014,5,-0.020357784,-0.020357784,13
VT,2014,6,-0.012468616,-0.012468616,13
VT,2014,7,-0.009548484,-0.009548484,13
VT,2014,8,-0.027635372,-0.027635372,13
VT,2014,9,-0.013704921,-0.013704921,13
VT,2014,10,-0.023225029,-0.023225029,13
VT,2014,3,-0.003804751,-0.003804751,14
VT,2014,4,-0.005229277,-0.005229277,14
VT,2014,5,-0.011740286,-0.011740286,14
VT,2014,6,-0.021671883,-0.021671883,14
VT,2014,7,-0.017619724,-0.017619724,14
VT,2014,8,-0.021721835,-0.021721835,14
VT,2014,9,-0.029419386,-0.029419386,14
VT,2014,10,-0.016178224,-0.016178224,14
VT,2014,3,-0.011285883,-0.011285883,15
VT,2014,4,-0.011572279,-0.011572279,15
VT,2014,5,-0.014967899,-0.014967899,15
VT,2014,6,-0.006119705,-0.006119705,15
VT,2014,7,-0.013306707,-0.013306707,15
VT,2014,8,-0.010738946,-0.010738946,15
VT,2014,9,-0.016096624,-0.016096624,15
VT,2014,10,-0.026808511,-0.026808511,15
VT,2014,3,-0.014723007,-0.014723007,16
VT,2014,4,-0.00155375,-0.00155375,16
VT,2014,5,-0.009069365,-0.009069365,16
VT,2014,6,-0.0221807,-0.0221807,16
VT,2014,7,-0.023076078,-0.023076078,16
VT,2014,8,-0.00995861,-0.00995861,16
VT,2014,9,-0.018652879,-0.018652879,16
VT,2014,10,-0.018568128,-0.018568128,16
VT,2014,3,-0.015583197,-0.015583197,17
VT,2014,4,-0.021583508,-0.021583508,17
VT,2014,5,-0.008648611,-0.008648611,17
VT,2014,6,-0.014956877,-0.014956877,17
VT,2014,7,-0.016411305,-0.016411305,17
VT,2014,8,-0.018323594,-0.018323594,17
VT,2014,9,-0.01697411,-0.01697411,17
VT,2014,10,-0.017526419,-0.017526419,17
VT,2014,3,-0.013904262,-0.013904262,18
VT,2014,4,-0.007488754,-0.007488754,18
VT,2014,5,-0.02687831,-0.02687831,18
VT,2014,6,-0.00692156,-0.00692156,18
VT,2014,7,-0.013593819,-0.013593819,18
VT,2014,8,-0.006103783,-0.006103783,18
VT,2014,9,-0.012190742,-0.012190742,18
VT,2014,10,-0.012965935,-0.012965935,18
VT,2014,3,-0.016404933,-0.016404933,19
VT,2014,4,-0.008489791,-0.008489791,19
VT,2014,5,-0.009579655,-0.009579655,19
VT,2014,6,-0.01787993,-0.01787993,19
VT,2014,7,-0.017233689,-0.017233689,19
VT,2014,8,-0.002452943,-0.002452943,19
VT,2014,9,-0.012309167,-0.012309167,19
VT,2014,10,-0.003586525,-0.003586525,19
VT,2014,3,-0.006281558,-0.006281558,20
VT,2014,4,-0.009909929,-0.009909929,20
VT,2014,5,-0.024545047,-0.024545047,20
VT,2014,6,-0.010840652,-0.010840652,20
VT,2014,7,-0.032395106,-0.032395106,20
VT,2014,8,-0.021294613,-0.021294613,20
VT,2014,9,-0.020249394,-0.020249394,20
VT,2014,10,-0.011890784,-0.011890784,20
VT,2014,3,-0.004317376,-0.004317376,21
VT,2014,4,-0.008139465,-0.008139465,21
VT,2014,5,-0.011725856,-0.011725856,21
VT,2014,6,-0.020069411,-0.020069411,21
VT,2014,7,-0.009620805,-0.009620805,21
VT,2014,8,-0.012084106,-0.012084106,21
VT,2014,9,-0.014856361,-0.014856361,21
VT,2014,10,-0.020189548,-0.020189548,21
VT,2014,3,-0.005978007,-0.005978007,22
VT,2014,4,-0.018909598,-0.018909598,22
VT,2014,5,-0.017376165,-0.017376165,22
VT,2014,6,-0.007907124,-0.007907124,22
VT,2014,7,-0.014171692,-0.014171692,22
VT,2014,8,-0.012024706,-0.012024706,22
VT,2014,9,-0.009190952,-0.009190952,22
VT,2014,10,-0.015533953,-0.015533953,22
VT,2014,3,0.004318276,0.004318276,23
VT,2014,4,0.001109095,0.001109095,23
VT,2014,5,-0.007093848,-0.007093848,23
VT,2014,6,-0.000989437,-0.000989437,23
VT,2014,7,-0.013224594,-0.013224594,23
VT,2014,8,-0.008197364,-0.008197364,23
VT,2014,9,-0.021742407,-0.021742407,23
VT,2014,10,-0.013607535,-0.013607535,23
VT,2014,3,-0.00204212,-0.00204212,24
VT,2014,4,-0.010198479,-0.010198479,24
VT,2014,5,-0.001440121,-0.001440121,24
VT,2014,6,-0.014752672,-0.014752672,24
VT,2014,7,-0.023286099,-0.023286099,24
VT,2014,8,-0.019536044,-0.019536044,24
VT,2014,9,-0.021670442,-0.021670442,24
VT,2014,10,-0.014419285,-0.014419285,24
VT,2014,3,-0.019867395,-0.019867395,25
VT,2014,4,-0.01035261,-0.01035261,25
VT,2014,5,-0.018381748,-0.018381748,25
VT,2014,6,-0.017552048,-0.017552048,25
VT,2014,7,-0.01525016,-0.01525016,25
VT,2014,8,-0.013212661,-0.013212661,25
VT,2014,9,-0.014962843,-0.014962843,25
VT,2014,10,-0.015373348,-0.015373348,25
VT,2014,3,-0.024212656,-0.024212656,26
VT,2014,4,-0.012497761,-0.012497761,26
VT,2014,5,-0.019029124,-0.019029124,26
VT,2014,6,-0.014972715,-0.014972715,26
VT,2014,7,-0.027042315,-0.027042315,26
VT,2014,8,-0.012052346,-0.012052346,26
VT,2014,9,-0.023706607,-0.023706607,26
VT,2014,10,-0.021338425,-0.021338425,26
VT,2014,3,-0.020732863,-0.020732863,27
VT,2014,4,-0.019158357,-0.019158357,27
VT,2014,5,-0.016904221,-0.016904221,27
VT,2014,6,-0.014750971,-0.014750971,27
VT,2014,7,-0.027873584,-0.027873584,27
VT,2014,8,-0.018363217,-0.018363217,27
VT,2014,9,-0.01619449,-0.01619449,27
VT,2014,10,-0.02112128,-0.02112128,27
VT,2014,3,0.009131545,0.009131545,28
VT,2014,4,-0.00527923,-0.00527923,28
VT,2014,5,-0.011633522,-0.011633522,28
VT,2014,6,-0.011061095,-0.011061095,28
VT,2014,7,-0.024576016,-0.024576016,28
VT,2014,8,-0.010982849,-0.010982849,28
VT,2014,9,-0.024758221,-0.024758221,28
VT,2014,10,-0.020689337,-0.020689337,28
VT,2014,3,-0.017840181,-0.017840181,29
VT,2014,4,-0.017951029,-0.017951029,29
VT,2014,5,-0.028663754,-0.028663754,29
VT,2014,6,-0.010956283,-0.010956283,29
VT,2014,7,-0.01445882,-0.01445882,29
VT,2014,8,-0.020363494,-0.020363494,29
VT,2014,9,-0.017590064,-0.017590064,29
VT,2014,10,-0.01709013,-0.01709013,29
VT,2014,3,-0.010335248,-0.010335248,30
VT,2014,4,-0.001258798,-0.001258798,30
VT,2014,5,-0.009087857,-0.009087857,30
VT,2014,6,-0.031852605,-0.031852605,30
VT,2014,7,-0.025002642,-0.025002642,30
VT,2014,8,-0.015774238,-0.015774238,30
VT,2014,9,-0.015017947,-0.015017947,30
VT,2014,10,-0.005714442,-0.005714442,30
VT,2014,3,-0.006422242,-0.006422242,31
VT,2014,4,-0.013110801,-0.013110801,31
VT,2014,5,-0.024973985,-0.024973985,31
VT,2014,6,-0.005534094,-0.005534094,31
VT,2014,7,-0.025955338,-0.025955338,31
VT,2014,8,-0.009011602,-0.009011602,31
VT,2014,9,-0.024197969,-0.024197969,31
VT,2014,10,-0.00935745,-0.00935745,31
VT,2014,3,-0.005408749,-0.005408749,32
VT,2014,4,-0.00627234,-0.00627234,32
VT,2014,5,-0.001645824,-0.001645824,32
VT,2014,6,-0.018658229,-0.018658229,32
VT,2014,7,-0.027641635,-0.027641635,32
VT,2014,8,-0.010044873,-0.010044873,32
VT,2014,9,-0.008822098,-0.008822098,32
VT,2014,10,-0.019213976,-0.019213976,32
VT,2014,3,-0.001057495,-0.001057495,33
VT,2014,4,-0.010266624,-0.010266624,33
VT,2014,5,-0.01667184,-0.01667184,33
VT,2014,6,-0.010931844,-0.010931844,33
VT,2014,7,-0.024831659,-0.024831659,33
VT,2014,8,-0.022972209,-0.022972209,33
VT,2014,9,-0.029784538,-0.029784538,33
VT,2014,10,-0.005622956,-0.005622956,33
VT,2014,3,-0.026379042,-0.026379042,34
VT,2014,4,-0.030913738,-0.030913738,34
VT,2014,5,-0.011070436,-0.011070436,34
VT,2014,6,-0.014378678,-0.014378678,34
VT,2014,7,-0.024963913,-0.024963913,34
VT,2014,8,-0.013138675,-0.013138675,34
VT,2014,9,-0.016772963,-0.016772963,34
VT,2014,10,-0.023925308,-0.023925308,34
VT,2014,3,0.003268688,0.003268688,35
VT,2014,4,-0.01585961,-0.01585961,35
VT,2014,5,-0.013731543,-0.013731543,35
VT,2014,6,-0.016860566,-0.016860566,35
VT,2014,7,-0.018606686,-0.018606686,35
VT,2014,8,-0.024383838,-0.024383838,35
VT,2014,9,-0.007374516,-0.007374516,35
VT,2014,10,-0.020659427,-0.020659427,35
VT,2014,3,-0.00737299,-0.00737299,36
VT,2014,4,-0.007979614,-0.007979614,36
VT,2014,5,-0.021962843,-0.021962843,36
VT,2014,6,-0.001107968,-0.001107968,36
VT,2014,7,-0.01055178,-0.01055178,36
VT,2014,8,-0.006264107,-0.006264107,36
VT,2014,9,-0.031176968,-0.031176968,36
VT,2014,10,-0.017384072,-0.017384072,36
VT,2014,3,-0.011895789,-0.011895789,37
VT,2014,4,-0.008218551,-0.008218551,37
VT,2014,5,-0.006042366,-0.006042366,37
VT,2014,6,-0.011190518,-0.011190518,37
VT,2014,7,-0.006773339,-0.006773339,37
VT,2014,8,-0.015936158,-0.015936158,37
VT,2014,9,-0.014451129,-0.014451129,37
VT,2014,10,-0.014055237,-0.014055237,37
VT,2014,3,-0.011321932,-0.011321932,38
VT,2014,4,-0.00224286,-0.00224286,38
VT,2014,5,-0.012827446,-0.012827446,38
VT,2014,6,-0.019408247,-0.019408247,38
VT,2014,7,-0.004306233,-0.004306233,38
VT,2014,8,-0.018090864,-0.018090864,38
VT,2014,9,-0.013277678,-0.013277678,38
VT,2014,10,-0.026561693,-0.026561693,38
VT,2014,3,-0.005938557,-0.005938557,39
VT,2014,4,-0.01602416,-0.01602416,39
VT,2014,5,0.005941746,0.005941746,39
VT,2014,6,-0.002900388,-0.002900388,39
VT,2014,7,-0.01267235,-0.01267235,39
VT,2014,8,-0.01287363,-0.01287363,39
VT,2014,9,-0.014953156,-0.014953156,39
VT,2014,10,-0.012709876,-0.012709876,39
VT,2014,3,-0.012572162,-0.012572162,40
VT,2014,4,-0.00960755,-0.00960755,40
VT,2014,5,-0.013426616,-0.013426616,40
VT,2014,6,-0.014612302,-0.014612302,40
VT,2014,7,-0.019983676,-0.019983676,40
VT,2014,8,-0.006964134,-0.006964134,40
VT,2014,9,-0.015428288,-0.015428288,40
VT,2014,10,-0.017725038,-0.017725038,40
VT,2014,3,-0.010263201,-0.010263201,41
VT,2014,4,0.001196684,0.001196684,41
VT,2014,5,-0.017251864,-0.017251864,41
VT,2014,6,-0.009976528,-0.009976528,41
VT,2014,7,-0.015599969,-0.015599969,41
VT,2014,8,-0.019123231,-0.019123231,41
VT,2014,9,-0.011621813,-0.011621813,41
VT,2014,10,-0.021570832,-0.021570832,41
VT,2014,3,-0.003606591,-0.003606591,42
VT,2014,4,0.004614115,0.004614115,42
VT,2014,5,-0.021310741,-0.021310741,42
VT,2014,6,-0.023341962,-0.023341962,42
VT,2014,7,-0.001578865,-0.001578865,42
VT,2014,8,-0.016049377,-0.016049377,42
VT,2014,9,-0.00811927,-0.00811927,42
VT,2014,10,-0.007574248,-0.007574248,42
VT,2014,3,-0.015130597,-0.015130597,43
VT,2014,4,0.004385607,0.004385607,43
VT,2014,5,-0.007176061,-0.007176061,43
VT,2014,6,-0.007101614,-0.007101614,43
VT,2014,7,-0.011998561,-0.011998561,43
VT,2014,8,-0.013870669,-0.013870669,43
VT,2014,9,-0.019283298,-0.019283298,43
VT,2014,10,-0.017840146,-0.017840146,43
VT,2014,3,0.0031479,0.0031479,44
VT,2014,4,-0.000609956,-0.000609956,44
VT,2014,5,-0.028676679,-0.028676679,44
VT,2014,6,-0.010453028,-0.010453028,44
VT,2014,7,-0.013360172,-0.013360172,44
VT,2014,8,-0.000161631,-0.000161631,44
VT,2014,9,-0.009615065,-0.009615065,44
VT,2014,10,-0.021582455,-0.021582455,44
VT,2014,3,-0.009290289,-0.009290289,45
VT,2014,4,-0.004085132,-0.004085132,45
VT,2014,5,-0.011409104,-0.011409104,45
VT,2014,6,-0.022525569,-0.022525569,45
VT,2014,7,-0.016200742,-0.016200742,45
VT,2014,8,-0.022044447,-0.022044447,45
VT,2014,9,-0.009689186,-0.009689186,45
VT,2014,10,-0.011912105,-0.011912105,45
VT,2014,3,0.003856887,0.003856887,46
VT,2014,4,-0.015694181,-0.015694181,46
VT,2014,5,-0.004110407,-0.004110407,46
VT,2014,6,-0.02516218,-0.02516218,46
VT,2014,7,-0.001983006,-0.001983006,46
VT,2014,8,-0.017690271,-0.017690271,46
VT,2014,9,-0.022409759,-0.022409759,46
VT,2014,10,-0.015044715,-0.015044715,46
VT,2014,3,0.001382502,0.001382502,47
VT,2014,4,-0.00912363,-0.00912363,47
VT,2014,5,-0.014492236,-0.014492236,47
VT,2014,6,-0.003397254,-0.003397254,47
VT,2014,7,-0.022226727,-0.022226727,47
VT,2014,8,-0.015092665,-0.015092665,47
VT,2014,9,-0.009797977,-0.009797977,47
VT,2014,10,-7.02E-05,-7.02E-05,47
VT,2014,3,0.002885838,0.002885838,48
VT,2014,4,-0.007026166,-0.007026166,48
VT,2014,5,-0.011707056,-0.011707056,48
VT,2014,6,-0.013052868,-0.013052868,48
VT,2014,7,-0.013478975,-0.013478975,48
VT,2014,8,-0.015620667,-0.015620667,48
VT,2014,9,-0.02381173,-0.02381173,48
VT,2014,10,-0.006201384,-0.006201384,48
VT,2014,3,-0.015428994,-0.015428994,49
VT,2014,4,0.00290947,0.00290947,49
VT,2014,5,-0.002092949,-0.002092949,49
VT,2014,6,-0.009563394,-0.009563394,49
VT,2014,7,-0.013291778,-0.013291778,49
VT,2014,8,-0.029929131,-0.029929131,49
VT,2014,9,-0.018630023,-0.018630023,49
VT,2014,10,-0.016743101,-0.016743101,49
VT,2014,3,-0.02257977,-0.02257977,50
VT,2014,4,-0.003741664,-0.003741664,50
VT,2014,5,-0.007234532,-0.007234532,50
VT,2014,6,-0.014850594,-0.014850594,50
VT,2014,7,-0.005995835,-0.005995835,50
VT,2014,8,-0.018843014,-0.018843014,50
VT,2014,9,-0.013059088,-0.013059088,50
VT,2014,10,-0.018433191,-0.018433191,50
RI,2016,3,0.008244513,0.008244513,1
RI,2016,4,-0.029492689,-0.029492689,1
RI,2016,5,-0.032201663,-0.032201663,1
RI,2016,6,-0.024166138,-0.024166138,1
RI,2016,7,-0.027868112,-0.027868112,1
RI,2016,8,-0.027447123,-0.027447123,1
RI,2016,9,-0.028008763,-0.028008763,1
RI,2016,10,-0.034206236,-0.034206236,1
RI,2016,3,-0.035747695,-0.035747695,2
RI,2016,4,-0.035062791,-0.035062791,2
RI,2016,5,-0.038902688,-0.038902688,2
RI,2016,6,-0.037430906,-0.037430906,2
RI,2016,7,-0.022793828,-0.022793828,2
RI,2016,8,-0.01806386,-0.01806386,2
RI,2016,9,-0.020244082,-0.020244082,2
RI,2016,10,-0.029018267,-0.029018267,2
RI,2016,3,-0.026040376,-0.026040376,3
RI,2016,4,-0.040559815,-0.040559815,3
RI,2016,5,-0.039338184,-0.039338184,3
RI,2016,6,-0.027158659,-0.027158659,3
RI,2016,7,-0.028570177,-0.028570177,3
RI,2016,8,-0.01857268,-0.01857268,3
RI,2016,9,-0.029111956,-0.029111956,3
RI,2016,10,-0.020149255,-0.020149255,3
RI,2016,3,-0.008923569,-0.008923569,4
RI,2016,4,-0.039247417,-0.039247417,4
RI,2016,5,-0.022377003,-0.022377003,4
RI,2016,6,-0.036766303,-0.036766303,4
RI,2016,7,-0.025163115,-0.025163115,4
RI,2016,8,-0.037775481,-0.037775481,4
RI,2016,9,-0.017429691,-0.017429691,4
RI,2016,10,-0.043879263,-0.043879263,4
RI,2016,3,-0.012828625,-0.012828625,5
RI,2016,4,-0.006281557,-0.006281557,5
RI,2016,5,-0.035237953,-0.035237953,5
RI,2016,6,-0.040131434,-0.040131434,5
RI,2016,7,-0.032399072,-0.032399072,5
RI,2016,8,-0.022754971,-0.022754971,5
RI,2016,9,-0.026242684,-0.026242684,5
RI,2016,10,-0.019455867,-0.019455867,5
RI,2016,3,0.0013695,0.0013695,6
RI,2016,4,-0.015458576,-0.015458576,6
RI,2016,5,-0.016376493,-0.016376493,6
RI,2016,6,-0.024007802,-0.024007802,6
RI,2016,7,-0.026422055,-0.026422055,6
RI,2016,8,-0.034582238,-0.034582238,6
RI,2016,9,-0.024325078,-0.024325078,6
RI,2016,10,-0.016291026,-0.016291026,6
RI,2016,3,-0.023124582,-0.023124582,7
RI,2016,4,-0.025834822,-0.025834822,7
RI,2016,5,-0.020765874,-0.020765874,7
RI,2016,6,-0.02684113,-0.02684113,7
RI,2016,7,-0.025452034,-0.025452034,7
RI,2016,8,-0.02406534,-0.02406534,7
RI,2016,9,-0.032887214,-0.032887214,7
RI,2016,10,-0.042288618,-0.042288618,7
RI,2016,3,-0.019195156,-0.019195156,8
RI,2016,4,-0.022926558,-0.022926558,8
RI,2016,5,-0.036837208,-0.036837208,8
RI,2016,6,-0.044210762,-0.044210762,8
RI,2016,7,-0.012525105,-0.012525105,8
RI,2016,8,-0.022932788,-0.022932788,8
RI,2016,9,-0.038514616,-0.038514616,8
RI,2016,10,-0.024818045,-0.024818045,8
RI,2016,3,-0.012930509,-0.012930509,9
RI,2016,4,-0.013764747,-0.013764747,9
RI,2016,5,-0.019716825,-0.019716825,9
RI,2016,6,-0.029947436,-0.029947436,9
RI,2016,7,-0.020719683,-0.020719683,9
RI,2016,8,-0.025503077,-0.025503077,9
RI,2016,9,-0.029776998,-0.029776998,9
RI,2016,10,-0.026035006,-0.026035006,9
RI,2016,3,-0.032692136,-0.032692136,10
RI,2016,4,-0.013068082,-0.013068082,10
RI,2016,5,-0.045285573,-0.045285573,10
RI,2016,6,-0.046379191,-0.046379191,10
RI,2016,7,-0.004820945,-0.004820945,10
RI,2016,8,-0.033823631,-0.033823631,10
RI,2016,9,-0.0357808,-0.0357808,10
RI,2016,10,-0.029721963,-0.029721963,10
RI,2016,3,0.007905227,0.007905227,11
RI,2016,4,-0.021491453,-0.021491453,11
RI,2016,5,-0.031325664,-0.031325664,11
RI,2016,6,-0.006496671,-0.006496671,11
RI,2016,7,-0.038245445,-0.038245445,11
RI,2016,8,-0.013586916,-0.013586916,11
RI,2016,9,-0.019434249,-0.019434249,11
RI,2016,10,-0.02187087,-0.02187087,11
RI,2016,3,-0.010111652,-0.010111652,12
RI,2016,4,-0.028864701,-0.028864701,12
RI,2016,5,-0.023899577,-0.023899577,12
RI,2016,6,-0.023062601,-0.023062601,12
RI,2016,7,-0.028009523,-0.028009523,12
RI,2016,8,-0.015763495,-0.015763495,12
RI,2016,9,-0.019797005,-0.019797005,12
RI,2016,10,-0.031799408,-0.031799408,12
RI,2016,3,-0.003647039,-0.003647039,13
RI,2016,4,-0.020773642,-0.020773642,13
RI,2016,5,-0.012674184,-0.012674184,13
RI,2016,6,-0.020629322,-0.020629322,13
RI,2016,7,-0.025086614,-0.025086614,13
RI,2016,8,-0.006047559,-0.006047559,13
RI,2016,9,-0.041809285,-0.041809285,13
RI,2016,10,-0.043777052,-0.043777052,13
RI,2016,3,-0.031905669,-0.031905669,14
RI,2016,4,-0.029525069,-0.029525069,14
RI,2016,5,-0.024738043,-0.024738043,14
RI,2016,6,-0.018343772,-0.018343772,14
RI,2016,7,-0.005756164,-0.005756164,14
RI,2016,8,-0.026829137,-0.026829137,14
RI,2016,9,-0.030560793,-0.030560793,14
RI,2016,10,-0.026206896,-0.026206896,14
RI,2016,3,-0.00175187,-0.00175187,15
RI,2016,4,-0.033763032,-0.033763032,15
RI,2016,5,-0.015234995,-0.015234995,15
RI,2016,6,-0.023645874,-0.023645874,15
RI,2016,7,-0.026441385,-0.026441385,15
RI,2016,8,-0.033738218,-0.033738218,15
RI,2016,9,-0.018800648,-0.018800648,15
RI,2016,10,-0.026432353,-0.026432353,15
RI,2016,3,-0.029748753,-0.029748753,16
RI,2016,4,-0.011449386,-0.011449386,16
RI,2016,5,-0.023595897,-0.023595897,16
RI,2016,6,-0.021260122,-0.021260122,16
RI,2016,7,-0.037726935,-0.037726935,16
RI,2016,8,-0.030238519,-0.030238519,16
RI,2016,9,-0.037192568,-0.037192568,16
RI,2016,10,-0.034967587,-0.034967587,16
RI,2016,3,0.017857006,0.017857006,17
RI,2016,4,-0.020056655,-0.020056655,17
RI,2016,5,-0.04693313,-0.04693313,17
RI,2016,6,-0.026171517,-0.026171517,17
RI,2016,7,-0.015594013,-0.015594013,17
RI,2016,8,-0.021128493,-0.021128493,17
RI,2016,9,-0.03597514,-0.03597514,17
RI,2016,10,-0.029006084,-0.029006084,17
RI,2016,3,-0.024766657,-0.024766657,18
RI,2016,4,0.000639985,0.000639985,18
RI,2016,5,-0.048460725,-0.048460725,18
RI,2016,6,-0.023932277,-0.023932277,18
RI,2016,7,-0.018395994,-0.018395994,18
RI,2016,8,-0.018908665,-0.018908665,18
RI,2016,9,-0.0182685,-0.0182685,18
RI,2016,10,-0.032767464,-0.032767464,18
RI,2016,3,-0.006647401,-0.006647401,19
RI,2016,4,-0.034917835,-0.034917835,19
RI,2016,5,-0.026706206,-0.026706206,19
RI,2016,6,-0.007510369,-0.007510369,19
RI,2016,7,-0.019598593,-0.019598593,19
RI,2016,8,-0.033256808,-0.033256808,19
RI,2016,9,-0.03407115,-0.03407115,19
RI,2016,10,-0.036189214,-0.036189214,19
RI,2016,3,-0.013876212,-0.013876212,20
RI,2016,4,-0.011717494,-0.011717494,20
RI,2016,5,-0.018683631,-0.018683631,20
RI,2016,6,-0.032843352,-0.032843352,20
RI,2016,7,-0.028466626,-0.028466626,20
RI,2016,8,-0.022105223,-0.022105223,20
RI,2016,9,-0.024168869,-0.024168869,20
RI,2016,10,-0.038115065,-0.038115065,20
RI,2016,3,-0.01650724,-0.01650724,21
RI,2016,4,-0.038035311,-0.038035311,21
RI,2016,5,-0.033460401,-0.033460401,21
RI,2016,6,-0.023489369,-0.023489369,21
RI,2016,7,-0.046076197,-0.046076197,21
RI,2016,8,-0.031131442,-0.031131442,21
RI,2016,9,-0.025885531,-0.025885531,21
RI,2016,10,-0.023545535,-0.023545535,21
RI,2016,3,-0.032073234,-0.032073234,22
RI,2016,4,-0.015350205,-0.015350205,22
RI,2016,5,-0.015406501,-0.015406501,22
RI,2016,6,-0.027897202,-0.027897202,22
RI,2016,7,-0.035859017,-0.035859017,22
RI,2016,8,-0.03905698,-0.03905698,22
RI,2016,9,-0.030530378,-0.030530378,22
RI,2016,10,-0.016456965,-0.016456965,22
RI,2016,3,-0.017684636,-0.017684636,23
RI,2016,4,-0.034525294,-0.034525294,23
RI,2016,5,-0.00852911,-0.00852911,23
RI,2016,6,-0.024314853,-0.024314853,23
RI,2016,7,-0.038529146,-0.038529146,23
RI,2016,8,-0.022651875,-0.022651875,23
RI,2016,9,-0.02551525,-0.02551525,23
RI,2016,10,-0.031177554,-0.031177554,23
RI,2016,3,-0.013162103,-0.013162103,24
RI,2016,4,-0.047530937,-0.047530937,24
RI,2016,5,-0.020298149,-0.020298149,24
RI,2016,6,-0.014580547,-0.014580547,24
RI,2016,7,-0.026569998,-0.026569998,24
RI,2016,8,-0.03353978,-0.03353978,24
RI,2016,9,-0.02247241,-0.02247241,24
RI,2016,10,-0.026813168,-0.026813168,24
RI,2016,3,0.012277695,0.012277695,25
RI,2016,4,-0.020952271,-0.020952271,25
RI,2016,5,-0.022976412,-0.022976412,25
RI,2016,6,-0.008289974,-0.008289974,25
RI,2016,7,-0.009236128,-0.009236128,25
RI,2016,8,-0.027161245,-0.027161245,25
RI,2016,9,-0.01658092,-0.01658092,25
RI,2016,10,-0.030470519,-0.030470519,25
RI,2016,3,-0.021327263,-0.021327263,26
RI,2016,4,-0.030164638,-0.030164638,26
RI,2016,5,-0.007866599,-0.007866599,26
RI,2016,6,-0.03335214,-0.03335214,26
RI,2016,7,-0.021762986,-0.021762986,26
RI,2016,8,-0.026866162,-0.026866162,26
RI,2016,9,-0.016638479,-0.016638479,26
RI,2016,10,-0.024587217,-0.024587217,26
RI,2016,3,-0.032230871,-0.032230871,27
RI,2016,4,-0.029003851,-0.029003851,27
RI,2016,5,-0.01124061,-0.01124061,27
RI,2016,6,-0.035025842,-0.035025842,27
RI,2016,7,-0.042825435,-0.042825435,27
RI,2016,8,-0.016795012,-0.016795012,27
RI,2016,9,-0.016330772,-0.016330772,27
RI,2016,10,-0.024017103,-0.024017103,27
RI,2016,3,-0.01362937,-0.01362937,28
RI,2016,4,-0.0146561,-0.0146561,28
RI,2016,5,-0.039764323,-0.039764323,28
RI,2016,6,-0.032704625,-0.032704625,28
RI,2016,7,-0.015547554,-0.015547554,28
RI,2016,8,-0.029013064,-0.029013064,28
RI,2016,9,-0.031948624,-0.031948624,28
RI,2016,10,-0.022639528,-0.022639528,28
RI,2016,3,-0.06649758,-0.06649758,29
RI,2016,4,-0.017553097,-0.017553097,29
RI,2016,5,-0.013108436,-0.013108436,29
RI,2016,6,-0.032457076,-0.032457076,29
RI,2016,7,-0.033608211,-0.033608211,29
RI,2016,8,-0.030335916,-0.030335916,29
RI,2016,9,-0.025216476,-0.025216476,29
RI,2016,10,-0.029256617,-0.029256617,29
RI,2016,3,0.001920143,0.001920143,30
RI,2016,4,-0.022652706,-0.022652706,30
RI,2016,5,-0.029248405,-0.029248405,30
RI,2016,6,-0.019648963,-0.019648963,30
RI,2016,7,-0.030061754,-0.030061754,30
RI,2016,8,-0.024060599,-0.024060599,30
RI,2016,9,-0.032061811,-0.032061811,30
RI,2016,10,-0.026194638,-0.026194638,30
RI,2016,3,-0.000807607,-0.000807607,31
RI,2016,4,-0.012517119,-0.012517119,31
RI,2016,5,-0.030734697,-0.030734697,31
RI,2016,6,-0.022845981,-0.022845981,31
RI,2016,7,-0.027919175,-0.027919175,31
RI,2016,8,-0.018148585,-0.018148585,31
RI,2016,9,-0.028829999,-0.028829999,31
RI,2016,10,-0.029618563,-0.029618563,31
RI,2016,3,-0.044232994,-0.044232994,32
RI,2016,4,-0.030233465,-0.030233465,32
RI,2016,5,-0.02405224,-0.02405224,32
RI,2016,6,-0.019442592,-0.019442592,32
RI,2016,7,-0.026274022,-0.026274022,32
RI,2016,8,-0.024363541,-0.024363541,32
RI,2016,9,-0.032082988,-0.032082988,32
RI,2016,10,-0.035430702,-0.035430702,32
RI,2016,3,-0.002429029,-0.002429029,33
RI,2016,4,-0.030200251,-0.030200251,33
RI,2016,5,-0.018231217,-0.018231217,33
RI,2016,6,-0.030834358,-0.030834358,33
RI,2016,7,-0.03790168,-0.03790168,33
RI,2016,8,-0.030677413,-0.030677413,33
RI,2016,9,-0.025256289,-0.025256289,33
RI,2016,10,-0.01565715,-0.01565715,33
RI,2016,3,-0.047123148,-0.047123148,34
RI,2016,4,-0.022788784,-0.022788784,34
RI,2016,5,-0.021452027,-0.021452027,34
RI,2016,6,-0.018003276,-0.018003276,34
RI,2016,7,-0.021758073,-0.021758073,34
RI,2016,8,-0.041239796,-0.041239796,34
RI,2016,9,-0.025039779,-0.025039779,34
RI,2016,10,-0.029359973,-0.029359973,34
RI,2016,3,-0.01111113,-0.01111113,35
RI,2016,4,-0.032948626,-0.032948626,35
RI,2016,5,-0.054666769,-0.054666769,35
RI,2016,6,-0.034239229,-0.034239229,35
RI,2016,7,-0.020608166,-0.020608166,35
RI,2016,8,-0.02113045,-0.02113045,35
RI,2016,9,-0.035746992,-0.035746992,35
RI,2016,10,-0.021540754,-0.021540754,35
RI,2016,3,-0.033889261,-0.033889261,36
RI,2016,4,-0.008616636,-0.008616636,36
RI,2016,5,-0.02588154,-0.02588154,36
RI,2016,6,-0.02405512,-0.02405512,36
RI,2016,7,-0.025176724,-0.025176724,36
RI,2016,8,-0.01762195,-0.01762195,36
RI,2016,9,-0.038329409,-0.038329409,36
RI,2016,10,-0.017642441,-0.017642441,36
RI,2016,3,-0.000999453,-0.000999453,37
RI,2016,4,-0.032275664,-0.032275664,37
RI,2016,5,-0.03006257,-0.03006257,37
RI,2016,6,-0.045288443,-0.045288443,37
RI,2016,7,-0.023996591,-0.023996591,37
RI,2016,8,-0.025598757,-0.025598757,37
RI,2016,9,-0.023292985,-0.023292985,37
RI,2016,10,-0.033625979,-0.033625979,37
RI,2016,3,-0.03837927,-0.03837927,38
RI,2016,4,-0.033740819,-0.033740819,38
RI,2016,5,-0.042909841,-0.042909841,38
RI,2016,6,-0.019755918,-0.019755918,38
RI,2016,7,-0.038748118,-0.038748118,38
RI,2016,8,-0.030547846,-0.030547846,38
RI,2016,9,-0.021443067,-0.021443067,38
RI,2016,10,-0.034445939,-0.034445939,38
RI,2016,3,-0.021561111,-0.021561111,39
RI,2016,4,-0.031585898,-0.031585898,39
RI,2016,5,-0.025208313,-0.025208313,39
RI,2016,6,-0.022156896,-0.022156896,39
RI,2016,7,-0.043479385,-0.043479385,39
RI,2016,8,-0.024163246,-0.024163246,39
RI,2016,9,-0.015452348,-0.015452348,39
RI,2016,10,-0.03000726,-0.03000726,39
RI,2016,3,-0.052953214,-0.052953214,40
RI,2016,4,-0.036086168,-0.036086168,40
RI,2016,5,-0.029990206,-0.029990206,40
RI,2016,6,-0.021007421,-0.021007421,40
RI,2016,7,-0.012505694,-0.012505694,40
RI,2016,8,-0.046434654,-0.046434654,40
RI,2016,9,-0.048676591,-0.048676591,40
RI,2016,10,-0.041676118,-0.041676118,40
RI,2016,3,-0.020078209,-0.020078209,41
RI,2016,4,-0.022156987,-0.022156987,41
RI,2016,5,-0.008643668,-0.008643668,41
RI,2016,6,0.004416662,0.004416662,41
RI,2016,7,-0.028620944,-0.028620944,41
RI,2016,8,-0.019874061,-0.019874061,41
RI,2016,9,-0.030158648,-0.030158648,41
RI,2016,10,-0.023791496,-0.023791496,41
RI,2016,3,-0.00745675,-0.00745675,42
RI,2016,4,-0.038304184,-0.038304184,42
RI,2016,5,-0.029832967,-0.029832967,42
RI,2016,6,-0.042974319,-0.042974319,42
RI,2016,7,-0.031379893,-0.031379893,42
RI,2016,8,-0.025387692,-0.025387692,42
RI,2016,9,-0.021264291,-0.021264291,42
RI,2016,10,-0.024395584,-0.024395584,42
RI,2016,3,0.014171408,0.014171408,43
RI,2016,4,-0.032839957,-0.032839957,43
RI,2016,5,-0.02346103,-0.02346103,43
RI,2016,6,-0.023280715,-0.023280715,43
RI,2016,7,-0.033526186,-0.033526186,43
RI,2016,8,-0.025573775,-0.025573775,43
RI,2016,9,-0.041820827,-0.041820827,43
RI,2016,10,-0.016060158,-0.016060158,43
RI,2016,3,-0.014383077,-0.014383077,44
RI,2016,4,-0.039504771,-0.039504771,44
RI,2016,5,-0.039786598,-0.039786598,44
RI,2016,6,-0.017350113,-0.017350113,44
RI,2016,7,-0.008234131,-0.008234131,44
RI,2016,8,-0.027346136,-0.027346136,44
RI,2016,9,-0.030974002,-0.030974002,44
RI,2016,10,-0.026962883,-0.026962883,44
RI,2016,3,-0.020413214,-0.020413214,45
RI,2016,4,-0.03569359,-0.03569359,45
RI,2016,5,-0.02513284,-0.02513284,45
RI,2016,6,-0.04072096,-0.04072096,45
RI,2016,7,-0.00559191,-0.00559191,45
RI,2016,8,-0.047331133,-0.047331133,45
RI,2016,9,-0.037009241,-0.037009241,45
RI,2016,10,-0.019843162,-0.019843162,45
RI,2016,3,-0.007729001,-0.007729001,46
RI,2016,4,-0.007503812,-0.007503812,46
RI,2016,5,-0.017355709,-0.017355709,46
RI,2016,6,-0.035903962,-0.035903962,46
RI,2016,7,-0.015449882,-0.015449882,46
RI,2016,8,-0.029908588,-0.029908588,46
RI,2016,9,-0.024983751,-0.024983751,46
RI,2016,10,-0.038493065,-0.038493065,46
RI,2016,3,-0.011891483,-0.011891483,47
RI,2016,4,-0.028441696,-0.028441696,47
RI,2016,5,-0.026284264,-0.026284264,47
RI,2016,6,-0.030475299,-0.030475299,47
RI,2016,7,-0.023950275,-0.023950275,47
RI,2016,8,-0.022131798,-0.022131798,47
RI,2016,9,-0.035816558,-0.035816558,47
RI,2016,10,-0.024822994,-0.024822994,47
RI,2016,3,-0.0191611,-0.0191611,48
RI,2016,4,-0.005217926,-0.005217926,48
RI,2016,5,-0.02024756,-0.02024756,48
RI,2016,6,-0.024417575,-0.024417575,48
RI,2016,7,-0.021655278,-0.021655278,48
RI,2016,8,-0.041101692,-0.041101692,48
RI,2016,9,-0.019284528,-0.019284528,48
RI,2016,10,-0.026626116,-0.026626116,48
RI,2016,3,0.018480582,0.018480582,49
RI,2016,4,-0.000234277,-0.000234277,49
RI,2016,5,-0.017866881,-0.017866881,49
RI,2016,6,-0.014726502,-0.014726502,49
RI,2016,7,-0.029659958,-0.029659958,49
RI,2016,8,-0.037254995,-0.037254995,49
RI,2016,9,-0.022642284,-0.022642284,49
RI,2016,10,-0.019863739,-0.019863739,49
RI,2016,3,-0.015115297,-0.015115297,50
RI,2016,4,-0.00857237,-0.00857237,50
RI,2016,5,-0.030628784,-0.030628784,50
RI,2016,6,-0.03331898,-0.03331898,50
RI,2016,7,-0.03054787,-0.03054787,50
RI,2016,8,-0.015551105,-0.015551105,50
RI,2016,9,-0.023367903,-0.023367903,50
RI,2016,10,-0.038335809,-0.038335809,50
CT,2014,3,-0.024138631,-0.030424422,1
CT,2014,4,-0.021070214,-0.02681571,1
CT,2014,5,-0.022455325,-0.028852026,1
CT,2014,6,-0.022496453,-0.028384647,1
CT,2014,7,-0.018320399,-0.023708246,1
CT,2014,8,-0.024822948,-0.03067218,1
CT,2014,9,-0.028693023,-0.034158213,1
CT,2014,10,-0.029245167,-0.034226062,1
CT,2014,3,-0.024983594,-0.03268722,2
CT,2014,4,-0.021256913,-0.026919366,2
CT,2014,5,-0.029085418,-0.033435425,2
CT,2014,6,-0.019898575,-0.026534426,2
CT,2014,7,-0.035002815,-0.040467637,2
CT,2014,8,-0.028120578,-0.033952012,2
CT,2014,9,-0.026118388,-0.031549131,2
CT,2014,10,-0.023556154,-0.030138327,2
CT,2014,3,-0.015921171,-0.021685012,3
CT,2014,4,-0.018197881,-0.023829876,3
CT,2014,5,-0.01737222,-0.023075146,3
CT,2014,6,-0.031330042,-0.036401435,3
CT,2014,7,-0.026005394,-0.030660917,3
CT,2014,8,-0.021214144,-0.026489023,3
CT,2014,9,-0.023586696,-0.028691673,3
CT,2014,10,-0.024337932,-0.02981619,3
CT,2014,3,-0.021238265,-0.027547013,4
CT,2014,4,-0.017705219,-0.024879038,4
CT,2014,5,-0.021365765,-0.026855246,4
CT,2014,6,-0.028331149,-0.033235653,4
CT,2014,7,-0.031222707,-0.036165458,4
CT,2014,8,-0.022497947,-0.02919252,4
CT,2014,9,-0.022021923,-0.027922139,4
CT,2014,10,-0.030491487,-0.036414179,4
CT,2014,3,-0.025682844,-0.030685537,5
CT,2014,4,-0.023386301,-0.029977323,5
CT,2014,5,-0.021409299,-0.02822436,5
CT,2014,6,-0.025164286,-0.0314291,5
CT,2014,7,-0.026824725,-0.032789292,5
CT,2014,8,-0.027111151,-0.032804161,5
CT,2014,9,-0.025808954,-0.02888209,5
CT,2014,10,-0.029896922,-0.036007416,5
CT,2014,3,-0.025188291,-0.032394696,6
CT,2014,4,-0.027462982,-0.03311857,6
CT,2014,5,-0.020462165,-0.026403146,6
CT,2014,6,-0.021753636,-0.026388803,6
CT,2014,7,-0.024463992,-0.029091938,6
CT,2014,8,-0.03364604,-0.037996733,6
CT,2014,9,-0.031559582,-0.036935156,6
CT,2014,10,-0.021433646,-0.027902079,6
CT,2014,3,-0.014427092,-0.022601216,7
CT,2014,4,-0.023508818,-0.029332883,7
CT,2014,5,-0.029058745,-0.033341795,7
CT,2014,6,-0.031439024,-0.035880539,7
CT,2014,7,-0.021727313,-0.028141662,7
CT,2014,8,-0.027240558,-0.032326848,7
CT,2014,9,-0.024980422,-0.031049855,7
CT,2014,10,-0.021930681,-0.02763792,7
CT,2014,3,-0.020459579,-0.028234407,8
CT,2014,4,-0.023355738,-0.031082602,8
CT,2014,5,-0.027320929,-0.033455259,8
CT,2014,6,-0.025117929,-0.031824543,8
CT,2014,7,-0.030662541,-0.035651449,8
CT,2014,8,-0.027544414,-0.032594174,8
CT,2014,9,-0.022233305,-0.029087078,8
CT,2014,10,-0.025872811,-0.030857547,8
CT,2014,3,-0.019071531,-0.025464556,9
CT,2014,4,-0.019013581,-0.025595565,9
CT,2014,5,-0.018635903,-0.025842275,9
CT,2014,6,-0.028795259,-0.033614692,9
CT,2014,7,-0.024529966,-0.029514277,9
CT,2014,8,-0.026945978,-0.033177697,9
CT,2014,9,-0.020673916,-0.026913716,9
CT,2014,10,-0.024487066,-0.029883004,9
CT,2014,3,-0.02243643,-0.027179435,10
CT,2014,4,-0.035191503,-0.039825361,10
CT,2014,5,-0.023654683,-0.029210269,10
CT,2014,6,-0.025994161,-0.031022606,10
CT,2014,7,-0.023848635,-0.028545808,10
CT,2014,8,-0.02160552,-0.027133233,10
CT,2014,9,-0.028636308,-0.032932135,10
CT,2014,10,-0.026892111,-0.032451128,10
CT,2014,3,-0.025540142,-0.032098875,11
CT,2014,4,-0.027906773,-0.031651878,11
CT,2014,5,-0.022735043,-0.028607659,11
CT,2014,6,-0.018885073,-0.02416637,11
CT,2014,7,-0.024008233,-0.029763493,11
CT,2014,8,-0.025586894,-0.031778887,11
CT,2014,9,-0.024426859,-0.029017288,11
CT,2014,10,-0.024174622,-0.030032182,11
CT,2014,3,-0.017311059,-0.025152505,12
CT,2014,4,-0.029832799,-0.034994996,12
CT,2014,5,-0.025170025,-0.031061504,12
CT,2014,6,-0.031185474,-0.034708119,12
CT,2014,7,-0.031433251,-0.036689556,12
CT,2014,8,-0.028390462,-0.033285674,12
CT,2014,9,-0.030038451,-0.035387224,12
CT,2014,10,-0.02143817,-0.02609925,12
CT,2014,3,-0.02117331,-0.027389566,13
CT,2014,4,-0.014292809,-0.021027372,13
CT,2014,5,-0.02528819,-0.030823398,13
CT,2014,6,-0.023747736,-0.028425677,13
CT,2014,7,-0.024774673,-0.029798671,13
CT,2014,8,-0.022768596,-0.02887916,13
CT,2014,9,-0.024269816,-0.028520678,13
CT,2014,10,-0.033609313,-0.037991064,13
CT,2014,3,-0.019872041,-0.024552396,14
CT,2014,4,-0.019781713,-0.026014952,14
CT,2014,5,-0.017843863,-0.024552569,14
CT,2014,6,-0.027248127,-0.032281874,14
CT,2014,7,-0.015751564,-0.0206355,14
CT,2014,8,-0.026849618,-0.032749234,14
CT,2014,9,-0.016992059,-0.023405009,14
CT,2014,10,-0.02666466,-0.031024914,14
CT,2014,3,-0.031760217,-0.036481877,15
CT,2014,4,-0.019968321,-0.027070675,15
CT,2014,5,-0.022617589,-0.029955178,15
CT,2014,6,-0.026216108,-0.030169862,15
CT,2014,7,-0.021694393,-0.028345711,15
CT,2014,8,-0.027127346,-0.03162853,15
CT,2014,9,-0.026162523,-0.032092864,15
CT,2014,10,-0.018653341,-0.024025999,15
CT,2014,3,-0.020086222,-0.026581191,16
CT,2014,4,-0.024575388,-0.028240187,16
CT,2014,5,-0.022052464,-0.027124915,16
CT,2014,6,-0.025320301,-0.030911524,16
CT,2014,7,-0.032035558,-0.036267327,16
CT,2014,8,-0.018723328,-0.02511191,16
CT,2014,9,-0.024037909,-0.029539478,16
CT,2014,10,-0.025026223,-0.03074546,16
CT,2014,3,-0.027372276,-0.033215945,17
CT,2014,4,-0.022010596,-0.027964307,17
CT,2014,5,-0.02628894,-0.030524097,17
CT,2014,6,-0.031056936,-0.036676172,17
CT,2014,7,-0.022474508,-0.028294435,17
CT,2014,8,-0.026261194,-0.033562194,17
CT,2014,9,-0.023187102,-0.028866529,17
CT,2014,10,-0.031214742,-0.035685218,17
CT,2014,3,-0.023268259,-0.029246367,18
CT,2014,4,-0.021587374,-0.027799249,18
CT,2014,5,-0.025563145,-0.031291383,18
CT,2014,6,-0.02623384,-0.03162441,18
CT,2014,7,-0.0275799,-0.031679545,18
CT,2014,8,-0.027627909,-0.033133963,18
CT,2014,9,-0.025961121,-0.031188057,18
CT,2014,10,-0.023281323,-0.027959538,18
CT,2014,3,-0.025810086,-0.031958795,19
CT,2014,4,-0.026873172,-0.033053544,19
CT,2014,5,-0.031346593,-0.037321495,19
CT,2014,6,-0.025544542,-0.031260606,19
CT,2014,7,-0.029782477,-0.034335102,19
CT,2014,8,-0.026949461,-0.033047157,19
CT,2014,9,-0.030683061,-0.036040623,19
CT,2014,10,-0.025854152,-0.030631298,19
CT,2014,3,-0.027275443,-0.033482363,20
CT,2014,4,-0.030104381,-0.035011532,20
CT,2014,5,-0.023713724,-0.029937193,20
CT,2014,6,-0.025200285,-0.030445958,20
CT,2014,7,-0.022002941,-0.026956363,20
CT,2014,8,-0.024926636,-0.030748873,20
CT,2014,9,-0.021522562,-0.025953095,20
CT,2014,10,-0.027993646,-0.033485337,20
CT,2014,3,-0.023893046,-0.030181322,21
CT,2014,4,-0.020637015,-0.026825728,21
CT,2014,5,-0.028921235,-0.033159304,21
CT,2014,6,-0.029234452,-0.034866918,21
CT,2014,7,-0.028069749,-0.034446882,21
CT,2014,8,-0.02324963,-0.028364429,21
CT,2014,9,-0.023782015,-0.030477878,21
CT,2014,10,-0.021793238,-0.026033533,21
CT,2014,3,-0.02553042,-0.030546055,22
CT,2014,4,-0.022579858,-0.027500825,22
CT,2014,5,-0.027899183,-0.033756039,22
CT,2014,6,-0.020811453,-0.026729283,22
CT,2014,7,-0.032030527,-0.03628943,22
CT,2014,8,-0.028303006,-0.03319555,22
CT,2014,9,-0.027994628,-0.032506848,22
CT,2014,10,-0.020954633,-0.027306663,22
CT,2014,3,-0.022333121,-0.02901947,23
CT,2014,4,-0.030242785,-0.036165746,23
CT,2014,5,-0.021795321,-0.026865765,23
CT,2014,6,-0.02626809,-0.032185869,23
CT,2014,7,-0.032024826,-0.036297452,23
CT,2014,8,-0.023406206,-0.030453378,23
CT,2014,9,-0.030611338,-0.034512106,23
CT,2014,10,-0.023663369,-0.029535263,23
CT,2014,3,-0.015389334,-0.019969299,24
CT,2014,4,-0.029658342,-0.035690696,24
CT,2014,5,-0.024895336,-0.031083442,24
CT,2014,6,-0.019533496,-0.023862455,24
CT,2014,7,-0.026782825,-0.030426454,24
CT,2014,8,-0.02879155,-0.034541567,24
CT,2014,9,-0.02308255,-0.027361557,24
CT,2014,10,-0.026086021,-0.030759969,24
CT,2014,3,-0.02471408,-0.030107429,25
CT,2014,4,-0.026743079,-0.031468286,25
CT,2014,5,-0.029280031,-0.034269747,25
CT,2014,6,-0.023254784,-0.028862882,25
CT,2014,7,-0.029327389,-0.034393452,25
CT,2014,8,-0.02728229,-0.033544485,25
CT,2014,9,-0.027363196,-0.032817976,25
CT,2014,10,-0.024838992,-0.029842648,25
CT,2014,3,-0.023527929,-0.027849588,26
CT,2014,4,-0.024503754,-0.031508955,26
CT,2014,5,-0.022911881,-0.02837609,26
CT,2014,6,-0.022975084,-0.027569026,26
CT,2014,7,-0.026597157,-0.032121656,26
CT,2014,8,-0.028919525,-0.033587767,26
CT,2014,9,-0.023414393,-0.030004404,26
CT,2014,10,-0.023257567,-0.02967149,26
CT,2014,3,-0.034311951,-0.040853468,27
CT,2014,4,-0.026554771,-0.031372649,27
CT,2014,5,-0.023742121,-0.030500689,27
CT,2014,6,-0.023404175,-0.030149133,27
CT,2014,7,-0.027433255,-0.033605827,27
CT,2014,8,-0.021257192,-0.027446836,27
CT,2014,9,-0.019366738,-0.02520088,27
CT,2014,10,-0.024836269,-0.030826851,27
CT,2014,3,-0.017949755,-0.023908085,28
CT,2014,4,-0.0233192,-0.029066607,28
CT,2014,5,-0.029055462,-0.034222305,28
CT,2014,6,-0.025200565,-0.029793256,28
CT,2014,7,-0.03154798,-0.036619062,28
CT,2014,8,-0.022567848,-0.028496363,28
CT,2014,9,-0.026029287,-0.030737994,28
CT,2014,10,-0.024414067,-0.0308741,28
CT,2014,3,-0.024303036,-0.029116148,29
CT,2014,4,-0.025703446,-0.032412417,29
CT,2014,5,-0.023926189,-0.029419988,29
CT,2014,6,-0.025996473,-0.032190045,29
CT,2014,7,-0.02992324,-0.035445519,29
CT,2014,8,-0.027186955,-0.032146161,29
CT,2014,9,-0.027410441,-0.033782646,29
CT,2014,10,-0.028370223,-0.033901125,29
CT,2014,3,-0.025504072,-0.031034444,30
CT,2014,4,-0.018467267,-0.024067529,30
CT,2014,5,-0.024600338,-0.02940073,30
CT,2014,6,-0.032253109,-0.036745136,30
CT,2014,7,-0.023817639,-0.030147848,30
CT,2014,8,-0.032224469,-0.036706964,30
CT,2014,9,-0.026737345,-0.031920852,30
CT,2014,10,-0.026114646,-0.03126314,30
CT,2014,3,-0.015106445,-0.022899064,31
CT,2014,4,-0.026993698,-0.030413626,31
CT,2014,5,-0.018261549,-0.025221817,31
CT,2014,6,-0.024925095,-0.029375054,31
CT,2014,7,-0.021492722,-0.026651648,31
CT,2014,8,-0.027457268,-0.034361277,31
CT,2014,9,-0.028222171,-0.033019773,31
CT,2014,10,-0.022954344,-0.028746794,31
CT,2014,3,-0.022887121,-0.028514189,32
CT,2014,4,-0.020665845,-0.026503766,32
CT,2014,5,-0.027340844,-0.033969133,32
CT,2014,6,-0.02389712,-0.029616494,32
CT,2014,7,-0.021259679,-0.026160298,32
CT,2014,8,-0.023723566,-0.02994479,32
CT,2014,9,-0.027054092,-0.032391351,32
CT,2014,10,-0.026225524,-0.030401973,32
CT,2014,3,-0.025991264,-0.031210103,33
CT,2014,4,-0.0242795,-0.030325052,33
CT,2014,5,-0.019675384,-0.026280108,33
CT,2014,6,-0.023315725,-0.028039375,33
CT,2014,7,-0.019357903,-0.025328214,33
CT,2014,8,-0.025647474,-0.030431288,33
CT,2014,9,-0.022275026,-0.028362368,33
CT,2014,10,-0.019533928,-0.025246972,33
CT,2014,3,-0.019054749,-0.02556287,34
CT,2014,4,-0.027065833,-0.032964558,34
CT,2014,5,-0.022523478,-0.027813618,34
CT,2014,6,-0.023042932,-0.029027698,34
CT,2014,7,-0.028612329,-0.032789845,34
CT,2014,8,-0.017803305,-0.023824566,34
CT,2014,9,-0.027701882,-0.032850589,34
CT,2014,10,-0.026716135,-0.032740376,34
CT,2014,3,-0.021391345,-0.026339875,35
CT,2014,4,-0.022138854,-0.027506384,35
CT,2014,5,-0.031463478,-0.035866359,35
CT,2014,6,-0.028834266,-0.035315204,35
CT,2014,7,-0.019927716,-0.026442396,35
CT,2014,8,-0.026423145,-0.032646977,35
CT,2014,9,-0.024917135,-0.028342218,35
CT,2014,10,-0.021451715,-0.026847749,35
CT,2014,3,-0.015077272,-0.020979935,36
CT,2014,4,-0.019800593,-0.027047782,36
CT,2014,5,-0.022272296,-0.02701118,36
CT,2014,6,-0.030001841,-0.034139345,36
CT,2014,7,-0.023726686,-0.028484287,36
CT,2014,8,-0.025079884,-0.028171419,36
CT,2014,9,-0.023122497,-0.029205446,36
CT,2014,10,-0.025005798,-0.029720521,36
CT,2014,3,-0.02176374,-0.026579071,37
CT,2014,4,-0.028700189,-0.035667808,37
CT,2014,5,-0.029528481,-0.035081736,37
CT,2014,6,-0.025399418,-0.030665491,37
CT,2014,7,-0.025906214,-0.029757148,37
CT,2014,8,-0.019455248,-0.025926272,37
CT,2014,9,-0.023167862,-0.028877955,37
CT,2014,10,-0.025414425,-0.031995721,37
CT,2014,3,-0.01303401,-0.019369357,38
CT,2014,4,-0.013460747,-0.020596708,38
CT,2014,5,-0.021510783,-0.025196611,38
CT,2014,6,-0.026501186,-0.032715035,38
CT,2014,7,-0.029647388,-0.034228572,38
CT,2014,8,-0.035756743,-0.040490176,38
CT,2014,9,-0.024874573,-0.030481505,38
CT,2014,10,-0.026525595,-0.032823796,38
CT,2014,3,-0.022563945,-0.029614136,39
CT,2014,4,-0.022349258,-0.027857777,39
CT,2014,5,-0.030071699,-0.034601124,39
CT,2014,6,-0.024247743,-0.029410275,39
CT,2014,7,-0.025504463,-0.031599936,39
CT,2014,8,-0.027536803,-0.032954122,39
CT,2014,9,-0.027002683,-0.033567707,39
CT,2014,10,-0.025170577,-0.031445166,39
CT,2014,3,-0.017623806,-0.022794218,40
CT,2014,4,-0.022777001,-0.027637876,40
CT,2014,5,-0.0291802,-0.033976783,40
CT,2014,6,-0.020151154,-0.025039462,40
CT,2014,7,-0.02513422,-0.031626795,40
CT,2014,8,-0.0264226,-0.031955226,40
CT,2014,9,-0.031158076,-0.036500476,40
CT,2014,10,-0.026027068,-0.030961977,40
CT,2014,3,-0.021793427,-0.02971412,41
CT,2014,4,-0.030828929,-0.035025128,41
CT,2014,5,-0.01718724,-0.024057147,41
CT,2014,6,-0.023419282,-0.028192084,41
CT,2014,7,-0.021931153,-0.026898842,41
CT,2014,8,-0.026531669,-0.031623836,41
CT,2014,9,-0.021906672,-0.027750638,41
CT,2014,10,-0.025270301,-0.031751599,41
CT,2014,3,-0.018669799,-0.024106566,42
CT,2014,4,-0.025032236,-0.028773386,42
CT,2014,5,-0.029533582,-0.035176707,42
CT,2014,6,-0.024407149,-0.030529269,42
CT,2014,7,-0.015865983,-0.022606319,42
CT,2014,8,-0.021057061,-0.024964062,42
CT,2014,9,-0.031016554,-0.037299422,42
CT,2014,10,-0.029515227,-0.033633766,42
CT,2014,3,-0.027040111,-0.032873975,43
CT,2014,4,-0.022357876,-0.028864423,43
CT,2014,5,-0.024365155,-0.028990805,43
CT,2014,6,-0.031398761,-0.035717607,43
CT,2014,7,-0.031950798,-0.037535906,43
CT,2014,8,-0.028973358,-0.034336084,43
CT,2014,9,-0.018277916,-0.023916732,43
CT,2014,10,-0.033386308,-0.03730951,43
CT,2014,3,-0.0250456,-0.031000414,44
CT,2014,4,-0.026826781,-0.031872233,44
CT,2014,5,-0.024765507,-0.028591605,44
CT,2014,6,-0.031280426,-0.036819458,44
CT,2014,7,-0.0294262,-0.034849417,44
CT,2014,8,-0.030940382,-0.03725573,44
CT,2014,9,-0.024987504,-0.031393319,44
CT,2014,10,-0.026784378,-0.031475589,44
CT,2014,3,-0.023253755,-0.028324568,45
CT,2014,4,-0.027262654,-0.03269891,45
CT,2014,5,-0.027019575,-0.032746769,45
CT,2014,6,-0.026691647,-0.031209774,45
CT,2014,7,-0.026617229,-0.032160482,45
CT,2014,8,-0.02608906,-0.030955353,45
CT,2014,9,-0.02200668,-0.026842275,45
CT,2014,10,-0.023135475,-0.029853108,45
CT,2014,3,-0.02019631,-0.025918739,46
CT,2014,4,-0.013675547,-0.019140845,46
CT,2014,5,-0.030651132,-0.036240374,46
CT,2014,6,-0.021650149,-0.027046378,46
CT,2014,7,-0.022268458,-0.028128559,46
CT,2014,8,-0.027327806,-0.031882925,46
CT,2014,9,-0.025544438,-0.031001108,46
CT,2014,10,-0.027274938,-0.033567212,46
CT,2014,3,-0.025236855,-0.032519308,47
CT,2014,4,-0.026363692,-0.032131324,47
CT,2014,5,-0.021460047,-0.025391702,47
CT,2014,6,-0.015899183,-0.021958576,47
CT,2014,7,-0.027062103,-0.031675119,47
CT,2014,8,-0.024049247,-0.029655774,47
CT,2014,9,-0.023840036,-0.029471723,47
CT,2014,10,-0.020419858,-0.026294211,47
CT,2014,3,-0.026419915,-0.031671348,48
CT,2014,4,-0.020302844,-0.027327824,48
CT,2014,5,-0.031328227,-0.035564121,48
CT,2014,6,-0.02268061,-0.029454423,48
CT,2014,7,-0.034488316,-0.03996828,48
CT,2014,8,-0.026923237,-0.03240495,48
CT,2014,9,-0.026490497,-0.031026492,48
CT,2014,10,-0.025922618,-0.031519733,48
CT,2014,3,-0.028312467,-0.034642158,49
CT,2014,4,-0.01992998,-0.026541793,49
CT,2014,5,-0.026014808,-0.0304845,49
CT,2014,6,-0.029504439,-0.03485388,49
CT,2014,7,-0.025416186,-0.029630397,49
CT,2014,8,-0.028243296,-0.032858654,49
CT,2014,9,-0.023357108,-0.029129248,49
CT,2014,10,-0.027085885,-0.032365744,49
CT,2014,3,-0.017266323,-0.023756867,50
CT,2014,4,-0.030418978,-0.035710635,50
CT,2014,5,-0.024545256,-0.030556115,50
CT,2014,6,-0.024944277,-0.030898443,50
CT,2014,7,-0.026533388,-0.030815487,50
CT,2014,8,-0.023778379,-0.030153917,50
CT,2014,9,-0.030352418,-0.034770698,50
CT,2014,10,-0.02458965,-0.029211242,50
MA,2014,2,-0.05165533,-0.05165533,1
MA,2014,2,-0.054775,-0.054775,2
MA,2014,2,-0.051434542,-0.051434542,3
MA,2014,2,-0.052928127,-0.052928127,4
MA,2014,2,-0.054990396,-0.054990396,5
MA,2014,2,-0.058126925,-0.058126925,6
MA,2014,2,-0.06244004,-0.06244004,7
MA,2014,2,-0.052911231,-0.052911231,8
MA,2014,2,-0.062242393,-0.062242393,9
MA,2014,2,-0.055727236,-0.055727236,10
MA,2014,2,-0.067457953,-0.067457953,11
MA,2014,2,-0.047077873,-0.047077873,12
MA,2014,2,-0.060152447,-0.060152447,13
MA,2014,2,-0.058315898,-0.058315898,14
MA,2014,2,-0.060181333,-0.060181333,15
MA,2014,2,-0.066707347,-0.066707347,16
MA,2014,2,-0.045678696,-0.045678696,17
MA,2014,2,-0.055146175,-0.055146175,18
MA,2014,2,-0.063410856,-0.063410856,19
MA,2014,2,-0.04812076,-0.04812076,20
MA,2014,2,-0.051798024,-0.051798024,21
MA,2014,2,-0.05614315,-0.05614315,22
MA,2014,2,-0.043427307,-0.043427307,23
MA,2014,2,-0.052323668,-0.052323668,24
MA,2014,2,-0.060675638,-0.060675638,25
MA,2014,2,-0.063038719,-0.063038719,26
MA,2014,2,-0.062705806,-0.062705806,27
MA,2014,2,-0.06328447,-0.06328447,28
MA,2014,2,-0.052794922,-0.052794922,29
MA,2014,2,-0.059567404,-0.059567404,30
MA,2014,2,-0.062422685,-0.062422685,31
MA,2014,2,-0.053789807,-0.053789807,32
MA,2014,2,-0.055520871,-0.055520871,33
MA,2014,2,-0.060709617,-0.060709617,34
MA,2014,2,-0.055011079,-0.055011079,35
MA,2014,2,-0.057031897,-0.057031897,36
MA,2014,2,-0.054205781,-0.054205781,37
MA,2014,2,-0.046500036,-0.046500036,38
MA,2014,2,-0.060213958,-0.060213958,39
MA,2014,2,-0.056211561,-0.056211561,40
MA,2014,2,-0.050839676,-0.050839676,41
MA,2014,2,-0.071597417,-0.071597417,42
MA,2014,2,-0.053648379,-0.053648379,43
MA,2014,2,-0.067774658,-0.067774658,44
MA,2014,2,-0.05329095,-0.05329095,45
MA,2014,2,-0.054805297,-0.054805297,46
MA,2014,2,-0.047960953,-0.047960953,47
MA,2014,2,-0.058672676,-0.058672676,48
MA,2014,2,-0.054617583,-0.054617583,49
MA,2014,2,-0.05139867,-0.05139867,50
CA,2016,2,0.02925686,0.030096693,1
CA,2016,2,0.030423875,0.031800219,2
CA,2016,2,0.0214254,0.022311078,3
CA,2016,2,0.026615897,0.027506278,4
CA,2016,2,0.031576166,0.032545398,5
CA,2016,2,0.027410561,0.028260923,6
CA,2016,2,0.030515063,0.031445552,7
CA,2016,2,0.029815979,0.03077973,8
CA,2016,2,0.025776824,0.026847901,9
CA,2016,2,0.027060068,0.027653985,10
CA,2016,2,0.025996612,0.026659883,11
CA,2016,2,0.023157283,0.023707844,12
CA,2016,2,0.028774316,0.028843333,13
CA,2016,2,0.028312952,0.02935106,14
CA,2016,2,0.027253383,0.028131121,15
CA,2016,2,0.029818077,0.030442629,16
CA,2016,2,0.022467178,0.023429128,17
CA,2016,2,0.031321648,0.032739752,18
CA,2016,2,0.022017235,0.022937331,19
CA,2016,2,0.025172085,0.025920506,20
CA,2016,2,0.029687339,0.031009959,21
CA,2016,2,0.027190643,0.028209194,22
CA,2016,2,0.032247255,0.03336101,23
CA,2016,2,0.025742719,0.026237064,24
CA,2016,2,0.022240145,0.022926141,25
CA,2016,2,0.028426409,0.029050855,26
CA,2016,2,0.027009385,0.027668526,27
CA,2016,2,0.031294293,0.032215503,28
CA,2016,2,0.021056854,0.021557868,29
CA,2016,2,0.026084557,0.026622662,30
CA,2016,2,0.026128589,0.027183885,31
CA,2016,2,0.023973756,0.025276274,32
CA,2016,2,0.020513533,0.021109973,33
CA,2016,2,0.031386034,0.032230829,34
CA,2016,2,0.026946496,0.02749424,35
CA,2016,2,0.028063527,0.02879279,36
CA,2016,2,0.03028381,0.030970416,37
CA,2016,2,0.025736717,0.02683417,38
CA,2016,2,0.02457688,0.025004707,39
CA,2016,2,0.025368702,0.02598737,40
CA,2016,2,0.031400976,0.03219653,41
CA,2016,2,0.02620044,0.02667081,42
CA,2016,2,0.029151098,0.029871232,43
CA,2016,2,0.029770539,0.030648583,44
CA,2016,2,0.022133984,0.022873479,45
CA,2016,2,0.028582674,0.02925307,46
CA,2016,2,0.023670881,0.023743267,47
CA,2016,2,0.024703419,0.025612571,48
CA,2016,2,0.027946241,0.028872632,49
CA,2016,2,0.025493737,0.026315625,50
VT,2014,2,-0.01602767,-0.01602767,1
VT,2014,2,0.002373081,0.002373081,2
VT,2014,2,-0.010529361,-0.010529361,3
VT,2014,2,-0.006272792,-0.006272792,4
VT,2014,2,-0.001932835,-0.001932835,5
VT,2014,2,-0.004842966,-0.004842966,6
VT,2014,2,-0.003793252,-0.003793252,7
VT,2014,2,-0.011166443,-0.011166443,8
VT,2014,2,-0.010574077,-0.010574077,9
VT,2014,2,-0.014880199,-0.014880199,10
VT,2014,2,-0.007537615,-0.007537615,11
VT,2014,2,-0.005878977,-0.005878977,12
VT,2014,2,0.006059286,0.006059286,13
VT,2014,2,-0.004625486,-0.004625486,14
VT,2014,2,-0.013087741,-0.013087741,15
VT,2014,2,-0.005182513,-0.005182513,16
VT,2014,2,-0.008024811,-0.008024811,17
VT,2014,2,-0.018752571,-0.018752571,18
VT,2014,2,0.000258277,0.000258277,19
VT,2014,2,-0.006712775,-0.006712775,20
VT,2014,2,-0.00509964,-0.00509964,21
VT,2014,2,-0.01115213,-0.01115213,22
VT,2014,2,0.00192682,0.00192682,23
VT,2014,2,-0.018321234,-0.018321234,24
VT,2014,2,0.00427074,0.00427074,25
VT,2014,2,-0.00864494,-0.00864494,26
VT,2014,2,-0.001219287,-0.001219287,27
VT,2014,2,0.000204652,0.000204652,28
VT,2014,2,-0.006619475,-0.006619475,29
VT,2014,2,-0.017014334,-0.017014334,30
VT,2014,2,-0.013894522,-0.013894522,31
VT,2014,2,-0.002658214,-0.002658214,32
VT,2014,2,-0.005665565,-0.005665565,33
VT,2014,2,-0.012631913,-0.012631913,34
VT,2014,2,-0.003070547,-0.003070547,35
VT,2014,2,0.000833967,0.000833967,36
VT,2014,2,-0.031908452,-0.031908452,37
VT,2014,2,-0.013013659,-0.013013659,38
VT,2014,2,-0.000391596,-0.000391596,39
VT,2014,2,-0.005478311,-0.005478311,40
VT,2014,2,-0.009903159,-0.009903159,41
VT,2014,2,-0.00088909,-0.00088909,42
VT,2014,2,-0.001562911,-0.001562911,43
VT,2014,2,-0.011386794,-0.011386794,44
VT,2014,2,0.000221867,0.000221867,45
VT,2014,2,-0.00300128,-0.00300128,46
VT,2014,2,-0.023618375,-0.023618375,47
VT,2014,2,-0.020162632,-0.020162632,48
VT,2014,2,0.002331677,0.002331677,49
VT,2014,2,-0.010950505,-0.010950505,50
RI,2016,2,-0.002178555,-0.002178555,1
RI,2016,2,-0.010073331,-0.010073331,2
RI,2016,2,0.018430336,0.018430336,3
RI,2016,2,0.010495073,0.010495073,4
RI,2016,2,0.006804537,0.006804537,5
RI,2016,2,-0.004406097,-0.004406097,6
RI,2016,2,0.014866409,0.014866409,7
RI,2016,2,-0.009901577,-0.009901577,8
RI,2016,2,0.001566603,0.001566603,9
RI,2016,2,0.009402721,0.009402721,10
RI,2016,2,-0.01378076,-0.01378076,11
RI,2016,2,-0.000587545,-0.000587545,12
RI,2016,2,0.008301846,0.008301846,13
RI,2016,2,-0.004208183,-0.004208183,14
RI,2016,2,-0.009277909,-0.009277909,15
RI,2016,2,0.002563474,0.002563474,16
RI,2016,2,0.007615928,0.007615928,17
RI,2016,2,0.012424305,0.012424305,18
RI,2016,2,0.008331669,0.008331669,19
RI,2016,2,0.024062571,0.024062571,20
RI,2016,2,0.023512564,0.023512564,21
RI,2016,2,0.008174673,0.008174673,22
RI,2016,2,0.002768278,0.002768278,23
RI,2016,2,0.01912554,0.01912554,24
RI,2016,2,0.016427114,0.016427114,25
RI,2016,2,0.021234561,0.021234561,26
RI,2016,2,0.03276718,0.03276718,27
RI,2016,2,-0.012293369,-0.012293369,28
RI,2016,2,0.018208952,0.018208952,29
RI,2016,2,-0.010555354,-0.010555354,30
RI,2016,2,0.008317321,0.008317321,31
RI,2016,2,0.003370936,0.003370936,32
RI,2016,2,0.027787212,0.027787212,33
RI,2016,2,-0.000783925,-0.000783925,34
RI,2016,2,0.023614375,0.023614375,35
RI,2016,2,0.031738089,0.031738089,36
RI,2016,2,-0.005227318,-0.005227318,37
RI,2016,2,0.012406155,0.012406155,38
RI,2016,2,0.00243436,0.00243436,39
RI,2016,2,0.015114921,0.015114921,40
RI,2016,2,0.008560858,0.008560858,41
RI,2016,2,-0.00820937,-0.00820937,42
RI,2016,2,0.025203703,0.025203703,43
RI,2016,2,0.019020311,0.019020311,44
RI,2016,2,-0.009549434,-0.009549434,45
RI,2016,2,0.004059833,0.004059833,46
RI,2016,2,-0.006087695,-0.006087695,47
RI,2016,2,0.011954513,0.011954513,48
RI,2016,2,0.010773038,0.010773038,49
RI,2016,2,-0.008525707,-0.008525707,50
CT,2014,2,-0.023230823,-0.029461492,1
CT,2014,2,-0.019721996,-0.026208067,2
CT,2014,2,-0.015166101,-0.022541765,3
CT,2014,2,-0.01411307,-0.02181283,4
CT,2014,2,-0.013410504,-0.01846377,5
CT,2014,2,-0.01928227,-0.025767076,6
CT,2014,2,-0.013490559,-0.02005688,7
CT,2014,2,-0.01615673,-0.022684076,8
CT,2014,2,-0.004428523,-0.012641202,9
CT,2014,2,-0.019925093,-0.026204287,10
CT,2014,2,-0.021628012,-0.02768447,11
CT,2014,2,-0.007936737,-0.017029664,12
CT,2014,2,-0.007315574,-0.01590704,13
CT,2014,2,-0.008121001,-0.015627139,14
CT,2014,2,-0.009835241,-0.01791294,15
CT,2014,2,-0.01757336,-0.0241102,16
CT,2014,2,-0.016146135,-0.022080303,17
CT,2014,2,-0.007493724,-0.014654373,18
CT,2014,2,-0.017534927,-0.023643825,19
CT,2014,2,-0.005060358,-0.011832417,20
CT,2014,2,-0.009733556,-0.016377303,21
CT,2014,2,-0.020711705,-0.026488658,22
CT,2014,2,-0.013756174,-0.020914419,23
CT,2014,2,-0.01475706,-0.021584143,24
CT,2014,2,-0.017661397,-0.023362422,25
CT,2014,2,-0.009682716,-0.018529996,26
CT,2014,2,-0.016630446,-0.023655717,27
CT,2014,2,-0.012450051,-0.019393397,28
CT,2014,2,-0.009706711,-0.017362178,29
CT,2014,2,-0.015506875,-0.02124971,30
CT,2014,2,-0.007868416,-0.01604371,31
CT,2014,2,-0.009467552,-0.016409246,32
CT,2014,2,-0.019082898,-0.023739058,33
CT,2014,2,-0.010825551,-0.019952058,34
CT,2014,2,-0.018051126,-0.024260445,35
CT,2014,2,-0.003721261,-0.011814775,36
CT,2014,2,-0.008775809,-0.013840412,37
CT,2014,2,-0.011735438,-0.019735451,38
CT,2014,2,-0.015100927,-0.021231695,39
CT,2014,2,-0.006932626,-0.01407483,40
CT,2014,2,-0.006210122,-0.014633415,41
CT,2014,2,-0.015905734,-0.022737596,42
CT,2014,2,-0.007323235,-0.014440732,43
CT,2014,2,-0.010644341,-0.016471662,44
CT,2014,2,-0.010713239,-0.018259233,45
CT,2014,2,-0.016026101,-0.022966586,46
CT,2014,2,-0.013818452,-0.020692438,47
CT,2014,2,-0.016124518,-0.023790206,48
CT,2014,2,-0.017288442,-0.022035342,49
CT,2014,2,-0.011951455,-0.018038432,50
MA,2014,1,-0.039331231,-0.039331231,1
MA,2014,1,-0.047720871,-0.047720871,2
MA,2014,1,-0.060130449,-0.060130449,3
MA,2014,1,-0.03362297,-0.03362297,4
MA,2014,1,-0.058075858,-0.058075858,5
MA,2014,1,-0.049332857,-0.049332857,6
MA,2014,1,-0.05519257,-0.05519257,7
MA,2014,1,-0.051638954,-0.051638954,8
MA,2014,1,-0.047475469,-0.047475469,9
MA,2014,1,-0.042607677,-0.042607677,10
MA,2014,1,-0.056425927,-0.056425927,11
MA,2014,1,-0.047288987,-0.047288987,12
MA,2014,1,-0.029630203,-0.029630203,13
MA,2014,1,-0.053532311,-0.053532311,14
MA,2014,1,-0.045645473,-0.045645473,15
MA,2014,1,-0.048126521,-0.048126521,16
MA,2014,1,-0.053042569,-0.053042569,17
MA,2014,1,-0.033716526,-0.033716526,18
MA,2014,1,-0.054309028,-0.054309028,19
MA,2014,1,-0.040312339,-0.040312339,20
MA,2014,1,-0.050648086,-0.050648086,21
MA,2014,1,-0.060445579,-0.060445579,22
MA,2014,1,-0.032879602,-0.032879602,23
MA,2014,1,-0.062404148,-0.062404148,24
MA,2014,1,-0.047804376,-0.047804376,25
MA,2014,1,-0.021982068,-0.021982068,26
MA,2014,1,-0.059663449,-0.059663449,27
MA,2014,1,-0.057086347,-0.057086347,28
MA,2014,1,-0.047115987,-0.047115987,29
MA,2014,1,-0.039682267,-0.039682267,30
MA,2014,1,-0.046000623,-0.046000623,31
MA,2014,1,-0.043916759,-0.043916759,32
MA,2014,1,-0.032414829,-0.032414829,33
MA,2014,1,-0.056543601,-0.056543601,34
MA,2014,1,-0.033629191,-0.033629191,35
MA,2014,1,-0.063497738,-0.063497738,36
MA,2014,1,-0.042244346,-0.042244346,37
MA,2014,1,-0.06412762,-0.06412762,38
MA,2014,1,-0.043624406,-0.043624406,39
MA,2014,1,-0.059392332,-0.059392332,40
MA,2014,1,-0.03486305,-0.03486305,41
MA,2014,1,-0.032860589,-0.032860589,42
MA,2014,1,-0.05201425,-0.05201425,43
MA,2014,1,-0.043254127,-0.043254127,44
MA,2014,1,-0.03417992,-0.03417992,45
MA,2014,1,-0.057967889,-0.057967889,46
MA,2014,1,-0.053565084,-0.053565084,47
MA,2014,1,-0.040648793,-0.040648793,48
MA,2014,1,-0.052218699,-0.052218699,49
MA,2014,1,-0.042947377,-0.042947377,50
CA,2016,1,0.013649317,0.014487812,1
CA,2016,1,0.012754716,0.014330096,2
CA,2016,1,0.005158943,0.005882113,3
CA,2016,1,0.014997337,0.016433142,4
CA,2016,1,0.007767136,0.009144821,5
CA,2016,1,0.017113936,0.017997513,6
CA,2016,1,0.003426892,0.004808329,7
CA,2016,1,0.015029835,0.017214263,8
CA,2016,1,0.016387558,0.018034308,9
CA,2016,1,0.0069283,0.008588681,10
CA,2016,1,0.010736701,0.012442891,11
CA,2016,1,0.012923157,0.014686899,12
CA,2016,1,0.012365711,0.01407007,13
CA,2016,1,0.016765768,0.018507103,14
CA,2016,1,0.003046622,0.00442519,15
CA,2016,1,0.010265223,0.011097382,16
CA,2016,1,0.01015914,0.011643,17
CA,2016,1,0.008143998,0.009346791,18
CA,2016,1,0.00829352,0.009513621,19
CA,2016,1,0.009863708,0.011570201,20
CA,2016,1,0.010354684,0.01148955,21
CA,2016,1,0.008879026,0.010684898,22
CA,2016,1,0.009487111,0.011005112,23
CA,2016,1,0.01119898,0.01221246,24
CA,2016,1,0.014247092,0.015692339,25
CA,2016,1,0.008781894,0.009636986,26
CA,2016,1,0.017095751,0.018540743,27
CA,2016,1,0.011935918,0.013525659,28
CA,2016,1,0.011243121,0.012359563,29
CA,2016,1,0.011781326,0.013653935,30
CA,2016,1,0.011154344,0.012183513,31
CA,2016,1,0.011097835,0.011869597,32
CA,2016,1,0.012706781,0.014602753,33
CA,2016,1,0.009101143,0.009999538,34
CA,2016,1,0.007569604,0.009298425,35
CA,2016,1,0.0107309,0.012366913,36
CA,2016,1,0.008918203,0.01035373,37
CA,2016,1,0.010542493,0.012166792,38
CA,2016,1,0.001801219,0.003430613,39
CA,2016,1,0.009093395,0.010078818,40
CA,2016,1,0.009537924,0.010553553,41
CA,2016,1,0.007870105,0.008823183,42
CA,2016,1,0.012243337,0.012620947,43
CA,2016,1,0.014085064,0.01569909,44
CA,2016,1,0.012557257,0.014380357,45
CA,2016,1,0.016388707,0.017158571,46
CA,2016,1,0.006839893,0.007950925,47
CA,2016,1,0.016597523,0.01790185,48
CA,2016,1,0.017513431,0.018794814,49
CA,2016,1,0.002592033,0.004198847,50
VT,2014,1,-0.004081754,-0.004081754,1
VT,2014,1,-0.011370006,-0.011370006,2
VT,2014,1,-0.008214697,-0.008214697,3
VT,2014,1,-0.001703557,-0.001703557,4
VT,2014,1,-0.005930804,-0.005930804,5
VT,2014,1,0.000426827,0.000426827,6
VT,2014,1,-0.010661238,-0.010661238,7
VT,2014,1,-0.004588471,-0.004588471,8
VT,2014,1,-0.008402047,-0.008402047,9
VT,2014,1,-0.008020414,-0.008020414,10
VT,2014,1,-0.003769897,-0.003769897,11
VT,2014,1,-0.002498956,-0.002498956,12
VT,2014,1,-0.008511402,-0.008511402,13
VT,2014,1,6.77E-05,6.77E-05,14
VT,2014,1,-0.002305892,-0.002305892,15
VT,2014,1,-0.006055884,-0.006055884,16
VT,2014,1,-0.000549276,-0.000549276,17
VT,2014,1,-0.000622644,-0.000622644,18
VT,2014,1,-0.006584984,-0.006584984,19
VT,2014,1,-0.008790214,-0.008790214,20
VT,2014,1,-0.00664231,-0.00664231,21
VT,2014,1,8.03E-05,8.03E-05,22
VT,2014,1,-0.013859082,-0.013859082,23
VT,2014,1,-0.004278313,-0.004278313,24
VT,2014,1,-0.002136201,-0.002136201,25
VT,2014,1,-0.007717236,-0.007717236,26
VT,2014,1,-0.006998667,-0.006998667,27
VT,2014,1,-0.011202708,-0.011202708,28
VT,2014,1,-0.005797879,-0.005797879,29
VT,2014,1,-0.007945904,-0.007945904,30
VT,2014,1,0.000331075,0.000331075,31
VT,2014,1,0.003012344,0.003012344,32
VT,2014,1,-0.004324832,-0.004324832,33
VT,2014,1,-0.013709507,-0.013709507,34
VT,2014,1,-0.003746684,-0.003746684,35
VT,2014,1,-0.009824601,-0.009824601,36
VT,2014,1,-0.001768981,-0.001768981,37
VT,2014,1,-0.007464723,-0.007464723,38
VT,2014,1,-0.009115372,-0.009115372,39
VT,2014,1,-0.005607053,-0.005607053,40
VT,2014,1,-0.009599398,-0.009599398,41
VT,2014,1,-0.007657122,-0.007657122,42
VT,2014,1,-0.003150526,-0.003150526,43
VT,2014,1,0.001490886,0.001490886,44
VT,2014,1,0.004411148,0.004411148,45
VT,2014,1,-0.010466741,-0.010466741,46
VT,2014,1,-0.010730151,-0.010730151,47
VT,2014,1,-0.005495207,-0.005495207,48
VT,2014,1,-0.009243232,-0.009243232,49
VT,2014,1,-0.007094458,-0.007094458,50
RI,2016,1,0.022381033,0.022381033,1
RI,2016,1,0.004745585,0.004745585,2
RI,2016,1,-0.016500885,-0.016500885,3
RI,2016,1,0.037423724,0.037423724,4
RI,2016,1,0.019780745,0.019780745,5
RI,2016,1,0.012117013,0.012117013,6
RI,2016,1,0.005866495,0.005866495,7
RI,2016,1,-0.002111843,-0.002111843,8
RI,2016,1,0.00943184,0.00943184,9
RI,2016,1,0.034872427,0.034872427,10
RI,2016,1,-0.016682162,-0.016682162,11
RI,2016,1,0.016855896,0.016855896,12
RI,2016,1,0.007057466,0.007057466,13
RI,2016,1,0.016184596,0.016184596,14
RI,2016,1,0.007938507,0.007938507,15
RI,2016,1,0.012622165,0.012622165,16
RI,2016,1,0.01459291,0.01459291,17
RI,2016,1,0.008108592,0.008108592,18
RI,2016,1,0.018724933,0.018724933,19
RI,2016,1,0.008218948,0.008218948,20
RI,2016,1,-0.013384918,-0.013384918,21
RI,2016,1,0.035326318,0.035326318,22
RI,2016,1,0.007975295,0.007975295,23
RI,2016,1,0.006737263,0.006737263,24
RI,2016,1,-0.002370303,-0.002370303,25
RI,2016,1,-0.004346067,-0.004346067,26
RI,2016,1,0.009209053,0.009209053,27
RI,2016,1,0.002995187,0.002995187,28
RI,2016,1,-0.000872338,-0.000872338,29
RI,2016,1,-0.00097381,-0.00097381,30
RI,2016,1,0.023228324,0.023228324,31
RI,2016,1,-0.001810546,-0.001810546,32
RI,2016,1,0.017997478,0.017997478,33
RI,2016,1,0.010603795,0.010603795,34
RI,2016,1,-0.005715339,-0.005715339,35
RI,2016,1,0.022098795,0.022098795,36
RI,2016,1,-0.002968531,-0.002968531,37
RI,2016,1,0.019913371,0.019913371,38
RI,2016,1,0.019015568,0.019015568,39
RI,2016,1,0.005398443,0.005398443,40
RI,2016,1,-0.010820804,-0.010820804,41
RI,2016,1,0.013711025,0.013711025,42
RI,2016,1,0.00820144,0.00820144,43
RI,2016,1,0.03255629,0.03255629,44
RI,2016,1,0.002406186,0.002406186,45
RI,2016,1,0.004904607,0.004904607,46
RI,2016,1,0.014720601,0.014720601,47
RI,2016,1,0.00087931,0.00087931,48
RI,2016,1,0.00118923,0.00118923,49
RI,2016,1,0.011808571,0.011808571,50
CT,2014,1,-0.015967792,-0.020685563,1
CT,2014,1,-0.010675096,-0.014209625,2
CT,2014,1,-0.005091103,-0.010490845,3
CT,2014,1,-0.02350368,-0.028325445,4
CT,2014,1,-0.016349229,-0.020231941,5
CT,2014,1,-0.008881317,-0.017414051,6
CT,2014,1,-0.012585245,-0.018917981,7
CT,2014,1,-0.01396769,-0.019725494,8
CT,2014,1,-0.012001051,-0.018681249,9
CT,2014,1,-0.016600647,-0.022082402,10
CT,2014,1,-0.01282435,-0.016148469,11
CT,2014,1,-0.014643698,-0.019932014,12
CT,2014,1,-0.011178933,-0.012584271,13
CT,2014,1,-0.006816,-0.011691954,14
CT,2014,1,-0.004148138,-0.012342331,15
CT,2014,1,-0.009236403,-0.017807326,16
CT,2014,1,-0.015261161,-0.020356555,17
CT,2014,1,-0.000972008,-0.008511068,18
CT,2014,1,-0.013919056,-0.01900569,19
CT,2014,1,-0.004744276,-0.009437507,20
CT,2014,1,-0.010258795,-0.016101408,21
CT,2014,1,-0.009434146,-0.016968641,22
CT,2014,1,-0.008314403,-0.014823948,23
CT,2014,1,-0.016025125,-0.021520105,24
CT,2014,1,-0.009548965,-0.015057039,25
CT,2014,1,-0.012082873,-0.016002912,26
CT,2014,1,-0.015981721,-0.01962055,27
CT,2014,1,-0.004134873,-0.007463173,28
CT,2014,1,-0.005621266,-0.008599161,29
CT,2014,1,-0.013893571,-0.018895539,30
CT,2014,1,-0.0058133,-0.009975109,31
CT,2014,1,-0.015311519,-0.021567624,32
CT,2014,1,-0.014463892,-0.021548864,33
CT,2014,1,-0.012665926,-0.014453109,34
CT,2014,1,-0.008824748,-0.013877922,35
CT,2014,1,-0.008821318,-0.011583613,36
CT,2014,1,-0.009729411,-0.016987516,37
CT,2014,1,-0.009140682,-0.013579363,38
CT,2014,1,-0.011220334,-0.017548725,39
CT,2014,1,-0.015017095,-0.017260172,40
CT,2014,1,-0.0092152,-0.014195096,41
CT,2014,1,-0.012608582,-0.018309144,42
CT,2014,1,-0.003960477,-0.00906101,43
CT,2014,1,0.001565636,-0.006465872,44
CT,2014,1,-0.017469905,-0.022108827,45
CT,2014,1,0.000317526,-0.006306544,46
CT,2014,1,-0.010973461,-0.014905868,47
CT,2014,1,-0.008570857,-0.014023864,48
CT,2014,1,-0.006680129,-0.011485799,49
CT,2014,1,-0.009397666,-0.015607395,50
