"Column Name","Label"
"GEO_ID","Geography"
"NAME","Geographic Area Name"
"POPGROUP","Race/Ethnic Group"
"POPGROUP_LABEL","Population Groups"
"DP2_C0","Number!!SCHOOL ENROLLMENT!!Population 3 years and over enrolled in school"
"DP2_C1","Percent!!SCHOOL ENROLLMENT!!Population 3 years and over enrolled in school"
"DP2_C1A","Annotation of Percent!!SCHOOL ENROLLMENT!!Population 3 years and over enrolled in school"
"DP2_C2","Number!!SCHOOL ENROLLMENT!!Population 3 years and over enrolled in school!!Nursery school, preschool"
"DP2_C3","Percent!!SCHOOL ENROLLMENT!!Population 3 years and over enrolled in school!!Nursery school, preschool"
"DP2_C3A","Annotation of Percent!!SCHOOL ENROLLMENT!!Population 3 years and over enrolled in school!!Nursery school, preschool"
"DP2_C4","Number!!SCHOOL ENROLLMENT!!Population 3 years and over enrolled in school!!Kindergarten"
"DP2_C5","Percent!!SCHOOL ENROLLMENT!!Population 3 years and over enrolled in school!!Kindergarten"
"DP2_C5A","Annotation of Percent!!SCHOOL ENROLLMENT!!Population 3 years and over enrolled in school!!Kindergarten"
"DP2_C6","Number!!SCHOOL ENROLLMENT!!Population 3 years and over enrolled in school!!Elementary school (grades 1-8)"
"DP2_C7","Percent!!SCHOOL ENROLLMENT!!Population 3 years and over enrolled in school!!Elementary school (grades 1-8)"
"DP2_C7A","Annotation of Percent!!SCHOOL ENROLLMENT!!Population 3 years and over enrolled in school!!Elementary school (grades 1-8)"
"DP2_C8","Number!!SCHOOL ENROLLMENT!!Population 3 years and over enrolled in school!!High school (grades 9-12)"
"DP2_C9","Percent!!SCHOOL ENROLLMENT!!Population 3 years and over enrolled in school!!High school (grades 9-12)"
"DP2_C9A","Annotation of Percent!!SCHOOL ENROLLMENT!!Population 3 years and over enrolled in school!!High school (grades 9-12)"
"DP2_C10","Number!!SCHOOL ENROLLMENT!!Population 3 years and over enrolled in school!!College or graduate school"
"DP2_C11","Percent!!SCHOOL ENROLLMENT!!Population 3 years and over enrolled in school!!College or graduate school"
"DP2_C11A","Annotation of Percent!!SCHOOL ENROLLMENT!!Population 3 years and over enrolled in school!!College or graduate school"
"DP2_C12","Number!!EDUCATIONAL ATTAINMENT!!Population 25 years and over"
"DP2_C13","Percent!!EDUCATIONAL ATTAINMENT!!Population 25 years and over"
"DP2_C13A","Annotation of Percent!!EDUCATIONAL ATTAINMENT!!Population 25 years and over"
"DP2_C14","Number!!EDUCATIONAL ATTAINMENT!!Population 25 years and over!!Less than 9th grade"
"DP2_C15","Percent!!EDUCATIONAL ATTAINMENT!!Population 25 years and over!!Less than 9th grade"
"DP2_C15A","Annotation of Percent!!EDUCATIONAL ATTAINMENT!!Population 25 years and over!!Less than 9th grade"
"DP2_C16","Number!!EDUCATIONAL ATTAINMENT!!Population 25 years and over!!9th to 12th grade, no diploma"
"DP2_C17","Percent!!EDUCATIONAL ATTAINMENT!!Population 25 years and over!!9th to 12th grade, no diploma"
"DP2_C17A","Annotation of Percent!!EDUCATIONAL ATTAINMENT!!Population 25 years and over!!9th to 12th grade, no diploma"
"DP2_C18","Number!!EDUCATIONAL ATTAINMENT!!Population 25 years and over!!High school graduate (includes equivalency)"
"DP2_C19","Percent!!EDUCATIONAL ATTAINMENT!!Population 25 years and over!!High school graduate (includes equivalency)"
"DP2_C19A","Annotation of Percent!!EDUCATIONAL ATTAINMENT!!Population 25 years and over!!High school graduate (includes equivalency)"
"DP2_C20","Number!!EDUCATIONAL ATTAINMENT!!Population 25 years and over!!Some college, no degree"
"DP2_C21","Percent!!EDUCATIONAL ATTAINMENT!!Population 25 years and over!!Some college, no degree"
"DP2_C21A","Annotation of Percent!!EDUCATIONAL ATTAINMENT!!Population 25 years and over!!Some college, no degree"
"DP2_C22","Number!!EDUCATIONAL ATTAINMENT!!Population 25 years and over!!Associate degree"
"DP2_C23","Percent!!EDUCATIONAL ATTAINMENT!!Population 25 years and over!!Associate degree"
"DP2_C23A","Annotation of Percent!!EDUCATIONAL ATTAINMENT!!Population 25 years and over!!Associate degree"
"DP2_C24","Number!!EDUCATIONAL ATTAINMENT!!Population 25 years and over!!Bachelor's degree"
"DP2_C25","Percent!!EDUCATIONAL ATTAINMENT!!Population 25 years and over!!Bachelor's degree"
"DP2_C25A","Annotation of Percent!!EDUCATIONAL ATTAINMENT!!Population 25 years and over!!Bachelor's degree"
"DP2_C26","Number!!EDUCATIONAL ATTAINMENT!!Population 25 years and over!!Graduate or professional degree"
"DP2_C27","Percent!!EDUCATIONAL ATTAINMENT!!Population 25 years and over!!Graduate or professional degree"
"DP2_C27A","Annotation of Percent!!EDUCATIONAL ATTAINMENT!!Population 25 years and over!!Graduate or professional degree"
"DP2_C28","Number!!EDUCATIONAL ATTAINMENT!!Population 25 years and over!!Percent high school graduate or higher"
"DP2_C28A","Annotation of Number!!EDUCATIONAL ATTAINMENT!!Population 25 years and over!!Percent high school graduate or higher"
"DP2_E1","Percent!!EDUCATIONAL ATTAINMENT!!Population 25 years and over!!Percent high school graduate or higher"
"DP2_C29","Number!!EDUCATIONAL ATTAINMENT!!Population 25 years and over!!Percent bachelor's degree or higher"
"DP2_C29A","Annotation of Number!!EDUCATIONAL ATTAINMENT!!Population 25 years and over!!Percent bachelor's degree or higher"
"DP2_E2","Percent!!EDUCATIONAL ATTAINMENT!!Population 25 years and over!!Percent bachelor's degree or higher"
"DP2_C30","Number!!MARITAL STATUS!!Population 15 years and over"
"DP2_C31","Percent!!MARITAL STATUS!!Population 15 years and over"
"DP2_C32","Number!!MARITAL STATUS!!Population 15 years and over!!Never married"
"DP2_C33","Percent!!MARITAL STATUS!!Population 15 years and over!!Never married"
"DP2_C34","Number!!MARITAL STATUS!!Population 15 years and over!!Now married, except separated"
"DP2_C35","Percent!!MARITAL STATUS!!Population 15 years and over!!Now married, except separated"
"DP2_C36","Number!!MARITAL STATUS!!Population 15 years and over!!Separated"
"DP2_C37","Percent!!MARITAL STATUS!!Population 15 years and over!!Separated"
"DP2_C38","Number!!MARITAL STATUS!!Population 15 years and over!!Widowed"
"DP2_C39","Percent!!MARITAL STATUS!!Population 15 years and over!!Widowed"
"DP2_C40","Number!!MARITAL STATUS!!Population 15 years and over!!Widowed!!Female"
"DP2_C41","Percent!!MARITAL STATUS!!Population 15 years and over!!Widowed!!Female"
"DP2_C42","Number!!MARITAL STATUS!!Population 15 years and over!!Divorced"
"DP2_C43","Percent!!MARITAL STATUS!!Population 15 years and over!!Divorced"
"DP2_C44","Number!!MARITAL STATUS!!Population 15 years and over!!Divorced!!Female"
"DP2_C45","Percent!!MARITAL STATUS!!Population 15 years and over!!Divorced!!Female"
"DP2_C46","Number!!GRANDPARENTS AS CAREGIVERS!!Grandparent living in household with one or more own grandchildren under 18 years"
"DP2_C47","Percent!!GRANDPARENTS AS CAREGIVERS!!Grandparent living in household with one or more own grandchildren under 18 years"
"DP2_C47A","Annotation of Percent!!GRANDPARENTS AS CAREGIVERS!!Grandparent living in household with one or more own grandchildren under 18 years"
"DP2_C48","Number!!GRANDPARENTS AS CAREGIVERS!!Grandparent living in household with one or more own grandchildren under 18 years!!Grandparent responsible for grandchildren"
"DP2_C49","Percent!!GRANDPARENTS AS CAREGIVERS!!Grandparent living in household with one or more own grandchildren under 18 years!!Grandparent responsible for grandchildren"
"DP2_C49A","Annotation of Percent!!GRANDPARENTS AS CAREGIVERS!!Grandparent living in household with one or more own grandchildren under 18 years!!Grandparent responsible for grandchildren"
"DP2_C50","Number!!VETERAN STATUS!!Civilian population 18 years and over"
"DP2_C51","Percent!!VETERAN STATUS!!Civilian population 18 years and over"
"DP2_C51A","Annotation of Percent!!VETERAN STATUS!!Civilian population 18 years and over"
"DP2_C52","Number!!VETERAN STATUS!!Civilian population 18 years and over!!Civilian veterans"
"DP2_C53","Percent!!VETERAN STATUS!!Civilian population 18 years and over!!Civilian veterans"
"DP2_C53A","Annotation of Percent!!VETERAN STATUS!!Civilian population 18 years and over!!Civilian veterans"
"DP2_C54","Number!!DISABILITY STATUS OF THE CIVILIAN NONINSTITUTIONALIZED POPULATION!!Population 5 to 20 years"
"DP2_C55","Percent!!DISABILITY STATUS OF THE CIVILIAN NONINSTITUTIONALIZED POPULATION!!Population 5 to 20 years"
"DP2_C55A","Annotation of Percent!!DISABILITY STATUS OF THE CIVILIAN NONINSTITUTIONALIZED POPULATION!!Population 5 to 20 years"
"DP2_C56","Number!!DISABILITY STATUS OF THE CIVILIAN NONINSTITUTIONALIZED POPULATION!!Population 5 to 20 years!!With a disability"
"DP2_C57","Percent!!DISABILITY STATUS OF THE CIVILIAN NONINSTITUTIONALIZED POPULATION!!Population 5 to 20 years!!With a disability"
"DP2_C57A","Annotation of Percent!!DISABILITY STATUS OF THE CIVILIAN NONINSTITUTIONALIZED POPULATION!!Population 5 to 20 years!!With a disability"
"DP2_C58","Number!!DISABILITY STATUS OF THE CIVILIAN NONINSTITUTIONALIZED POPULATION!!Population 21 to 64 years"
"DP2_C59","Percent!!DISABILITY STATUS OF THE CIVILIAN NONINSTITUTIONALIZED POPULATION!!Population 21 to 64 years"
"DP2_C59A","Annotation of Percent!!DISABILITY STATUS OF THE CIVILIAN NONINSTITUTIONALIZED POPULATION!!Population 21 to 64 years"
"DP2_C60","Number!!DISABILITY STATUS OF THE CIVILIAN NONINSTITUTIONALIZED POPULATION!!Population 21 to 64 years!!With a disability"
"DP2_C61","Percent!!DISABILITY STATUS OF THE CIVILIAN NONINSTITUTIONALIZED POPULATION!!Population 21 to 64 years!!With a disability"
"DP2_C61A","Annotation of Percent!!DISABILITY STATUS OF THE CIVILIAN NONINSTITUTIONALIZED POPULATION!!Population 21 to 64 years!!With a disability"
"DP2_C62","Number!!DISABILITY STATUS OF THE CIVILIAN NONINSTITUTIONALIZED POPULATION!!Population 21 to 64 years!!With a disability!!Percent employed"
"DP2_C62A","Annotation of Number!!DISABILITY STATUS OF THE CIVILIAN NONINSTITUTIONALIZED POPULATION!!Population 21 to 64 years!!With a disability!!Percent employed"
"DP2_E3","Percent!!DISABILITY STATUS OF THE CIVILIAN NONINSTITUTIONALIZED POPULATION!!Population 21 to 64 years!!With a disability!!Percent employed"
"DP2_C63","Number!!DISABILITY STATUS OF THE CIVILIAN NONINSTITUTIONALIZED POPULATION!!Population 21 to 64 years!!No disability"
"DP2_C64","Percent!!DISABILITY STATUS OF THE CIVILIAN NONINSTITUTIONALIZED POPULATION!!Population 21 to 64 years!!No disability"
"DP2_C64A","Annotation of Percent!!DISABILITY STATUS OF THE CIVILIAN NONINSTITUTIONALIZED POPULATION!!Population 21 to 64 years!!No disability"
"DP2_C65","Number!!DISABILITY STATUS OF THE CIVILIAN NONINSTITUTIONALIZED POPULATION!!Population 21 to 64 years!!No disability!!Percent employed"
"DP2_C65A","Annotation of Number!!DISABILITY STATUS OF THE CIVILIAN NONINSTITUTIONALIZED POPULATION!!Population 21 to 64 years!!No disability!!Percent employed"
"DP2_E4","Percent!!DISABILITY STATUS OF THE CIVILIAN NONINSTITUTIONALIZED POPULATION!!Population 21 to 64 years!!No disability!!Percent employed"
"DP2_C66","Number!!DISABILITY STATUS OF THE CIVILIAN NONINSTITUTIONALIZED POPULATION!!Population 65 years and over"
"DP2_C67","Percent!!DISABILITY STATUS OF THE CIVILIAN NONINSTITUTIONALIZED POPULATION!!Population 65 years and over"
"DP2_C67A","Annotation of Percent!!DISABILITY STATUS OF THE CIVILIAN NONINSTITUTIONALIZED POPULATION!!Population 65 years and over"
"DP2_C68","Number!!DISABILITY STATUS OF THE CIVILIAN NONINSTITUTIONALIZED POPULATION!!Population 65 years and over!!With a disability"
"DP2_C69","Percent!!DISABILITY STATUS OF THE CIVILIAN NONINSTITUTIONALIZED POPULATION!!Population 65 years and over!!With a disability"
"DP2_C69A","Annotation of Percent!!DISABILITY STATUS OF THE CIVILIAN NONINSTITUTIONALIZED POPULATION!!Population 65 years and over!!With a disability"
"DP2_C70","Number!!RESIDENCE IN 1995!!Population 5 years and over"
"DP2_C71","Percent!!RESIDENCE IN 1995!!Population 5 years and over"
"DP2_C72","Number!!RESIDENCE IN 1995!!Population 5 years and over!!Same house in 1995"
"DP2_C73","Percent!!RESIDENCE IN 1995!!Population 5 years and over!!Same house in 1995"
"DP2_C74","Number!!RESIDENCE IN 1995!!Population 5 years and over!!Different house in the U.S. in 1995"
"DP2_C75","Percent!!RESIDENCE IN 1995!!Population 5 years and over!!Different house in the U.S. in 1995"
"DP2_C76","Number!!RESIDENCE IN 1995!!Population 5 years and over!!Different house in the U.S. in 1995!!Same county"
"DP2_C77","Percent!!RESIDENCE IN 1995!!Population 5 years and over!!Different house in the U.S. in 1995!!Same county"
"DP2_C78","Number!!RESIDENCE IN 1995!!Population 5 years and over!!Different house in the U.S. in 1995!!Different county"
"DP2_C79","Percent!!RESIDENCE IN 1995!!Population 5 years and over!!Different house in the U.S. in 1995!!Different county"
"DP2_C80","Number!!RESIDENCE IN 1995!!Population 5 years and over!!Different house in the U.S. in 1995!!Different county!!Same state"
"DP2_C81","Percent!!RESIDENCE IN 1995!!Population 5 years and over!!Different house in the U.S. in 1995!!Different county!!Same state"
"DP2_C82","Number!!RESIDENCE IN 1995!!Population 5 years and over!!Different house in the U.S. in 1995!!Different county!!Different state"
"DP2_C83","Percent!!RESIDENCE IN 1995!!Population 5 years and over!!Different house in the U.S. in 1995!!Different county!!Different state"
"DP2_C84","Number!!RESIDENCE IN 1995!!Population 5 years and over!!Elsewhere in 1995"
"DP2_C85","Percent!!RESIDENCE IN 1995!!Population 5 years and over!!Elsewhere in 1995"
"DP2_C86","Number!!NATIVITY AND PLACE OF BIRTH!!Total population"
"DP2_C87","Percent!!NATIVITY AND PLACE OF BIRTH!!Total population"
"DP2_C88","Number!!NATIVITY AND PLACE OF BIRTH!!Total population!!Native"
"DP2_C89","Percent!!NATIVITY AND PLACE OF BIRTH!!Total population!!Native"
"DP2_C90","Number!!NATIVITY AND PLACE OF BIRTH!!Total population!!Native!!Born in United States"
"DP2_C91","Percent!!NATIVITY AND PLACE OF BIRTH!!Total population!!Native!!Born in United States"
"DP2_C92","Number!!NATIVITY AND PLACE OF BIRTH!!Total population!!Native!!Born in United States!!State of residence"
"DP2_C93","Percent!!NATIVITY AND PLACE OF BIRTH!!Total population!!Native!!Born in United States!!State of residence"
"DP2_C94","Number!!NATIVITY AND PLACE OF BIRTH!!Total population!!Native!!Born in United States!!Different state"
"DP2_C95","Percent!!NATIVITY AND PLACE OF BIRTH!!Total population!!Native!!Born in United States!!Different state"
"DP2_C96","Number!!NATIVITY AND PLACE OF BIRTH!!Total population!!Native!!Born outside United States"
"DP2_C97","Percent!!NATIVITY AND PLACE OF BIRTH!!Total population!!Native!!Born outside United States"
"DP2_C98","Number!!NATIVITY AND PLACE OF BIRTH!!Total population!!Foreign born"
"DP2_C99","Percent!!NATIVITY AND PLACE OF BIRTH!!Total population!!Foreign born"
"DP2_C100","Number!!NATIVITY AND PLACE OF BIRTH!!Total population!!Foreign born!!Entered 1990 to March 2000"
"DP2_C101","Percent!!NATIVITY AND PLACE OF BIRTH!!Total population!!Foreign born!!Entered 1990 to March 2000"
"DP2_C102","Number!!NATIVITY AND PLACE OF BIRTH!!Total population!!Foreign born!!Naturalized citizen"
"DP2_C103","Percent!!NATIVITY AND PLACE OF BIRTH!!Total population!!Foreign born!!Naturalized citizen"
"DP2_C104","Number!!NATIVITY AND PLACE OF BIRTH!!Total population!!Foreign born!!Not a citizen"
"DP2_C105","Percent!!NATIVITY AND PLACE OF BIRTH!!Total population!!Foreign born!!Not a citizen"
"DP2_C106","Number!!REGION OF BIRTH OF FOREIGN BORN!!Total (excluding born at sea)"
"DP2_C107","Percent!!REGION OF BIRTH OF FOREIGN BORN!!Total (excluding born at sea)"
"DP2_C107A","Annotation of Percent!!REGION OF BIRTH OF FOREIGN BORN!!Total (excluding born at sea)"
"DP2_C108","Number!!REGION OF BIRTH OF FOREIGN BORN!!Total (excluding born at sea)!!Europe"
"DP2_C109","Percent!!REGION OF BIRTH OF FOREIGN BORN!!Total (excluding born at sea)!!Europe"
"DP2_C109A","Annotation of Percent!!REGION OF BIRTH OF FOREIGN BORN!!Total (excluding born at sea)!!Europe"
"DP2_C110","Number!!REGION OF BIRTH OF FOREIGN BORN!!Total (excluding born at sea)!!Asia"
"DP2_C111","Percent!!REGION OF BIRTH OF FOREIGN BORN!!Total (excluding born at sea)!!Asia"
"DP2_C111A","Annotation of Percent!!REGION OF BIRTH OF FOREIGN BORN!!Total (excluding born at sea)!!Asia"
"DP2_C112","Number!!REGION OF BIRTH OF FOREIGN BORN!!Total (excluding born at sea)!!Africa"
"DP2_C113","Percent!!REGION OF BIRTH OF FOREIGN BORN!!Total (excluding born at sea)!!Africa"
"DP2_C113A","Annotation of Percent!!REGION OF BIRTH OF FOREIGN BORN!!Total (excluding born at sea)!!Africa"
"DP2_C114","Number!!REGION OF BIRTH OF FOREIGN BORN!!Total (excluding born at sea)!!Oceania"
"DP2_C115","Percent!!REGION OF BIRTH OF FOREIGN BORN!!Total (excluding born at sea)!!Oceania"
"DP2_C115A","Annotation of Percent!!REGION OF BIRTH OF FOREIGN BORN!!Total (excluding born at sea)!!Oceania"
"DP2_C116","Number!!REGION OF BIRTH OF FOREIGN BORN!!Total (excluding born at sea)!!Latin America"
"DP2_C117","Percent!!REGION OF BIRTH OF FOREIGN BORN!!Total (excluding born at sea)!!Latin America"
"DP2_C117A","Annotation of Percent!!REGION OF BIRTH OF FOREIGN BORN!!Total (excluding born at sea)!!Latin America"
"DP2_C118","Number!!REGION OF BIRTH OF FOREIGN BORN!!Total (excluding born at sea)!!Northern America"
"DP2_C119","Percent!!REGION OF BIRTH OF FOREIGN BORN!!Total (excluding born at sea)!!Northern America"
"DP2_C119A","Annotation of Percent!!REGION OF BIRTH OF FOREIGN BORN!!Total (excluding born at sea)!!Northern America"
"DP2_C120","Number!!LANGUAGE SPOKEN AT HOME!!Population 5 years and over"
"DP2_C121","Percent!!LANGUAGE SPOKEN AT HOME!!Population 5 years and over"
"DP2_C122","Number!!LANGUAGE SPOKEN AT HOME!!Population 5 years and over!!English only"
"DP2_C123","Percent!!LANGUAGE SPOKEN AT HOME!!Population 5 years and over!!English only"
"DP2_C124","Number!!LANGUAGE SPOKEN AT HOME!!Population 5 years and over!!Language other than English"
"DP2_C125","Percent!!LANGUAGE SPOKEN AT HOME!!Population 5 years and over!!Language other than English"
"DP2_C126","Number!!LANGUAGE SPOKEN AT HOME!!Population 5 years and over!!Language other than English!!Speak English less than "very well""
"DP2_C127","Percent!!LANGUAGE SPOKEN AT HOME!!Population 5 years and over!!Language other than English!!Speak English less than "very well""
"DP2_C128","Number!!LANGUAGE SPOKEN AT HOME!!Population 5 years and over!!Language other than English!!Spanish"
"DP2_C129","Percent!!LANGUAGE SPOKEN AT HOME!!Population 5 years and over!!Language other than English!!Spanish"
"DP2_C130","Number!!LANGUAGE SPOKEN AT HOME!!Population 5 years and over!!Language other than English!!Spanish!!Speak English less than "very well""
"DP2_C131","Percent!!LANGUAGE SPOKEN AT HOME!!Population 5 years and over!!Language other than English!!Spanish!!Speak English less than "very well""
"DP2_C132","Number!!LANGUAGE SPOKEN AT HOME!!Population 5 years and over!!Language other than English!!Other Indo-European languages"
"DP2_C133","Percent!!LANGUAGE SPOKEN AT HOME!!Population 5 years and over!!Language other than English!!Other Indo-European languages"
"DP2_C134","Number!!LANGUAGE SPOKEN AT HOME!!Population 5 years and over!!Language other than English!!Other Indo-European languages!!Speak English less than "very well""
"DP2_C135","Percent!!LANGUAGE SPOKEN AT HOME!!Population 5 years and over!!Language other than English!!Other Indo-European languages!!Speak English less than "very well""
"DP2_C136","Number!!LANGUAGE SPOKEN AT HOME!!Population 5 years and over!!Language other than English!!Asian and Pacific Island languages"
"DP2_C137","Percent!!LANGUAGE SPOKEN AT HOME!!Population 5 years and over!!Language other than English!!Asian and Pacific Island languages"
"DP2_C138","Number!!LANGUAGE SPOKEN AT HOME!!Population 5 years and over!!Language other than English!!Asian and Pacific Island languages!!Speak English less than "very well""
"DP2_C139","Percent!!LANGUAGE SPOKEN AT HOME!!Population 5 years and over!!Language other than English!!Asian and Pacific Island languages!!Speak English less than "very well""
