"sample_size","ban_year","power_low","power_high","specification","year","state_id","actual_treatment_effect","mean_effect","reg_effect"
9,2014,-6.63538176593762,6.67730686439796,"State",2014,"MA",-0.104628541148221,0.0709745925710785,0.098
10,2016,-9.04841589008507,12.8688355503446,"State",2016,"CA",0.0243471459944466,0.120189575112896,0.185
3,2014,-5.90232701720536,7.55081438894208,"State",2014,"CT",-0.0497747559564714,0.0717478661805147,NA
10,2016,-8.86427237973679,10.9376226161054,"State",2016,"RI",-0.0171714281922461,0.037749827713331,NA
8,2014,-6.69864816528939,7.10868800020752,"State",2014,"VT",-0.0132520181371913,0.0812581992747443,0.0719932457125771
4,2016,-21.7829826645674,30.2081365858182,"County",2016,"Boulder, CO",0.00133081712093229,0.219724527786317,NA
6,2015,-21.9108453565433,28.8437021566375,"County",2015,"Seattle, WA",-0.135030100331972,0.269120773111826,NA
4,2009,-9.9670504084438,24.7282715497046,"County",2009,"San Francisco, CA",0.0125476624781709,0.362,NA
8,2015,-3.89525044873581,2.0813141729571,"State Pooled",2015,"All States",-0.0249297243748455,0.076384012170513,NA
