"county_id","actual_treatment_effect","seed"
"CA",5.30529758972727,1
"CT",-2.45910878455721,1
"MA",-8.07463442240857,1
"RI",-2.48296430532479,1
"VT",-1.20449427347055,1
"All",-1.66684453689215,1
"CA",5.3883585716714,2
"CT",-1.26816601123916,2
"MA",-9.26922582045795,2
"RI",-3.02196262975052,2
"VT",-1.20449427347055,2
"All",-1.77785371812474,2
"CA",4.84680548759074,3
"CT",-2.45910878455721,3
"MA",-8.41531235369697,3
"RI",-3.02196262975053,3
"VT",-3.10752690920888,3
"All",-1.66684453689216,3
"CA",4.93412957938535,4
"CT",-2.45910878455721,4
"MA",-9.27374879959039,4
"RI",-2.25477881108135,4
"VT",-1.20449427347055,4
"All",-1.66684453689215,4
"CA",5.3883585716714,5
"CT",-5.42886028312409,5
"MA",-9.09055553281494,5
"RI",-3.45042817302629,5
"VT",-0.956673365612755,5
"All",-1.66684453689216,5
"CA",5.3883585716714,6
"CT",-2.03318458517489,6
"MA",-8.41531235369697,6
"RI",-2.48296430532479,6
"VT",-3.10752690920888,6
"All",-1.66684453689216,6
"CA",4.84680548759074,7
"CT",-2.4591087845572,7
"MA",-9.27374879959039,7
"RI",-3.59864720353362,7
"VT",-1.3568943748536,7
"All",-1.66684453689215,7
"CA",5.46091910149251,8
"CT",-2.45910878455721,8
"MA",-9.6300704786715,8
"RI",-3.02196262975052,8
"VT",-1.90369882298395,8
"All",-1.93414726102554,8
"CA",5.46091910149252,9
"CT",-2.45910878455721,9
"MA",-8.41531235369697,9
"RI",-2.48296430532481,9
"VT",-0.956673365612762,9
"All",-1.66684453689216,9
"CA",5.46091910149251,10
"CT",-2.45910878455721,10
"MA",-9.31415403808646,10
"RI",-2.25477881108135,10
"VT",-1.35689437485362,10
"All",-2.43544358054593,10
"CA",5.38835857167141,11
"CT",-2.45910878455721,11
"MA",-9.09055553281494,11
"RI",-3.45042817302629,11
"VT",-2.24735617045715,11
"All",-1.68215357039581,11
"CA",2.29615029326724,12
"CT",-2.45910878455721,12
"MA",-11.6329937636503,12
"RI",-2.48296430532481,12
"VT",-0.956673365612755,12
"All",-1.52505511661264,12
"CA",5.66597215990411,13
"CT",-2.45910878455721,13
"MA",-9.4483147877503,13
"RI",-2.48296430532479,13
"VT",-0.956673365612762,13
"All",-1.97052755651903,13
"CA",2.69483244795705,14
"CT",-5.4288602831241,14
"MA",-8.07463442240858,14
"RI",-2.79629554691075,14
"VT",-2.24735617045715,14
"All",-1.88367560785746,14
"CA",5.66597215990411,15
"CT",-2.45910878455721,15
"MA",-9.09055553281494,15
"RI",-2.48296430532479,15
"VT",-0.956673365612762,15
"All",-1.66684453689215,15
"CA",2.15136673316163,16
"CT",-2.45910878455721,16
"MA",-10.2875842125421,16
"RI",-3.5986472035336,16
"VT",-3.10752690920887,16
"All",-1.66684453689215,16
"CA",5.6327160303621,17
"CT",-2.45910878455721,17
"MA",-9.26922582045795,17
"RI",-3.02196262975053,17
"VT",-2.24735617045715,17
"All",-2.22104706367313,17
"CA",5.46091910149251,18
"CT",-2.45910878455721,18
"MA",-9.09055553281494,18
"RI",-3.02196262975052,18
"VT",-1.20449427347055,18
"All",-1.66684453689216,18
"CA",4.93412957938535,19
"CT",-5.4288602831241,19
"MA",-9.09055553281494,19
"RI",-2.33129195318225,19
"VT",-0.956673365612762,19
"All",-1.79312820881285,19
"CA",4.93412957938535,20
"CT",-2.45910878455721,20
"MA",-9.27374879959039,20
"RI",-3.5986472035336,20
"VT",-0.294843167721223,20
"All",-1.66684453689216,20
"CA",5.30529758972727,21
"CT",-5.4288602831241,21
"MA",-9.31415403808646,21
"RI",-2.33129195318225,21
"VT",-0.956673365612755,21
"All",-1.66684453689216,21
"CA",4.84680548759074,22
"CT",-5.4288602831241,22
"MA",-9.49194736045691,22
"RI",-2.48296430532479,22
"VT",-2.24735617045714,22
"All",-1.97052755651903,22
"CA",5.6327160303621,23
"CT",-2.45910878455721,23
"MA",-10.2875842125421,23
"RI",-2.48296430532481,23
"VT",-1.20449427347055,23
"All",-1.79312820881286,23
"CA",4.84680548759074,24
"CT",-5.4288602831241,24
"MA",-8.41531235369697,24
"RI",-2.94652821475556,24
"VT",-0.29484316772124,24
"All",-1.82961319006588,24
"CA",2.69483244795706,25
"CT",-5.42886028312409,25
"MA",-9.27374879959039,25
"RI",-2.48296430532479,25
"VT",-0.85345211571731,25
"All",-1.66684453689216,25
"CA",4.84680548759074,26
"CT",-2.45910878455721,26
"MA",-9.09055553281494,26
"RI",-3.45042817302629,26
"VT",-2.24735617045715,26
"All",-1.91891660871019,26
"CA",4.93412957938535,27
"CT",-2.45910878455721,27
"MA",-9.4919473604569,27
"RI",-2.48296430532479,27
"VT",-2.23273745603288,27
"All",-1.82961319006589,27
"CA",4.93412957938535,28
"CT",-1.26816601123916,28
"MA",-9.48671508360365,28
"RI",-3.02196262975053,28
"VT",-2.23273745603288,28
"All",-2.22104706367313,28
"CA",5.46091910149251,29
"CT",-5.4288602831241,29
"MA",-9.27374879959039,29
"RI",-2.33129195318225,29
"VT",-1.20449427347055,29
"All",-1.66684453689216,29
"CA",5.3883585716714,30
"CT",-2.45910878455721,30
"MA",-9.31415403808646,30
"RI",-2.91619521924982,30
"VT",-3.10752690920887,30
"All",-1.66684453689216,30
"CA",5.3883585716714,31
"CT",-2.45910878455721,31
"MA",-9.09055553281494,31
"RI",-2.33129195318225,31
"VT",-2.24735617045715,31
"All",-1.66684453689215,31
"CA",5.46091910149251,32
"CT",-1.26816601123916,32
"MA",-9.09055553281494,32
"RI",-3.59864720353362,32
"VT",-1.35689437485362,32
"All",-1.66684453689216,32
"CA",5.46091910149251,33
"CT",-2.45910878455721,33
"MA",-9.4483147877503,33
"RI",-3.70702536832313,33
"VT",-0.956673365612755,33
"All",-1.52505511661264,33
"CA",5.3883585716714,34
"CT",-2.45910878455721,34
"MA",-10.6495058212162,34
"RI",-2.48296430532479,34
"VT",-0.294843167721223,34
"All",-1.52505511661264,34
"CA",5.60799242179393,35
"CT",-5.4288602831241,35
"MA",-9.09055553281494,35
"RI",-4.23261376713311,35
"VT",-0.956673365612762,35
"All",-1.68215357039581,35
"CA",4.84680548759074,36
"CT",-1.26816601123916,36
"MA",-8.41531235369697,36
"RI",-2.48296430532479,36
"VT",-0.956673365612755,36
"All",-2.01403114791608,36
"CA",5.46091910149251,37
"CT",-1.26816601123916,37
"MA",-10.2875842125421,37
"RI",-3.59864720353362,37
"VT",-2.24735617045714,37
"All",-1.68215357039581,37
"CA",5.66597215990411,38
"CT",-5.42886028312409,38
"MA",-9.4483147877503,38
"RI",-2.79629554691075,38
"VT",-0.956673365612762,38
"All",-1.66684453689216,38
"CA",2.69483244795706,39
"CT",-2.45910878455721,39
"MA",-9.30068235338621,39
"RI",-2.33129195318225,39
"VT",-2.23273745603287,39
"All",-2.24139986296412,39
"CA",2.69483244795706,40
"CT",-2.45910878455721,40
"MA",-10.6495058212162,40
"RI",-3.02196262975053,40
"VT",-0.956673365612762,40
"All",-1.77785371812474,40
"CA",5.46091910149251,41
"CT",-2.45910878455721,41
"MA",-8.07463442240858,41
"RI",-2.48296430532479,41
"VT",-3.10752690920887,41
"All",-1.66684453689216,41
"CA",2.1925081199697,42
"CT",-2.45910878455721,42
"MA",-9.27374879959039,42
"RI",-3.02196262975052,42
"VT",-2.24735617045715,42
"All",-2.38113538795931,42
"CA",5.65961754842236,43
"CT",-2.45910878455721,43
"MA",-8.41531235369697,43
"RI",-2.48296430532479,43
"VT",-0.956673365612755,43
"All",-1.52505511661264,43
"CA",4.84680548759074,44
"CT",-5.4288602831241,44
"MA",-9.4919473604569,44
"RI",-2.48296430532479,44
"VT",-0.956673365612762,44
"All",-1.98574218534466,44
"CA",5.46091910149251,45
"CT",-1.26816601123916,45
"MA",-9.4483147877503,45
"RI",-2.48296430532479,45
"VT",-1.20449427347055,45
"All",-1.66684453689216,45
"CA",5.3883585716714,46
"CT",-2.45910878455721,46
"MA",-9.09055553281494,46
"RI",-2.48296430532479,46
"VT",-2.24735617045714,46
"All",-1.66684453689215,46
"CA",4.84680548759074,47
"CT",-5.42886028312409,47
"MA",-8.41531235369697,47
"RI",-2.48296430532479,47
"VT",-2.24735617045715,47
"All",-1.66684453689216,47
"CA",2.1925081199697,48
"CT",-1.26816601123916,48
"MA",-9.31415403808646,48
"RI",-3.78128268067677,48
"VT",-0.956673365612762,48
"All",-1.52505511661265,48
"CA",5.6327160303621,49
"CT",-2.45910878455721,49
"MA",-8.07463442240858,49
"RI",-3.59864720353362,49
"VT",-2.24735617045714,49
"All",-1.66684453689215,49
"CA",5.30529758972727,50
"CT",-2.45910878455721,50
"MA",-9.27374879959039,50
"RI",-2.48296430532479,50
"VT",-2.24735617045715,50
"All",-1.98574218534466,50
"CA",4.84680548759074,51
"CT",-2.45910878455721,51
"MA",-9.30068235338621,51
"RI",-3.45042817302629,51
"VT",-2.24735617045715,51
"All",-1.66684453689216,51
"CA",4.84680548759074,52
"CT",-5.42886028312409,52
"MA",-8.5966440508037,52
"RI",-2.48296430532479,52
"VT",-0.956673365612762,52
"All",-1.94937318385085,52
"CA",4.84680548759074,53
"CT",-2.45910878455721,53
"MA",-8.07463442240858,53
"RI",-3.02196262975053,53
"VT",-0.7193786000114,53
"All",-1.66684453689215,53
"CA",2.69483244795705,54
"CT",-2.45910878455721,54
"MA",-8.07463442240858,54
"RI",-3.45042817302629,54
"VT",-0.956673365612755,54
"All",-1.68215357039581,54
"CA",2.29615029326724,55
"CT",-2.45910878455721,55
"MA",-9.30068235338621,55
"RI",-3.59864720353362,55
"VT",-0.956673365612755,55
"All",-2.47853559958758,55
"CA",4.84680548759074,56
"CT",-5.4288602831241,56
"MA",-9.09055553281494,56
"RI",-2.33129195318225,56
"VT",-0.956673365612762,56
"All",-1.77785371812474,56
"CA",2.15136673316164,57
"CT",-2.45910878455721,57
"MA",-8.5966440508037,57
"RI",-3.78128268067677,57
"VT",-1.90369882298394,57
"All",-2.07600293874631,57
"CA",5.66597215990411,58
"CT",-2.45910878455721,58
"MA",-8.81736581288996,58
"RI",-3.59864720353362,58
"VT",-2.23273745603288,58
"All",-1.95882865618817,58
"CA",2.29615029326724,59
"CT",-2.45910878455721,59
"MA",-7.38415779950914,59
"RI",-3.59864720353362,59
"VT",-2.23273745603287,59
"All",-1.52505511661264,59
"CA",5.46091910149251,60
"CT",-2.45910878455721,60
"MA",-9.09055553281494,60
"RI",-1.01679601194743,60
"VT",-1.35689437485362,60
"All",-1.91891660871019,60
"CA",5.3883585716714,61
"CT",-2.45910878455721,61
"MA",-10.6495058212162,61
"RI",-3.78128268067677,61
"VT",-2.24735617045715,61
"All",-2.3811353879593,61
"CA",2.69483244795706,62
"CT",-2.45910878455721,62
"MA",-9.27374879959039,62
"RI",-3.45042817302629,62
"VT",-1.20449427347055,62
"All",-1.68215357039581,62
"CA",5.3883585716714,63
"CT",-2.45910878455721,63
"MA",-9.27374879959039,63
"RI",-2.48296430532479,63
"VT",-1.35689437485362,63
"All",-1.66684453689216,63
"CA",2.69483244795706,64
"CT",-2.45910878455721,64
"MA",-9.4483147877503,64
"RI",-4.23261376713311,64
"VT",-3.10752690920888,64
"All",-1.5404083275758,64
"CA",2.69483244795706,65
"CT",-5.42886028312409,65
"MA",-9.09055553281494,65
"RI",-2.33129195318225,65
"VT",-3.10752690920888,65
"All",-1.52505511661265,65
"CA",5.46091910149251,66
"CT",-5.42886028312409,66
"MA",-9.09055553281494,66
"RI",-2.48296430532479,66
"VT",-1.20449427347055,66
"All",-1.66684453689216,66
"CA",4.84680548759074,67
"CT",-2.45910878455721,67
"MA",-8.41531235369697,67
"RI",-3.78128268067677,67
"VT",-1.20449427347055,67
"All",-1.66684453689216,67
"CA",2.69483244795706,68
"CT",-2.45910878455721,68
"MA",-8.5966440508037,68
"RI",-3.02196262975053,68
"VT",-1.20449427347055,68
"All",-2.22104706367313,68
"CA",5.3883585716714,69
"CT",-2.45910878455721,69
"MA",-8.41531235369697,69
"RI",-3.02196262975053,69
"VT",-0.956673365612762,69
"All",-1.98574218534465,69
"CA",4.84680548759074,70
"CT",-2.45910878455721,70
"MA",-9.30068235338621,70
"RI",-2.25477881108135,70
"VT",-0.294843167721223,70
"All",-1.66684453689215,70
"CA",5.6327160303621,71
"CT",-2.45910878455721,71
"MA",-8.41531235369697,71
"RI",-3.02196262975052,71
"VT",-1.3568943748536,71
"All",-1.66684453689216,71
"CA",5.46091910149251,72
"CT",-2.45910878455721,72
"MA",-9.27374879959039,72
"RI",-2.48296430532479,72
"VT",-1.20449427347055,72
"All",-2.45051424843134,72
"CA",5.66597215990411,73
"CT",-2.45910878455721,73
"MA",-9.48671508360365,73
"RI",-3.78128268067677,73
"VT",-2.23273745603288,73
"All",-2.09603292504247,73
"CA",5.3883585716714,74
"CT",-2.45910878455721,74
"MA",-8.07463442240858,74
"RI",-3.02196262975052,74
"VT",-2.24735617045715,74
"All",-1.93414726102554,74
"CA",5.6327160303621,75
"CT",-2.45910878455721,75
"MA",-9.25686512921317,75
"RI",-2.48296430532479,75
"VT",-1.20449427347057,75
"All",-1.77297407662991,75
"CA",5.46091910149251,76
"CT",-2.45910878455721,76
"MA",-9.30068235338621,76
"RI",-3.78128268067677,76
"VT",-0.29484316772124,76
"All",-1.66684453689216,76
"CA",5.59312928691739,77
"CT",-2.4591087845572,77
"MA",-9.4483147877503,77
"RI",-3.70702536832313,77
"VT",-3.10752690920889,77
"All",-1.66684453689216,77
"CA",2.69483244795706,78
"CT",-2.45910878455721,78
"MA",-9.4483147877503,78
"RI",-2.48296430532479,78
"VT",-1.20449427347055,78
"All",-1.66684453689215,78
"CA",5.46091910149251,79
"CT",-2.45910878455721,79
"MA",-9.4483147877503,79
"RI",-3.02196262975053,79
"VT",-3.10752690920887,79
"All",-2.59483120646678,79
"CA",5.46091910149251,80
"CT",-1.26816601123917,80
"MA",-9.27374879959039,80
"RI",-3.45042817302629,80
"VT",-1.20449427347055,80
"All",-1.66684453689215,80
"CA",4.84680548759074,81
"CT",-2.45910878455721,81
"MA",-9.44831478775031,81
"RI",-2.33129195318225,81
"VT",-0.956673365612762,81
"All",-1.93414726102554,81
"CA",4.93412957938535,82
"CT",-2.45910878455721,82
"MA",-9.4483147877503,82
"RI",-3.02196262975053,82
"VT",-1.20449427347055,82
"All",-1.97052755651903,82
"CA",5.46091910149251,83
"CT",-5.4288602831241,83
"MA",-8.41531235369697,83
"RI",-2.48296430532479,83
"VT",-1.20449427347055,83
"All",-2.01403114791608,83
"CA",4.93412957938535,84
"CT",-5.4288602831241,84
"MA",-9.31415403808646,84
"RI",-2.33129195318224,84
"VT",-3.10752690920887,84
"All",-1.79312820881286,84
"CA",2.1925081199697,85
"CT",-2.45910878455721,85
"MA",-9.31415403808646,85
"RI",-2.33129195318225,85
"VT",-0.956673365612755,85
"All",-1.97052755651903,85
"CA",4.84680548759073,86
"CT",-4.38259792553737,86
"MA",-9.26922582045795,86
"RI",-3.45042817302629,86
"VT",-0.956673365612762,86
"All",-1.14613464481147,86
"CA",4.84680548759074,87
"CT",-2.45910878455721,87
"MA",-9.27374879959039,87
"RI",-2.94652821475555,87
"VT",-0.956673365612755,87
"All",-1.91891660871018,87
"CA",5.66597215990411,88
"CT",-2.45910878455721,88
"MA",-9.09055553281494,88
"RI",-2.48296430532479,88
"VT",-0.85345211571731,88
"All",-1.66684453689216,88
"CA",4.84680548759074,89
"CT",-2.45910878455721,89
"MA",-9.25686512921318,89
"RI",-2.33129195318225,89
"VT",-3.10752690920888,89
"All",-1.91891660871019,89
"CA",4.93412957938535,90
"CT",-5.4288602831241,90
"MA",-9.49194736045691,90
"RI",-2.33129195318225,90
"VT",-2.24735617045715,90
"All",-1.68215357039581,90
"CA",5.66597215990411,91
"CT",-2.45910878455721,91
"MA",-9.09055553281494,91
"RI",-2.79629554691075,91
"VT",-2.24735617045715,91
"All",-1.68215357039581,91
"CA",5.66597215990411,92
"CT",-2.45910878455721,92
"MA",-8.41531235369697,92
"RI",-2.25477881108135,92
"VT",-0.294843167721223,92
"All",-2.22104706367313,92
"CA",4.84680548759074,93
"CT",-5.42886028312411,93
"MA",-8.5966440508037,93
"RI",-3.45042817302629,93
"VT",-1.20449427347055,93
"All",-1.97052755651903,93
"CA",2.69483244795706,94
"CT",-2.45910878455721,94
"MA",-9.09055553281494,94
"RI",-2.33129195318225,94
"VT",-1.3568943748536,94
"All",-1.66684453689216,94
"CA",5.66597215990411,95
"CT",-5.42886028312409,95
"MA",-9.09055553281494,95
"RI",-2.33129195318225,95
"VT",-2.24735617045715,95
"All",-2.01403114791608,95
"CA",5.3883585716714,96
"CT",-5.42886028312411,96
"MA",-9.30068235338621,96
"RI",-2.48296430532479,96
"VT",-1.20449427347055,96
"All",-1.52505511661265,96
"CA",5.46091910149251,97
"CT",-2.45910878455721,97
"MA",-9.31415403808646,97
"RI",-2.79629554691075,97
"VT",-0.853452115717304,97
"All",-1.91891660871019,97
"CA",4.84680548759074,98
"CT",-1.26816601123916,98
"MA",-9.44831478775031,98
"RI",-2.94652821475555,98
"VT",-1.3568943748536,98
"All",-1.77785371812474,98
"CA",4.84680548759074,99
"CT",-2.45910878455721,99
"MA",-9.30068235338621,99
"RI",-3.02196262975053,99
"VT",-0.294843167721223,99
"All",-2.14980238674334,99
"CA",5.3883585716714,100
"CT",-5.42886028312411,100
"MA",-8.07463442240857,100
"RI",-2.48296430532479,100
"VT",-2.24735617045715,100
"All",-1.79312820881285,100
"CA",5.3883585716714,101
"CT",-2.45910878455721,101
"MA",-9.30068235338621,101
"RI",-2.48296430532479,101
"VT",-1.3568943748536,101
"All",-1.94937318385085,101
"CA",2.69483244795706,102
"CT",-5.42886028312409,102
"MA",-8.5966440508037,102
"RI",-3.45042817302629,102
"VT",-2.02780904973712,102
"All",-2.62956328947666,102
"CA",5.46091910149251,103
"CT",-1.26816601123916,103
"MA",-9.31415403808646,103
"RI",-2.33129195318225,103
"VT",-2.24735617045715,103
"All",-2.22104706367313,103
"CA",4.84680548759074,104
"CT",-2.45910878455721,104
"MA",-9.09055553281494,104
"RI",-2.48296430532479,104
"VT",-3.10752690920888,104
"All",-1.68215357039581,104
"CA",4.84680548759073,105
"CT",-2.45910878455721,105
"MA",-9.09055553281494,105
"RI",-2.33129195318225,105
"VT",-0.956673365612762,105
"All",-1.54040832757579,105
"CA",4.84680548759074,106
"CT",-2.45910878455721,106
"MA",-8.07463442240858,106
"RI",-2.48296430532479,106
"VT",-1.20449427347057,106
"All",-1.66684453689216,106
"CA",4.84680548759074,107
"CT",-2.45910878455721,107
"MA",-9.09055553281494,107
"RI",-3.02196262975053,107
"VT",-2.24735617045715,107
"All",-1.66684453689216,107
"CA",4.84680548759074,108
"CT",-1.26816601123916,108
"MA",-9.27374879959039,108
"RI",-2.91619521924982,108
"VT",-0.956673365612762,108
"All",-1.66684453689216,108
"CA",4.84680548759074,109
"CT",-2.45910878455721,109
"MA",-9.09055553281494,109
"RI",-3.78128268067677,109
"VT",-0.29484316772124,109
"All",-1.66684453689215,109
"CA",2.19250811996968,110
"CT",-5.4288602831241,110
"MA",-10.2875842125421,110
"RI",-2.33129195318225,110
"VT",-1.35689437485362,110
"All",-1.97052755651903,110
"CA",5.46091910149251,111
"CT",-5.4288602831241,111
"MA",-9.09055553281494,111
"RI",-2.48296430532479,111
"VT",-0.956673365612762,111
"All",-1.66684453689216,111
"CA",4.84680548759074,112
"CT",-2.45910878455721,112
"MA",-9.49194736045692,112
"RI",-3.59864720353362,112
"VT",-0.956673365612762,112
"All",-3.04816051297596,112
"CA",4.84680548759074,113
"CT",-2.45910878455721,113
"MA",-9.31415403808646,113
"RI",-2.94652821475555,113
"VT",-2.24735617045715,113
"All",-1.82961319006589,113
"CA",2.29615029326724,114
"CT",-5.42886028312409,114
"MA",-10.6495058212162,114
"RI",-2.94652821475556,114
"VT",-2.24735617045715,114
"All",-1.66684453689216,114
"CA",2.29615029326724,115
"CT",-2.45910878455721,115
"MA",-8.41531235369697,115
"RI",-2.48296430532479,115
"VT",-2.6669065020067,115
"All",-1.66684453689215,115
"CA",2.69483244795705,116
"CT",-5.42886028312411,116
"MA",-9.4483147877503,116
"RI",-3.45042817302629,116
"VT",-3.10752690920887,116
"All",-2.45051424843134,116
"CA",5.3883585716714,117
"CT",-1.26816601123916,117
"MA",-9.4483147877503,117
"RI",-2.33129195318225,117
"VT",-1.20449427347055,117
"All",-1.91891660871018,117
"CA",4.84680548759074,118
"CT",-5.4288602831241,118
"MA",-9.09055553281494,118
"RI",-2.48296430532479,118
"VT",-0.956673365612762,118
"All",-1.66684453689216,118
"CA",4.93412957938535,119
"CT",-2.45910878455721,119
"MA",-9.25686512921318,119
"RI",-2.33129195318225,119
"VT",-1.20449427347055,119
"All",-1.87324191368593,119
"CA",2.69483244795706,120
"CT",-5.42886028312411,120
"MA",-9.44831478775031,120
"RI",-2.48296430532479,120
"VT",-1.20449427347055,120
"All",-2.27957021199506,120
"CA",5.46091910149251,121
"CT",-2.4591087845572,121
"MA",-9.25686512921318,121
"RI",-3.37565910676632,121
"VT",-0.956673365612762,121
"All",-2.01403114791608,121
"CA",5.01660583632776,122
"CT",-5.42886028312409,122
"MA",-10.6495058212162,122
"RI",-3.45042817302629,122
"VT",-1.20449427347055,122
"All",-1.98574218534465,122
"CA",4.84680548759074,123
"CT",-2.45910878455721,123
"MA",-9.27374879959039,123
"RI",-3.59864720353362,123
"VT",-0.956673365612762,123
"All",-1.66684453689216,123
"CA",2.29615029326724,124
"CT",-2.45910878455721,124
"MA",-8.41531235369697,124
"RI",-2.33129195318225,124
"VT",-2.6669065020067,124
"All",-2.24139986296412,124
"CA",5.46091910149251,125
"CT",-5.4288602831241,125
"MA",-9.30068235338621,125
"RI",-3.78128268067677,125
"VT",-0.956673365612762,125
"All",-1.93414726102554,125
"CA",4.84680548759074,126
"CT",-2.45910878455721,126
"MA",-9.09055553281494,126
"RI",-3.45042817302629,126
"VT",-1.60271899162489,126
"All",-1.77785371812474,126
"CA",5.66597215990411,127
"CT",-2.45910878455721,127
"MA",-8.41531235369697,127
"RI",-3.45042817302629,127
"VT",-3.10752690920887,127
"All",-1.66684453689216,127
"CA",4.84680548759074,128
"CT",-2.45910878455721,128
"MA",-9.4483147877503,128
"RI",-2.94652821475555,128
"VT",-3.10752690920888,128
"All",-1.82961319006589,128
"CA",5.46091910149251,129
"CT",-2.45910878455721,129
"MA",-9.30068235338621,129
"RI",-2.79629554691075,129
"VT",-1.35689437485362,129
"All",-1.52505511661265,129
"CA",4.84680548759074,130
"CT",-2.45910878455721,130
"MA",-10.6495058212162,130
"RI",-3.5986472035336,130
"VT",-2.24735617045715,130
"All",-1.88367560785746,130
"CA",2.69483244795706,131
"CT",-2.45910878455721,131
"MA",-9.09055553281494,131
"RI",-2.48296430532479,131
"VT",-1.20449427347055,131
"All",-1.68215357039581,131
"CA",4.84680548759074,132
"CT",-2.45910878455721,132
"MA",-10.6495058212162,132
"RI",-2.25477881108135,132
"VT",-1.20449427347055,132
"All",-1.66684453689216,132
"CA",4.84680548759073,133
"CT",-2.45910878455721,133
"MA",-9.4483147877503,133
"RI",-3.70702536832313,133
"VT",-2.24735617045715,133
"All",-1.66684453689216,133
"CA",5.46091910149251,134
"CT",-2.45910878455721,134
"MA",-8.41531235369697,134
"RI",-2.33129195318225,134
"VT",-0.956673365612762,134
"All",-1.66684453689216,134
"CA",2.69483244795706,135
"CT",-2.45910878455721,135
"MA",-9.09055553281494,135
"RI",-2.48296430532479,135
"VT",-2.24735617045715,135
"All",-1.5404083275758,135
"CA",5.66597215990411,136
"CT",-2.45910878455721,136
"MA",-9.49194736045691,136
"RI",-4.00262098773882,136
"VT",-0.956673365612762,136
"All",-1.97052755651903,136
"CA",4.93412957938535,137
"CT",-2.45910878455721,137
"MA",-9.4483147877503,137
"RI",-3.59864720353362,137
"VT",-2.24735617045714,137
"All",-1.66684453689215,137
"CA",5.46091910149251,138
"CT",-2.45910878455721,138
"MA",-9.31415403808646,138
"RI",-2.33129195318225,138
"VT",-1.35689437485362,138
"All",-2.01403114791609,138
"CA",2.1925081199697,139
"CT",-2.45910878455721,139
"MA",-9.2737487995904,139
"RI",-3.02196262975052,139
"VT",-2.6669065020067,139
"All",-1.82961319006588,139
"CA",5.3883585716714,140
"CT",-2.45910878455721,140
"MA",-8.41531235369697,140
"RI",-2.33129195318225,140
"VT",-1.5936537201762,140
"All",-1.66684453689215,140
"CA",5.3883585716714,141
"CT",-2.45910878455721,141
"MA",-9.09055553281494,141
"RI",-3.02196262975053,141
"VT",-1.60271899162488,141
"All",-1.63975556776222,141
"CA",4.84680548759074,142
"CT",-2.45910878455721,142
"MA",-9.09055553281494,142
"RI",-2.48296430532479,142
"VT",-3.10752690920888,142
"All",-1.97052755651903,142
"CA",5.46091910149251,143
"CT",-4.38259792553737,143
"MA",-8.07463442240858,143
"RI",-2.33129195318225,143
"VT",-0.956673365612755,143
"All",-2.01403114791608,143
"CA",5.46091910149251,144
"CT",-5.4288602831241,144
"MA",-9.30068235338621,144
"RI",-2.48296430532479,144
"VT",-2.24735617045714,144
"All",-1.66684453689216,144
"CA",4.93412957938535,145
"CT",-5.4288602831241,145
"MA",-9.09055553281494,145
"RI",-2.48296430532481,145
"VT",-0.956673365612755,145
"All",-1.91891660871019,145
"CA",2.69483244795706,146
"CT",-2.45910878455721,146
"MA",-9.09055553281494,146
"RI",-3.59864720353362,146
"VT",-2.24735617045715,146
"All",-1.66684453689215,146
"CA",5.46091910149251,147
"CT",-2.45910878455721,147
"MA",-8.41531235369697,147
"RI",-2.48296430532481,147
"VT",-2.23273745603288,147
"All",-1.66684453689215,147
"CA",5.46091910149251,148
"CT",-2.45910878455721,148
"MA",-9.49194736045691,148
"RI",-2.48296430532479,148
"VT",-2.24735617045715,148
"All",-1.77785371812474,148
"CA",2.69483244795706,149
"CT",-2.45910878455721,149
"MA",-9.30068235338621,149
"RI",-2.33129195318225,149
"VT",-2.24735617045714,149
"All",-1.66684453689216,149
"CA",2.69483244795706,150
"CT",-2.45910878455721,150
"MA",-9.30068235338622,150
"RI",-2.48296430532479,150
"VT",-3.10752690920888,150
"All",-1.68215357039581,150
"CA",5.46091910149252,151
"CT",-2.45910878455721,151
"MA",-9.09055553281494,151
"RI",-2.48296430532479,151
"VT",-0.956673365612762,151
"All",-1.88367560785746,151
"CA",4.84680548759074,152
"CT",-5.4288602831241,152
"MA",-9.27374879959039,152
"RI",-2.94652821475555,152
"VT",-2.24735617045714,152
"All",-1.40087995389621,152
"CA",2.52636303379012,153
"CT",-1.26816601123916,153
"MA",-9.09055553281494,153
"RI",-3.59864720353362,153
"VT",-0.29484316772124,153
"All",-2.38113538795932,153
"CA",4.84680548759074,154
"CT",-2.45910878455721,154
"MA",-8.41531235369697,154
"RI",-2.94652821475556,154
"VT",-0.956673365612762,154
"All",-1.87324191368593,154
"CA",4.84680548759074,155
"CT",-2.45910878455721,155
"MA",-9.27374879959039,155
"RI",-2.25477881108135,155
"VT",-3.10752690920888,155
"All",-1.66684453689216,155
"CA",4.84680548759074,156
"CT",-4.38259792553737,156
"MA",-10.6495058212162,156
"RI",-3.02196262975052,156
"VT",-2.24735617045715,156
"All",-1.66684453689215,156
"CA",5.3883585716714,157
"CT",-2.45910878455721,157
"MA",-9.2737487995904,157
"RI",-3.45042817302629,157
"VT",-0.29484316772124,157
"All",-1.89196636300828,157
"CA",5.3883585716714,158
"CT",-2.45910878455721,158
"MA",-9.27374879959039,158
"RI",-3.59864720353362,158
"VT",-3.10752690920888,158
"All",-1.52505511661265,158
"CA",4.84680548759074,159
"CT",-2.45910878455721,159
"MA",-9.27374879959039,159
"RI",-2.33129195318225,159
"VT",-3.10752690920887,159
"All",-1.68215357039582,159
"CA",5.46091910149251,160
"CT",-2.45910878455721,160
"MA",-8.41531235369697,160
"RI",-2.48296430532479,160
"VT",-1.3568943748536,160
"All",-2.3811353879593,160
"CA",2.69483244795706,161
"CT",-2.45910878455721,161
"MA",-8.41531235369697,161
"RI",-3.59864720353362,161
"VT",-0.956673365612762,161
"All",-1.88367560785746,161
"CA",5.46091910149251,162
"CT",-2.45910878455721,162
"MA",-9.4483147877503,162
"RI",-2.48296430532479,162
"VT",-3.10752690920888,162
"All",-1.68215357039581,162
"CA",4.84680548759074,163
"CT",-2.45910878455721,163
"MA",-9.27374879959039,163
"RI",-3.59864720353362,163
"VT",-3.10752690920887,163
"All",-1.68215357039581,163
"CA",4.84680548759073,164
"CT",-2.45910878455721,164
"MA",-9.09055553281493,164
"RI",-3.59864720353362,164
"VT",-2.24735617045715,164
"All",-1.66684453689216,164
"CA",5.66597215990411,165
"CT",-2.45910878455721,165
"MA",-9.4483147877503,165
"RI",-2.48296430532479,165
"VT",-0.956673365612755,165
"All",-1.66684453689215,165
"CA",5.3883585716714,166
"CT",-5.4288602831241,166
"MA",-9.48671508360365,166
"RI",-2.33129195318225,166
"VT",-3.10752690920887,166
"All",-1.66684453689216,166
"CA",2.29615029326724,167
"CT",-2.45910878455721,167
"MA",-9.4483147877503,167
"RI",-3.59864720353362,167
"VT",-0.956673365612762,167
"All",-1.52505511661264,167
"CA",2.29615029326724,168
"CT",-2.45910878455721,168
"MA",-8.41531235369697,168
"RI",-3.5986472035336,168
"VT",-2.24735617045714,168
"All",-1.52505511661264,168
"CA",5.65961754842236,169
"CT",-2.45910878455721,169
"MA",-9.26922582045796,169
"RI",-2.91619521924982,169
"VT",-3.10752690920888,169
"All",-1.66684453689216,169
"CA",4.84680548759074,170
"CT",-2.45910878455721,170
"MA",-9.09055553281494,170
"RI",-3.59864720353362,170
"VT",-2.6669065020067,170
"All",-2.3811353879593,170
"CA",2.29615029326724,171
"CT",-5.4288602831241,171
"MA",-8.41531235369697,171
"RI",-3.02196262975052,171
"VT",-0.956673365612755,171
"All",-1.66684453689216,171
"CA",2.69483244795706,172
"CT",-2.45910878455721,172
"MA",-9.09055553281494,172
"RI",-2.48296430532481,172
"VT",-1.20449427347057,172
"All",-1.93414726102554,172
"CA",5.3883585716714,173
"CT",-2.45910878455721,173
"MA",-9.49194736045691,173
"RI",-2.79629554691075,173
"VT",-1.20449427347055,173
"All",-1.66684453689215,173
"CA",2.69483244795705,174
"CT",-1.26816601123916,174
"MA",-8.07463442240858,174
"RI",-3.5986472035336,174
"VT",-2.6669065020067,174
"All",-1.66684453689216,174
"CA",5.3883585716714,175
"CT",-5.42886028312409,175
"MA",-8.41531235369697,175
"RI",-3.02196262975053,175
"VT",-0.956673365612762,175
"All",-1.82961319006588,175
"CA",4.84680548759074,176
"CT",-5.4288602831241,176
"MA",-9.4483147877503,176
"RI",-2.33129195318225,176
"VT",-2.6669065020067,176
"All",-1.93414726102554,176
"CA",5.66597215990411,177
"CT",-2.45910878455721,177
"MA",-9.09055553281494,177
"RI",-3.59864720353362,177
"VT",-0.956673365612762,177
"All",-1.16160622866146,177
"CA",2.69483244795705,178
"CT",-2.45910878455721,178
"MA",-9.31415403808646,178
"RI",-2.48296430532479,178
"VT",-0.956673365612762,178
"All",-2.08085252018683,178
"CA",2.69483244795706,179
"CT",-2.45910878455721,179
"MA",-8.41531235369697,179
"RI",-2.33129195318225,179
"VT",-1.20449427347055,179
"All",-1.66684453689216,179
"CA",2.69483244795706,180
"CT",-2.45910878455721,180
"MA",-8.41531235369697,180
"RI",-3.02196262975053,180
"VT",-0.956673365612755,180
"All",-1.66684453689216,180
"CA",2.69483244795706,181
"CT",-5.4288602831241,181
"MA",-9.4919473604569,181
"RI",-3.45042817302629,181
"VT",-1.20449427347055,181
"All",-1.66684453689216,181
"CA",4.84680548759074,182
"CT",-5.42886028312409,182
"MA",-9.09055553281494,182
"RI",-2.48296430532479,182
"VT",-0.956673365612762,182
"All",-1.52505511661265,182
"CA",4.84680548759074,183
"CT",-2.45910878455721,183
"MA",-8.07463442240857,183
"RI",-3.59864720353362,183
"VT",-3.10752690920887,183
"All",-1.68215357039581,183
"CA",4.84680548759074,184
"CT",-2.4591087845572,184
"MA",-10.6495058212162,184
"RI",-2.48296430532479,184
"VT",-0.719378600011393,184
"All",-1.97052755651903,184
"CA",4.84680548759074,185
"CT",-2.45910878455721,185
"MA",-9.09055553281494,185
"RI",-2.48296430532479,185
"VT",-3.10752690920887,185
"All",-2.23618403428802,185
"CA",4.84680548759074,186
"CT",-2.45910878455721,186
"MA",-9.30068235338621,186
"RI",-2.33129195318225,186
"VT",-1.35689437485362,186
"All",-1.97052755651903,186
"CA",5.46091910149251,187
"CT",-2.45910878455721,187
"MA",-10.6495058212162,187
"RI",-2.48296430532479,187
"VT",-2.24735617045715,187
"All",-1.97052755651903,187
"CA",5.46091910149251,188
"CT",-2.45910878455721,188
"MA",-9.4483147877503,188
"RI",-3.5986472035336,188
"VT",-1.20449427347055,188
"All",-1.66684453689216,188
"CA",5.3883585716714,189
"CT",-2.45910878455721,189
"MA",-9.31415403808646,189
"RI",-2.48296430532479,189
"VT",-0.956673365612762,189
"All",-1.66684453689216,189
"CA",2.69483244795706,190
"CT",-2.45910878455721,190
"MA",-9.27374879959039,190
"RI",-2.25477881108135,190
"VT",-0.956673365612755,190
"All",-2.01403114791608,190
"CA",2.69483244795706,191
"CT",-2.45910878455721,191
"MA",-9.30068235338621,191
"RI",-2.48296430532479,191
"VT",-0.956673365612762,191
"All",-2.38113538795931,191
"CA",5.65961754842236,192
"CT",-5.4288602831241,192
"MA",-7.38415779950913,192
"RI",-2.94652821475555,192
"VT",-0.956673365612762,192
"All",-1.52505511661264,192
"CA",4.84680548759074,193
"CT",-2.45910878455721,193
"MA",-10.6495058212162,193
"RI",-3.59864720353362,193
"VT",-3.10752690920888,193
"All",-2.22104706367313,193
"CA",4.84680548759074,194
"CT",-2.45910878455721,194
"MA",-9.27374879959039,194
"RI",-2.33129195318225,194
"VT",-1.60271899162488,194
"All",-1.66684453689216,194
"CA",5.3883585716714,195
"CT",-2.45910878455721,195
"MA",-9.4483147877503,195
"RI",-2.48296430532479,195
"VT",-0.956673365612762,195
"All",-1.66684453689216,195
"CA",5.46091910149251,196
"CT",-2.45910878455721,196
"MA",-9.31415403808646,196
"RI",-3.45042817302629,196
"VT",-0.956673365612762,196
"All",-1.66684453689216,196
"CA",5.3883585716714,197
"CT",-3.98514187476673,197
"MA",-9.4483147877503,197
"RI",-3.02196262975052,197
"VT",-0.956673365612745,197
"All",-1.68215357039582,197
"CA",5.46091910149251,198
"CT",-2.45910878455721,198
"MA",-9.27374879959039,198
"RI",-2.25477881108135,198
"VT",-0.956673365612762,198
"All",-2.38113538795931,198
"CA",4.84680548759074,199
"CT",-5.4288602831241,199
"MA",-9.09055553281494,199
"RI",-2.48296430532479,199
"VT",-2.24735617045714,199
"All",-1.68215357039581,199
"CA",5.3883585716714,200
"CT",-2.45910878455721,200
"MA",-9.09055553281494,200
"RI",-2.48296430532479,200
"VT",-2.24735617045715,200
"All",-1.66684453689216,200
