"county_id","attempt","actual_treatment_effect","seed","mape"
"boulderM2",1,-2.66742365563616,1,0.048
"sanfranciscoM3",1,0.491806807063729,1,0.9051
"seattleM1",1,-20.3411158932688,1,0.0687
"boulderM2",1,-0.998744674027822,2,0.0654
"sanfranciscoM3",1,0.491806807063729,2,0.9051
"seattleM1",1,-13.1174777181109,2,0.0432
"boulderM2",1,-2.11630610924676,3,0.0491
"sanfranciscoM3",1,0.491806807063729,3,0.9051
"seattleM1",1,-18.5871016541093,3,0.0715
"boulderM2",1,-1.1043425143294,4,0.0567
"sanfranciscoM3",1,-2.18652507398524,4,1.6097
"seattleM1",1,-20.9114606316442,4,0.0651
"boulderM2",1,-2.34245097579817,5,0.0294
"sanfranciscoM3",1,0.491806807063716,5,0.9051
"seattleM1",1,-15.2822022963321,5,0.0621
"boulderM2",1,-4.17029217057338,6,0.0556
"sanfranciscoM3",1,-2.01160826787064,6,1.3663
"seattleM1",1,-15.1252458866879,6,0.0858
"boulderM2",1,0.402852920097796,7,0.0136
"sanfranciscoM3",1,0.491806807063729,7,0.9051
"seattleM1",1,-15.4901424353988,7,0.0256
"boulderM2",1,-1.05853624266405,8,0.0231
"sanfranciscoM3",1,-2.58690552286765,8,1.4435
"seattleM1",1,-17.0815208065474,8,0.0532
"boulderM2",1,-2.54723723608951,9,0.0491
"sanfranciscoM3",1,0.307846645142716,9,1.8673
"seattleM1",1,-22.5897440218438,9,0.0165
"boulderM2",1,-4.37465991082453,10,0.0655
"sanfranciscoM3",1,0.491806807063729,10,0.9051
"seattleM1",1,-11.5533394677934,10,0.0197
"boulderM2",1,-1.02958296253657,11,0.0633
"sanfranciscoM3",1,0.491806807063729,11,0.9051
"seattleM1",1,-19.9721325771227,11,0.0916
"boulderM2",1,-1.20313058294057,12,0.0668
"sanfranciscoM3",1,-3.32486073689805,12,1.5913
"seattleM1",1,-1.9555643035375,12,0.0398
"boulderM2",1,-3.04460872668604,13,0.0477
"sanfranciscoM3",1,0.491806807063729,13,0.9051
"seattleM1",1,-24.9194478857987,13,0.0069
"boulderM2",1,-0.0352011112536965,14,0.12
"sanfranciscoM3",1,3.10362874991408,14,1.4193
"seattleM1",1,-18.4248419347859,14,0.0694
"boulderM2",1,-4.25074640768721,15,0.0694
"sanfranciscoM3",1,3.10362874991408,15,1.4193
"seattleM1",1,-12.3300802229777,15,0.0824
"boulderM2",1,-2.37782215595293,16,0.0896
"sanfranciscoM3",1,-2.58690552286765,16,1.4435
"seattleM1",1,-19.3595211580073,16,0.0301
"boulderM2",1,-1.56458413126994,17,0.007
"sanfranciscoM3",1,0.491806807063729,17,0.9051
"seattleM1",1,-17.5992536312273,17,0.0304
"boulderM2",1,-2.74577121936122,18,0.0387
"sanfranciscoM3",1,0.491806807063729,18,0.9051
"seattleM1",1,-17.4818073590971,18,0.0476
"boulderM2",1,-3.75103317766422,19,0.0449
"sanfranciscoM3",1,0.491806807063729,19,0.9051
"seattleM1",1,-24.8693236065539,19,0.0375
"boulderM2",1,1.48245881564169,20,0.0106
"sanfranciscoM3",1,-2.01160826787065,20,1.3663
"seattleM1",1,-18.868602821508,20,0.0292
"boulderM2",1,-2.41573857069738,21,0.0717
"sanfranciscoM3",1,-2.58690552286765,21,1.4435
"seattleM1",1,-16.8198419334281,21,0.033
"boulderM2",1,0.0563172949864419,22,0.0333
"sanfranciscoM3",1,0.491806807063729,22,0.9051
"seattleM1",1,-12.1334103469187,22,0.0187
"boulderM2",1,-1.55970938743478,23,0.0097
"sanfranciscoM3",1,-2.58690552286765,23,1.4435
"seattleM1",1,-16.5531031516315,23,0.045
"boulderM2",1,-4.60956965365213,24,0.0555
"sanfranciscoM3",1,-2.01160826787064,24,1.3663
"seattleM1",1,-13.9208819080668,24,0.0588
"boulderM2",1,-3.22171491032485,25,0.0448
"sanfranciscoM3",1,0.491806807063716,25,0.9051
"seattleM1",1,-11.8091467406655,25,0.0452
"boulderM2",1,-3.69792140741303,26,0.0082
"sanfranciscoM3",1,-0.134618697215922,26,1.899
"seattleM1",1,-19.8632483519006,26,0.0531
"boulderM2",1,-1.78371666780183,27,0.0057
"sanfranciscoM3",1,0.491806807063729,27,0.9051
"seattleM1",1,-17.013266025656,27,0.0462
"boulderM2",1,-0.133643169310122,28,0.0323
"sanfranciscoM3",1,-2.11500530375632,28,1.6217
"seattleM1",1,-19.6574046093984,28,0.0505
"boulderM2",1,-1.05853624266405,29,0.0231
"sanfranciscoM3",1,-2.58690552286765,29,1.4435
"seattleM1",1,-14.9647381116658,29,0.0199
"boulderM2",1,-2.08657104209743,30,0.0684
"sanfranciscoM3",1,0.491806807063729,30,0.9051
"seattleM1",1,-12.126970017544,30,0.071
"boulderM2",1,-1.64345113060286,31,0.096
"sanfranciscoM3",1,-2.58690552286765,31,1.4435
"seattleM1",1,-8.04839867946398,31,0.051
"boulderM2",1,0.0563172949864419,32,0.0333
"sanfranciscoM3",1,-2.58690552286764,32,1.4435
"seattleM1",1,-18.001836569627,32,0.0911
"boulderM2",1,-1.70213345330975,33,0.0654
"sanfranciscoM3",1,-2.01160826787065,33,1.3663
"seattleM1",1,-13.7339075342599,33,0.0309
"boulderM2",1,-2.75958210028053,34,0.0524
"sanfranciscoM3",1,0.491806807063729,34,0.9051
"seattleM1",1,-18.3428854388805,34,0.0098
"boulderM2",1,1.02115442152229,35,0.0347
"sanfranciscoM3",1,-2.01160826787064,35,1.3663
"seattleM1",1,-17.2076304019401,35,0.0431
"boulderM2",1,-2.56815903818783,36,0.0115
"sanfranciscoM3",1,0.491806807063716,36,0.9051
"seattleM1",1,-11.9661406988698,36,0.0442
"boulderM2",1,-0.246945460176374,37,0.0311
"sanfranciscoM3",1,0.491806807063716,37,0.9051
"seattleM1",1,-9.42902256070773,37,0.0175
"boulderM2",1,-11.0429478123218,38,0.0485
"sanfranciscoM3",1,-2.58690552286765,38,1.4435
"seattleM1",1,-23.9863076214098,38,0.0431
"boulderM2",1,-1.49118409345617,39,0.0522
"sanfranciscoM3",1,-2.58690552286764,39,1.4435
"seattleM1",1,-14.6781820465136,39,0.0346
"boulderM2",1,-2.89055276988519,40,0.0742
"sanfranciscoM3",1,0.307846645142716,40,1.8673
"seattleM1",1,-23.799335810214,40,0.0751
"boulderM2",1,-0.326380586235151,41,0.1014
"sanfranciscoM3",1,-2.58690552286764,41,1.4435
"seattleM1",1,-8.19786844024011,41,0.0481
"boulderM2",1,-0.650939230308846,42,0.0215
"sanfranciscoM3",1,-3.32486073689805,42,1.5913
"seattleM1",1,-22.0618216711496,42,0.0437
"boulderM2",1,-1.52848701044941,43,0.0557
"sanfranciscoM3",1,0.491806807063729,43,0.9051
"seattleM1",1,-9.45935658536797,43,0.0297
"boulderM2",1,-2.6143105041783,44,0.0388
"sanfranciscoM3",1,-2.58690552286765,44,1.4435
"seattleM1",1,-12.5976231476911,44,0.0423
"boulderM2",1,-2.72891261123681,45,0.0076
"sanfranciscoM3",1,0.307846645142716,45,1.8673
"seattleM1",1,-13.6721623004829,45,0.0394
"boulderM2",1,-1.05853624266405,46,0.0231
"sanfranciscoM3",1,-2.01160826787065,46,1.3663
"seattleM1",1,-17.2114708646097,46,0.0382
"boulderM2",1,-1.58066127563775,47,0.0916
"sanfranciscoM3",1,-2.01160826787065,47,1.3663
"seattleM1",1,-8.67813295126099,47,0.0428
"boulderM2",1,-1.78371666780183,48,0.0057
"sanfranciscoM3",1,0.307846645142716,48,1.8673
"seattleM1",1,-7.75545710295871,48,0.0642
"boulderM2",1,-1.5594856729231,49,0.04
"sanfranciscoM3",1,0.491806807063716,49,0.9051
"seattleM1",1,-14.2438158123693,49,0.0384
"boulderM2",1,-2.09719111066808,50,0.0592
"sanfranciscoM3",1,0.491806807063729,50,0.9051
"seattleM1",1,-18.627679435285,50,0.0447
"boulderM2",1,-1.99103639953595,51,0.0248
"sanfranciscoM3",1,-2.01160826787065,51,1.3663
"seattleM1",1,-17.6978944906289,51,0.0336
"boulderM2",1,1.02115442152229,52,0.0347
"sanfranciscoM3",1,0.491806807063716,52,0.9051
"seattleM1",1,-10.7624114075037,52,0.0753
"boulderM2",1,-2.08132904098837,53,0.0762
"sanfranciscoM3",1,0.491806807063729,53,0.9051
"seattleM1",1,-9.60576840452786,53,0.0706
"boulderM2",1,-1.49398339318851,54,0.0527
"sanfranciscoM3",1,0.491806807063729,54,0.9051
"seattleM1",1,-15.0685270251539,54,0.0108
"boulderM2",1,-3.93254218496406,55,0.0348
"sanfranciscoM3",1,-2.01160826787064,55,1.3663
"seattleM1",1,-13.4971947849369,55,0.0794
"boulderM2",1,-4.04871151034751,56,0.041
"sanfranciscoM3",1,0.491806807063729,56,0.9051
"seattleM1",1,-14.6896497691473,56,0.0212
"boulderM2",1,-2.56815903818783,57,0.0115
"sanfranciscoM3",1,-2.58690552286765,57,1.4435
"seattleM1",1,-16.4486610466711,57,0.0396
"boulderM2",1,-2.89055276988519,58,0.0742
"sanfranciscoM3",1,-0.134618697215922,58,1.899
"seattleM1",1,-11.8955725803046,58,0.0242
"boulderM2",1,-1.87598554914005,59,0.0528
"sanfranciscoM3",1,-2.58690552286765,59,1.4435
"seattleM1",1,-22.8201678291315,59,0.0243
"boulderM2",1,0.0563172949864419,60,0.0333
"sanfranciscoM3",1,0.491806807063716,60,0.9051
"seattleM1",1,-20.3236253907479,60,0.0314
"boulderM2",1,-2.89373943942927,61,0.0222
"sanfranciscoM3",1,-2.01160826787065,61,1.3663
"seattleM1",1,-17.0787782561642,61,0.0579
"boulderM2",1,-1.05853624266406,62,0.0231
"sanfranciscoM3",1,0.307846645142716,62,1.8673
"seattleM1",1,-19.7012354928826,62,0.0644
"boulderM2",1,-0.985711751623924,63,0.0364
"sanfranciscoM3",1,0.491806807063729,63,0.9051
"seattleM1",1,-14.1699016121529,63,0.0362
"boulderM2",1,-0.408566312536123,64,0.0466
"sanfranciscoM3",1,0.491806807063729,64,0.9051
"seattleM1",1,-11.0940407094581,64,0.085
"boulderM2",1,-3.60219569021112,65,0.0069
"sanfranciscoM3",1,0.491806807063729,65,0.9051
"seattleM1",1,-17.0708592534648,65,0.0443
"boulderM2",1,-1.32249591167992,66,0.062
"sanfranciscoM3",1,0.491806807063716,66,0.9051
"seattleM1",1,-19.6100064229776,66,0.0589
"boulderM2",1,-1.49118409345617,67,0.0522
"sanfranciscoM3",1,-2.01160826787065,67,1.3663
"seattleM1",1,-15.8250255452928,67,0.0115
"boulderM2",1,-5.54701107852177,68,0.0533
"sanfranciscoM3",1,0.491806807063716,68,0.9051
"seattleM1",1,-7.68693283576127,68,0.0339
"boulderM2",1,-2.7924117596134,69,0.0236
"sanfranciscoM3",1,0.491806807063716,69,0.9051
"seattleM1",1,-18.7139281504266,69,0.0119
"boulderM2",1,0.145811960222779,70,0.0394
"sanfranciscoM3",1,-2.01160826787064,70,1.3663
"seattleM1",1,-21.4562849014826,70,0.0229
"boulderM2",1,-1.22394834706425,71,0.0596
"sanfranciscoM3",1,-2.58690552286764,71,1.4435
"seattleM1",1,-16.1670558163748,71,0.0503
"boulderM2",1,-3.5327229967186,72,0.0719
"sanfranciscoM3",1,-0.134618697215909,72,1.899
"seattleM1",1,-16.9454174069999,72,0.0888
"boulderM2",1,-12.0985657638402,73,0.0521
"sanfranciscoM3",1,0.491806807063716,73,0.9051
"seattleM1",1,-16.5196080668663,73,0.0395
"boulderM2",1,-1.03190937470345,74,0.0689
"sanfranciscoM3",1,0.491806807063716,74,0.9051
"seattleM1",1,-20.8165343025793,74,0.0556
"boulderM2",1,-0.408566312536123,75,0.0466
"sanfranciscoM3",1,0.491806807063716,75,0.9051
"seattleM1",1,-11.7124852121868,75,0.0337
"boulderM2",1,-2.09627501043129,76,0.0189
"sanfranciscoM3",1,-2.58690552286765,76,1.4435
"seattleM1",1,-13.6567961658038,76,0.0239
"boulderM2",1,-0.985711751623911,77,0.0364
"sanfranciscoM3",1,-2.01160826787065,77,1.3663
"seattleM1",1,-14.6612468683121,77,0.0415
"boulderM2",1,0.00659441926642735,78,0.0718
"sanfranciscoM3",1,0.307846645142716,78,1.8673
"seattleM1",1,-17.1624812668329,78,0.0767
"boulderM2",1,-0.930494890195767,79,0.0409
"sanfranciscoM3",1,0.491806807063716,79,0.9051
"seattleM1",1,-20.3018066249422,79,0.0358
"boulderM2",1,-0.246945460176374,80,0.0311
"sanfranciscoM3",1,-2.01160826787064,80,1.3663
"seattleM1",1,-18.3136360109444,80,0.0174
"boulderM2",1,-2.74577121936122,81,0.0387
"sanfranciscoM3",1,0.491806807063716,81,0.9051
"seattleM1",1,-8.4223774326934,81,0.0853
"boulderM2",1,-3.60219569021112,82,0.0069
"sanfranciscoM3",1,-2.58690552286764,82,1.4435
"seattleM1",1,-20.6179821221568,82,0.0326
"boulderM2",1,-2.05657163970279,83,0.0071
"sanfranciscoM3",1,-2.58690552286765,83,1.4435
"seattleM1",1,-15.9644626005994,83,0.0795
"boulderM2",1,-3.35804405011801,84,0.0565
"sanfranciscoM3",1,-3.32486073689805,84,1.5913
"seattleM1",1,-14.3047798209075,84,0.0629
"boulderM2",1,-2.2806545864132,85,0.0443
"sanfranciscoM3",1,-0.134618697215922,85,1.899
"seattleM1",1,-23.2444628493213,85,0.0458
"boulderM2",1,-8.85928121684283,86,0.0207
"sanfranciscoM3",1,-0.134618697215922,86,1.899
"seattleM1",1,-16.5061348029196,86,0.0735
"boulderM2",1,-2.57770830682179,87,0.0481
"sanfranciscoM3",1,-2.58690552286765,87,1.4435
"seattleM1",1,-12.8138618290495,87,0.0084
"boulderM2",1,-1.55970938743478,88,0.0097
"sanfranciscoM3",1,0.491806807063729,88,0.9051
"seattleM1",1,-19.9096077894429,88,0.0312
"boulderM2",1,-4.45172438914759,89,0.0337
"sanfranciscoM3",1,-0.134618697215922,89,1.899
"seattleM1",1,-19.2205155256714,89,0.0174
"boulderM2",1,-2.39401958032776,90,0.043
"sanfranciscoM3",1,0.491806807063729,90,0.9051
"seattleM1",1,-15.3316415497935,90,0.0306
"boulderM2",1,-2.06713501187793,91,0.1241
"sanfranciscoM3",1,3.10362874991407,91,1.4193
"seattleM1",1,-19.4989879446472,91,0.0794
"boulderM2",1,-3.2530106799024,92,0.0448
"sanfranciscoM3",1,-2.01160826787064,92,1.3663
"seattleM1",1,-14.1606912969248,92,0.038
"boulderM2",1,-2.96319440453062,93,0.023
"sanfranciscoM3",1,0.491806807063716,93,0.9051
"seattleM1",1,-12.5860269782721,93,0.0437
"boulderM2",1,-2.7554699939966,94,0.0436
"sanfranciscoM3",1,0.491806807063716,94,0.9051
"seattleM1",1,-20.063699206973,94,0.1188
"boulderM2",1,-0.650939230308846,95,0.0215
"sanfranciscoM3",1,0.491806807063729,95,0.9051
"seattleM1",1,-18.3955363581539,95,0.0319
"boulderM2",1,-6.68493348041289,96,0.0543
"sanfranciscoM3",1,-2.58690552286764,96,1.4435
"seattleM1",1,-20.2367171758783,96,0.0349
"boulderM2",1,-3.2530106799024,97,0.0448
"sanfranciscoM3",1,-2.18652507398524,97,1.6097
"seattleM1",1,-15.5612937530251,97,0.0621
"boulderM2",1,-3.40582058729634,98,0.0904
"sanfranciscoM3",1,3.10362874991407,98,1.4193
"seattleM1",1,-20.4567070475092,98,0.0589
"boulderM2",1,-4.35052779223011,99,0.0497
"sanfranciscoM3",1,0.491806807063729,99,0.9051
"seattleM1",1,-20.8245589155902,99,0.0557
"boulderM2",1,-1.76321202382667,100,0.0719
"sanfranciscoM3",1,3.10362874991408,100,1.4193
"seattleM1",1,-13.1814839491965,100,0.029
