"att2","mape","treated_location","treated_state_2","sample_size"
0.227622716840474,0.022901608311133,"AL","MA",2
-0.0250767946469537,0.0131548399585547,"AZ","MA",2
-0.187603495919308,0.187028554866406,"CO","MA",2
0.52392075525366,0.840537193639201,"DE","MA",2
0.108216796753539,0.00382220465065664,"FL","MA",2
-0.010689151051764,0.0083860337860507,"GA","MA",2
0.0503934684533181,0.0999414709869165,"IA","MA",2
0.00380445799904094,0.0305512717700227,"IL","MA",2
-0.0711167399416705,0.0235219058479661,"IN","MA",2
0.245094616467902,0.000919622344748922,"KY","MA",2
-0.177949482019558,0.181542017427245,"MD","MA",2
-0.00420192186557364,0.00793238228967576,"MI","MA",2
-0.0494308446551329,0.0236962866026772,"MN","MA",2
0.0570009760453729,0.0058217837768708,"MO","MA",2
0.00307152113532711,0.001967594439871,"MS","MA",2
-0.0347776676995709,0.00413374429782733,"NC","MA",2
0.00741736127295232,0.00648368640869014,"NJ","MA",2
0.23499755262885,0.17933021156028,"NM","MA",2
-0.116668737670957,0.0325477707376244,"NY","MA",2
-0.0376831355473043,0.0389939934732891,"OH","MA",2
0.364054647765891,0.0359343909199417,"OK","MA",2
0.178123493821106,0.0202894745944915,"OR","MA",2
-0.293808497564029,0.00728428615899844,"PA","MA",2
0.139014162803387,0.00744479269224278,"SC","MA",2
0.0814592972633624,0.00920154745106473,"TN","MA",2
-0.134093075624346,0.00313495908727872,"TX","MA",2
0.131920847803682,0.0131194990026192,"UT","MA",2
0.0395829889581497,0.0172234513540241,"WA","MA",2
-0.206276754896184,0.00788253468830522,"WI","MA",2
0.119811848166033,0.0402955733464382,"AL","CA",2
-0.0353851450151969,0.00178708691596367,"AZ","CA",2
-0.0194002323498802,0.0642086828501292,"CO","CA",2
-0.019626196294485,0.431764943422714,"DE","CA",2
0.0952641936401063,0.00372687847170839,"FL","CA",2
0.0396618488095478,0.00783957119961792,"GA","CA",2
0.04474226053125,0.00871918964979503,"IA","CA",2
NA,NA,"IL","CA",2
-0.140012036135669,0.00528337364672973,"IN","CA",2
0.232116683141253,0.00819043982122727,"KY","CA",2
-0.166650247458219,0.0832085712978149,"MD","CA",2
0.0125543719011304,0.00779955595088745,"MI","CA",2
-0.0129978468948158,0.0159816325734974,"MN","CA",2
0.012380245544167,0.0297871963586876,"MO","CA",2
-0.00533220557141909,0.0111622607566962,"MS","CA",2
0.0261258889492769,0.00290078979028113,"NC","CA",2
0.382813321107404,0.00317959894514109,"NJ","CA",2
0.112529244449697,0.0966271861877493,"NM","CA",2
-0.219624475331548,0.00523756186992062,"NY","CA",2
-0.0443610181370366,0.0145223222230429,"OH","CA",2
-0.062117452447517,0.0109406565058123,"OK","CA",2
0.16968794949226,0.00792370897813789,"OR","CA",2
-0.216534868325824,0.00643514260803359,"PA","CA",2
0.223056631034587,0.0173376032508142,"SC","CA",2
-0.0866102352530568,0.00145475569509049,"TN","CA",2
0.00584541228219605,0.00455270598753416,"TX","CA",2
0.428000852255387,0.00463224971933788,"UT","CA",2
-0.0347452148926895,0.0062030774038566,"WA","CA",2
-0.131797803087907,0.000606093699911573,"WI","CA",2
0.227622716840474,0.022901608311133,"AL","CT",2
-0.0250767946469537,0.0131548399585547,"AZ","CT",2
-0.187603495919308,0.187028554866406,"CO","CT",2
0.52392075525366,0.840537193639201,"DE","CT",2
0.108216796753539,0.00382220465065664,"FL","CT",2
-0.010689151051764,0.0083860337860507,"GA","CT",2
0.0503934684533181,0.0999414709869165,"IA","CT",2
0.00380445799904094,0.0305512717700227,"IL","CT",2
-0.0711167399416705,0.0235219058479661,"IN","CT",2
0.245094616467902,0.000919622344748922,"KY","CT",2
-0.177949482019558,0.181542017427245,"MD","CT",2
-0.00420192186557364,0.00793238228967576,"MI","CT",2
-0.0494308446551329,0.0236962866026772,"MN","CT",2
0.0570009760453729,0.0058217837768708,"MO","CT",2
0.00307152113532711,0.001967594439871,"MS","CT",2
-0.0347776676995709,0.00413374429782733,"NC","CT",2
0.00741736127295232,0.00648368640869014,"NJ","CT",2
0.23499755262885,0.17933021156028,"NM","CT",2
-0.116668737670957,0.0325477707376244,"NY","CT",2
-0.0376831355473043,0.0389939934732891,"OH","CT",2
0.364054647765891,0.0359343909199417,"OK","CT",2
0.178123493821106,0.0202894745944915,"OR","CT",2
-0.293808497564029,0.00728428615899844,"PA","CT",2
0.139014162803387,0.00744479269224278,"SC","CT",2
0.0814592972633624,0.00920154745106473,"TN","CT",2
-0.134093075624346,0.00313495908727872,"TX","CT",2
0.131920847803682,0.0131194990026192,"UT","CT",2
0.0395829889581497,0.0172234513540241,"WA","CT",2
-0.206276754896184,0.00788253468830522,"WI","CT",2
0.14730681238866,0.0571856809400493,"AL","RI",2
-0.0347316625075097,0.00336613165266852,"AZ","RI",2
-0.0335165859837332,0.0835251434337087,"CO","RI",2
-0.0890352605719891,0.374872783686787,"DE","RI",2
0.105599145061794,0.00573927476393003,"FL","RI",2
-0.0318031315516175,0.0090459778005379,"GA","RI",2
-0.0263322116150596,0.00754765072411737,"IA","RI",2
0.0587092226227906,0.0175125117794705,"IL","RI",2
-0.268353423870906,0.0056170928623326,"IN","RI",2
0.255752645630477,0.0140781240586435,"KY","RI",2
-0.163374449738835,0.118503900118353,"MD","RI",2
0.000972527554166769,0.0257576364735924,"MI","RI",2
-0.0290871163348746,0.0366907992533738,"MN","RI",2
-0.0204241491738667,0.0318077547165937,"MO","RI",2
-0.0111977216388545,0.0159127021252509,"MS","RI",2
0.0233901201852224,0.00683086749097153,"NC","RI",2
0.365053944710356,0.010568427618256,"NJ","RI",2
0.327897973067087,0.0449727715804165,"NM","RI",2
-0.235696578233743,0.00817732267374083,"NY","RI",2
-0.0348289087568574,0.017695809378836,"OH","RI",2
-0.0644654357083941,0.0218693142397409,"OK","RI",2
0.00242532489089125,0.0225835882657174,"OR","RI",2
0.0134344413687956,0.00709036999437701,"PA","RI",2
0.258911595293338,0.0258524432626903,"SC","RI",2
-0.0722259106942936,0.00347400719620997,"TN","RI",2
-0.0417239188932955,0.054956675407864,"TX","RI",2
0.375078306970764,0.00648220242527195,"UT","RI",2
0.121756755289294,0.00808312890498987,"WA","RI",2
-0.147285122187435,0.0128471889241149,"WI","RI",2
0.1565239957042,0.00750153148789933,"AL","VT",2
-0.0291634561918755,0.00571045730246078,"AZ","VT",2
-0.261092638434744,0.0665386733994241,"CO","VT",2
0.709710471538713,0.425628572079503,"DE","VT",2
0.0910946542246017,0.00162271362919572,"FL","VT",2
0.0121566050051299,0.00258882725540425,"GA","VT",2
-0.0282261934089523,0.148053734999937,"IA","VT",2
0.112745838916571,0.0178136799991401,"IL","VT",2
-0.241175046411511,0.0114008744411448,"IN","VT",2
0.119041309708077,0.00392327717739014,"KY","VT",2
-0.234153709050516,0.138324853573661,"MD","VT",2
-0.189465989189687,0.00401976212966708,"MI","VT",2
0.00615813679064923,0.00948386553719008,"MN","VT",2
-0.0205284572353146,0.0805305171000135,"MO","VT",2
0.12010738050493,0.0120288981045049,"MS","VT",2
-0.0287968515219521,0.00903317029791555,"NC","VT",2
0.145985653030978,0.00321409986691288,"NJ","VT",2
0.230276208085299,0.0457223114278032,"NM","VT",2
-0.0990414329162457,0.0133831307677065,"NY","VT",2
-0.20384065986328,0.0159828417425586,"OH","VT",2
0.305862057815116,0.0255389060871852,"OK","VT",2
-0.13874802471504,0.00447489414244013,"OR","VT",2
-0.0668051306114317,0.015693987222608,"PA","VT",2
0.312041535587809,0.00225520470970727,"SC","VT",2
0.0940473956907724,0.00394253379787411,"TN","VT",2
-0.140625307496754,0.0014027165579554,"TX","VT",2
0.152288202257464,0.00285685788246998,"UT","VT",2
0.0176146133544515,0.00493958731314087,"WA","VT",2
-0.169938696241711,0.002813073906272,"WI","VT",2
0.214151737421024,0.00122442273370351,"AL","MA",3
0.0145241660546186,0.00821986080448243,"AZ","MA",3
-0.235158975364988,0.164438021562096,"CO","MA",3
0.418904881222641,0.873870948369793,"DE","MA",3
0.144945959613002,0.00265101558293417,"FL","MA",3
0.00837046665873314,0.00517621449949893,"GA","MA",3
-0.0413118154067122,0.105183269363997,"IA","MA",3
0.0654020542797984,0.00638908803630236,"IL","MA",3
-0.236554184530428,0.0126199756772954,"IN","MA",3
0.284435882855712,0.00343626734039825,"KY","MA",3
-0.264318282937547,0.14715552532002,"MD","MA",3
-0.126700501530052,0.0015175525554351,"MI","MA",3
0.0127765109061558,0.0323628806720222,"MN","MA",3
-0.0479580170670262,0.00558161101282486,"MO","MA",3
0.196909547688778,0.000407395343656083,"MS","MA",3
0.00222325221581265,0.00572999533044682,"NC","MA",3
0.194515373273174,0.00305407704359649,"NJ","MA",3
0.220206968274596,0.175726464076458,"NM","MA",3
-0.124957718603516,0.00637775543094261,"NY","MA",3
-0.166146348532359,0.00341495297348894,"OH","MA",3
0.248355446576686,0.0066147295975136,"OK","MA",3
-0.000314053866040196,0.00298082169203989,"OR","MA",3
-0.180230150622462,0.00234362198369155,"PA","MA",3
0.173774179182065,4.13223158241848e-05,"SC","MA",3
0.0871024295592844,0.00982844856298596,"TN","MA",3
-0.119451992454571,0.00273393780800742,"TX","MA",3
-0.100319467060769,0.0041660409941013,"UT","MA",3
-0.0762004828357705,0.00362838906356673,"WA","MA",3
-0.130442995891372,0.0113536089172829,"WI","MA",3
0.099471308945483,0.0440423523643513,"AL","CA",3
0.0567531884087727,0.00101423191970472,"AZ","CA",3
-0.0641429922502509,0.066688427005346,"CO","CA",3
0.123199823148098,0.45181130974495,"DE","CA",3
0.0199677237409334,0.0138662164502709,"FL","CA",3
0.0123064666118714,0.00146868338852163,"GA","CA",3
0.0100555887082569,0.0036205141479446,"IA","CA",3
0.148949400710581,0.00470702319139108,"IL","CA",3
-0.208708118475266,0.00245587490847474,"IN","CA",3
0.432869242151861,0.00117738253365509,"KY","CA",3
-0.185025504770338,0.100036620631858,"MD","CA",3
-0.0179057614322062,0.00317698726055294,"MI","CA",3
0.0341641917473073,0.00986820143473058,"MN","CA",3
0.0605132333994808,0.00337583988747896,"MO","CA",3
-0.0104911112916065,0.00873043134209685,"MS","CA",3
0.0310714788825381,0.00142961410075246,"NC","CA",3
0.329102626470223,0.00339122640279156,"NJ","CA",3
0.101370820247822,0.0625461706167359,"NM","CA",3
-0.122348253593483,0.00228324923287908,"NY","CA",3
-0.1015108308704,0.0182731143073304,"OH","CA",3
-0.102124299376463,0.0226268480857288,"OK","CA",3
0.184191765659949,0.00319714327092893,"OR","CA",3
-0.180550327646101,0.00158490884686592,"PA","CA",3
0.00497029219518794,0.010716409037262,"SC","CA",3
-0.0100763405549027,0.00120824225822933,"TN","CA",3
0.154520768977252,0.00708786708483993,"TX","CA",3
0.465277765424554,0.00133984275516416,"UT","CA",3
0.0053771208365615,0.00275406748917974,"WA","CA",3
-0.238907156308051,0.00244546780130864,"WI","CA",3
0.214151737421024,0.00122442273370351,"AL","CT",3
0.0145241660546186,0.00821986080448243,"AZ","CT",3
-0.235158975364988,0.164438021562096,"CO","CT",3
0.418904881222641,0.873870948369793,"DE","CT",3
0.144945959613002,0.00265101558293417,"FL","CT",3
0.00837046665873314,0.00517621449949893,"GA","CT",3
-0.0413118154067122,0.105183269363997,"IA","CT",3
0.0654020542797984,0.00638908803630236,"IL","CT",3
-0.236554184530428,0.0126199756772954,"IN","CT",3
0.284435882855712,0.00343626734039825,"KY","CT",3
-0.264318282937547,0.14715552532002,"MD","CT",3
-0.126700501530052,0.0015175525554351,"MI","CT",3
0.0127765109061558,0.0323628806720222,"MN","CT",3
-0.0479580170670262,0.00558161101282486,"MO","CT",3
0.196909547688778,0.000407395343656083,"MS","CT",3
0.00222325221581265,0.00572999533044682,"NC","CT",3
0.194515373273174,0.00305407704359649,"NJ","CT",3
0.220206968274596,0.175726464076458,"NM","CT",3
-0.124957718603516,0.00637775543094261,"NY","CT",3
-0.166146348532359,0.00341495297348894,"OH","CT",3
0.248355446576686,0.0066147295975136,"OK","CT",3
-0.000314053866040196,0.00298082169203989,"OR","CT",3
-0.180230150622462,0.00234362198369155,"PA","CT",3
0.173774179182065,4.13223158241848e-05,"SC","CT",3
0.0871024295592844,0.00982844856298596,"TN","CT",3
-0.119451992454571,0.00273393780800742,"TX","CT",3
-0.100319467060769,0.0041660409941013,"UT","CT",3
-0.0762004828357705,0.00362838906356673,"WA","CT",3
-0.130442995891372,0.0113536089172829,"WI","CT",3
0.083964796038497,0.0598634586112378,"AL","RI",3
-0.0255493695546155,0.00640354947709644,"AZ","RI",3
-0.0793488708407313,0.0593800378971829,"CO","RI",3
-0.0754008539606612,0.381921966442537,"DE","RI",3
0.016439500862741,0.0175769268949993,"FL","RI",3
-0.0630580448373303,0.00199819175563814,"GA","RI",3
-0.000203918816817041,0.00328665623611268,"IA","RI",3
0.27338685281364,0.00234021372946011,"IL","RI",3
-0.293619344454759,0.00250987640195788,"IN","RI",3
0.276337993714817,0.00657728280500411,"KY","RI",3
-0.18165151663637,0.114892791970152,"MD","RI",3
-0.0765470887100242,0.0102110431039457,"MI","RI",3
-0.107751023309372,0.0101918735666746,"MN","RI",3
-0.00572132804077419,0.00644303884913593,"MO","RI",3
-0.0330130030885009,0.0119189664351289,"MS","RI",3
0.047955408182631,0.000456861279182108,"NC","RI",3
0.378619807292649,0.0092226880708645,"NJ","RI",3
0.227318691683929,0.0399701268482504,"NM","RI",3
-0.120609254854138,0.000224952780848127,"NY","RI",3
-0.180030867021934,0.0177048430401182,"OH","RI",3
-0.0857009744331204,0.0220501250978248,"OK","RI",3
0.223365266267749,0.00541940742844315,"OR","RI",3
0.197396009794803,0.00424833671403682,"PA","RI",3
0.329184353925785,0.0339467565103423,"SC","RI",3
-0.0672834862984283,0.00119258458637574,"TN","RI",3
0.0859537979022337,0.00954568690708523,"TX","RI",3
0.00325509853846743,0.000477713014997289,"UT","RI",3
-0.00299351139791886,0.00122375518687885,"WA","RI",3
-0.0983479293659798,0.00180723578902459,"WI","RI",3
0.0264776920162913,0.00864697256485053,"AL","VT",3
0.054193094820095,0.00154928070809789,"AZ","VT",3
-0.259920367038303,0.0586357496894963,"CO","VT",3
0.589615494748049,0.416311436513226,"DE","VT",3
0.0598345633874091,0.00183437967132439,"FL","VT",3
-0.0851410164346183,0.000449096262537254,"GA","VT",3
-0.101667951272065,0.1359795373285,"IA","VT",3
-0.111242720099866,0.00390819633401282,"IL","VT",3
-0.250849761722936,0.00485549337387342,"IN","VT",3
0.099873272225818,0.000177713225573718,"KY","VT",3
-0.248859872369704,0.109242806295744,"MD","VT",3
0.00035563500548663,0.00187393945186822,"MI","VT",3
-0.148501932504891,0.0221987666832265,"MN","VT",3
-0.0656464440876894,0.0902225618091468,"MO","VT",3
0.102711846886928,0.000370235943099545,"MS","VT",3
0.0124499602063765,0.00349689416591784,"NC","VT",3
0.110118632702142,0.0027118052972802,"NJ","VT",3
0.219457469439226,0.0343259496195817,"NM","VT",3
-0.111590705115298,0.00391159004157265,"NY","VT",3
-0.189704140392218,0.00060911285016983,"OH","VT",3
0.338106603314653,0.0222845493409512,"OK","VT",3
-0.0330994931226834,0.0028794696764801,"OR","VT",3
-0.0871372244219824,0.0016040362401853,"PA","VT",3
0.0671397529575098,0.00191162552125935,"SC","VT",3
0.0603519037633917,0.00184658027658498,"TN","VT",3
-0.145534390840051,0.00125242253032415,"TX","VT",3
0.0617072534977722,0.00383113670608274,"UT","VT",3
-0.0536966592585683,0.00083714735871665,"WA","VT",3
-0.152426493292767,0.00413738006410762,"WI","VT",3
0.214547120660576,0.0159239375890676,"AL","MA",4
0.162895968782369,0.00821041306200616,"AZ","MA",4
-0.217255002126803,0.17204774927351,"CO","MA",4
0.418830444483402,0.871009604154604,"DE","MA",4
0.187854086811144,0.00168964353477856,"FL","MA",4
0.00714227672702927,0.000549976840909724,"GA","MA",4
-0.0275617964732164,0.0993427775984297,"IA","MA",4
0.0434341654817585,0.00199411719301739,"IL","MA",4
-0.204582261217165,0.00541519028838857,"IN","MA",4
0.158168884334786,0.000317645839463122,"KY","MA",4
-0.256099530575166,0.165895986070126,"MD","MA",4
0.0311753525835224,0.000743572747865821,"MI","MA",4
-0.0512631680295226,0.0426896125077202,"MN","MA",4
-0.0802843945966221,0.00319028486299886,"MO","MA",4
0.232614823586492,0.0015349373959315,"MS","MA",4
-0.0715394594325948,0.00172332581682944,"NC","MA",4
0.114972846100297,0.000957547214129656,"NJ","MA",4
0.113965561274471,0.157666909441433,"NM","MA",4
-0.102897387375533,0.0040969775458214,"NY","MA",4
-0.222322219459546,0.000979485413926083,"OH","MA",4
0.2181716059104,0.0415799143101336,"OK","MA",4
0.314921118230777,0.00102697363601907,"OR","MA",4
-0.20161617722249,0.00137518076310181,"PA","MA",4
0.216350183669426,0.000155334624362248,"SC","MA",4
-0.0321088944628615,0.00571005691909943,"TN","MA",4
-0.108888836194632,0.000959326743840182,"TX","MA",4
-0.0379854015987079,0.00248536264602427,"UT","MA",4
-0.121701657205239,0.0021655396460064,"WA","MA",4
-0.206881361148924,0.0032466095707954,"WI","MA",4
0.0975337642787664,0.0467625758249071,"AL","CA",4
-0.0210064225022937,0.0012717411926464,"AZ","CA",4
-0.0824568703170384,0.084527097047551,"CO","CA",4
0.0882101025804055,0.466592227743539,"DE","CA",4
0.0943089007804024,0.00222419963399994,"FL","CA",4
-0.0126157786719261,0.000395130876886522,"GA","CA",4
0.00488949081317527,0.00247177975657559,"IA","CA",4
0.0413096749703086,0.00140725705289447,"IL","CA",4
-0.16409888416342,0.00126972454281638,"IN","CA",4
0.460975847613121,0.00133584608948439,"KY","CA",4
-0.210084513817976,0.109184819988198,"MD","CA",4
0.0527035038653326,0.000921904885058154,"MI","CA",4
0.0213575149537811,0.00235560058800666,"MN","CA",4
0.0348224819143187,0.00391367766812113,"MO","CA",4
0.0510594042855443,0.00609291942040467,"MS","CA",4
0.154101417890096,0.00168835545539942,"NC","CA",4
0.307489364326342,0.00169287785167757,"NJ","CA",4
0.152875673485436,0.0488505431339148,"NM","CA",4
-0.189284759527845,0.000494949397295097,"NY","CA",4
-0.166033333266509,0.0177264123828496,"OH","CA",4
-0.0336356151619007,0.0259299001997365,"OK","CA",4
0.21802184825737,0.000748103363367022,"OR","CA",4
0.0446544802913356,0.00154582416624748,"PA","CA",4
0.132097495915568,0.00590205065316143,"SC","CA",4
-0.0794473164172795,0.00120172245177592,"TN","CA",4
0.0850080630302175,0.00152771582316009,"TX","CA",4
0.103154460219041,0.00208252441706393,"UT","CA",4
-0.0239294537730454,0.0013961199780941,"WA","CA",4
0.077573293805995,0.000349106543302906,"WI","CA",4
0.214547120660576,0.0159239375890676,"AL","CT",4
0.162895968782369,0.00821041306200616,"AZ","CT",4
-0.217255002126803,0.17204774927351,"CO","CT",4
0.418830444483402,0.871009604154604,"DE","CT",4
0.187854086811144,0.00168964353477856,"FL","CT",4
0.00714227672702927,0.000549976840909724,"GA","CT",4
-0.0275617964732164,0.0993427775984297,"IA","CT",4
0.0434341654817585,0.00199411719301739,"IL","CT",4
-0.204582261217165,0.00541519028838857,"IN","CT",4
0.158168884334786,0.000317645839463122,"KY","CT",4
-0.256099530575166,0.165895986070126,"MD","CT",4
0.0311753525835224,0.000743572747865821,"MI","CT",4
-0.0512631680295226,0.0426896125077202,"MN","CT",4
-0.0802843945966221,0.00319028486299886,"MO","CT",4
0.232614823586492,0.0015349373959315,"MS","CT",4
-0.0715394594325948,0.00172332581682944,"NC","CT",4
0.114972846100297,0.000957547214129656,"NJ","CT",4
0.113965561274471,0.157666909441433,"NM","CT",4
-0.102897387375533,0.0040969775458214,"NY","CT",4
-0.222322219459546,0.000979485413926083,"OH","CT",4
0.2181716059104,0.0415799143101336,"OK","CT",4
0.314921118230777,0.00102697363601907,"OR","CT",4
-0.20161617722249,0.00137518076310181,"PA","CT",4
0.216350183669426,0.000155334624362248,"SC","CT",4
-0.0321088944628615,0.00571005691909943,"TN","CT",4
-0.108888836194632,0.000959326743840182,"TX","CT",4
-0.0379854015987079,0.00248536264602427,"UT","CT",4
-0.121701657205239,0.0021655396460064,"WA","CT",4
-0.206881361148924,0.0032466095707954,"WI","CT",4
0.094232094731633,0.0625812884734658,"AL","RI",4
0.213735389521136,0.00249514874653244,"AZ","RI",4
-0.0620588023207446,0.0707365621555602,"CO","RI",4
-0.0201102193679575,0.397036195878129,"DE","RI",4
0.207014576466414,0.000939499981956822,"FL","RI",4
0.00231649592387556,0.000109256564470877,"GA","RI",4
0.0447662797271535,0.000710323140244332,"IA","RI",4
0.0387266611509428,0.00235292895179158,"IL","RI",4
-0.267855283617033,0.000310655727924612,"IN","RI",4
0.296024931457166,0.00148974652694448,"KY","RI",4
-0.19198838471903,0.12602131821308,"MD","RI",4
-0.0651986122503017,0.00243980102177799,"MI","RI",4
0.0222175658958402,0.0102601878853207,"MN","RI",4
0.0858227773011817,0.0104369208659322,"MO","RI",4
-0.0337211779921871,0.0163147308475504,"MS","RI",4
0.117082054308123,0.00473661123283389,"NC","RI",4
0.295893479338821,0.00187813422030635,"NJ","RI",4
0.233150325997589,0.047203816340877,"NM","RI",4
-0.209668545092914,0.000369780664781828,"NY","RI",4
-0.183852425167199,0.0226129197997691,"OH","RI",4
-0.0520644800543453,0.0353311349516147,"OK","RI",4
0.0439710330915845,0.00239168149533794,"OR","RI",4
0.0679033332899399,0.00155052950298589,"PA","RI",4
0.0963787752284834,0.0316829002478366,"SC","RI",4
-0.134661872403358,0.000654483801586445,"TN","RI",4
0.0321062314848391,0.00137633641898582,"TX","RI",4
0.214598897206167,0.000859416492297117,"UT","RI",4
0.0183766579942857,0.00382484827347911,"WA","RI",4
-0.135495480814362,0.0019716652313782,"WI","RI",4
0.074457218946878,0.00118664933735252,"AL","VT",4
-0.0253196579585875,0.00448588896037233,"AZ","VT",4
-0.163366048172356,0.0549171775795545,"CO","VT",4
0.597665396887702,0.394364701412587,"DE","VT",4
0.130788908302091,0.000338010241515875,"FL","VT",4
0.0311539140109136,0.00098958501145912,"GA","VT",4
-0.0696905372986597,0.121225828833773,"IA","VT",4
-0.00402157471604302,0.000459547418348497,"IL","VT",4
-0.25224054379349,0.00212130205233192,"IN","VT",4
0.141704436997752,0.000465151858860798,"KY","VT",4
-0.259455154105268,0.121391318547751,"MD","VT",4
-0.0456386518594833,0.000611702169839342,"MI","VT",4
-0.105614084280135,0.0241956953855661,"MN","VT",4
-0.115886810974902,0.121440709385841,"MO","VT",4
0.0697926916146122,0.00193412167306145,"MS","VT",4
-0.0348147514028648,0.0002417301200647,"NC","VT",4
0.102291139555626,0.0123055483302808,"NJ","VT",4
0.230118542451502,0.0318247873363676,"NM","VT",4
-0.114978617421926,0.0032153783165011,"NY","VT",4
-0.122428516415776,0.00172238569467324,"OH","VT",4
0.275892942605111,0.0151314740489315,"OK","VT",4
-0.0410466428750118,0.000964357842920439,"OR","VT",4
-0.0300470756992032,0.00211229928847918,"PA","VT",4
-0.0107210625081203,0.000236484216831737,"SC","VT",4
0.0409705541567841,0.00426264379768286,"TN","VT",4
-0.0667580314747863,0.000506489329394502,"TX","VT",4
-0.0551147293903353,0.00323266046605696,"UT","VT",4
-0.105690068529456,0.000493363697799918,"WA","VT",4
-0.185650694462476,0.00490224024093597,"WI","VT",4
0.157836545120605,0.0255048215048346,"AL","MA",5
0.105997909016,0.0111313802805925,"AZ","MA",5
-0.233806968088156,0.183013008573573,"CO","MA",5
0.433676971877039,0.992202159277613,"DE","MA",5
0.113277140826155,0.00101632927204058,"FL","MA",5
0.013376201932342,0.0021230969409344,"GA","MA",5
-0.0173408299297086,0.134987880903375,"IA","MA",5
-0.096828256421817,0.00186324423032153,"IL","MA",5
-0.293258766322848,0.00270548115668063,"IN","MA",5
0.204117931871512,0.00211552321022092,"KY","MA",5
-0.244827686372745,0.172302611510206,"MD","MA",5
-0.0967698339747906,0.00131764708085932,"MI","MA",5
-0.0558722960380372,0.0262271661288063,"MN","MA",5
-0.139287780465901,0.00240554876065588,"MO","MA",5
0.12277719364905,0.000227273887545086,"MS","MA",5
-0.0100528763205081,0.00320353883285084,"NC","MA",5
0.243522271706402,0.0016774159875568,"NJ","MA",5
0.0531028660238113,0.158627996078231,"NM","MA",5
-0.0121313591605683,0.00447558979574289,"NY","MA",5
-0.188720442263431,0.00303595689910902,"OH","MA",5
0.237560502553631,0.0507024825337501,"OK","MA",5
-0.0610427450515665,0.00117826880910552,"OR","MA",5
-0.159779936808489,0.000760160107508916,"PA","MA",5
0.0622218310133822,0.00016714415502295,"SC","MA",5
-0.0190174262785292,0.0143403671926299,"TN","MA",5
0.0567428268106437,0.000492841313509028,"TX","MA",5
0.0200183314531342,0.00231112265790025,"UT","MA",5
-0.168186238538498,0.000773836938407998,"WA","MA",5
-0.0413890309342147,0.00785415339752957,"WI","MA",5
0.0807345051731651,0.0510013057283601,"AL","CA",5
0.114509363431402,0.00134576402845168,"AZ","CA",5
-0.0847757920309926,0.1020439643428,"CO","CA",5
0.14507495573224,0.494609628630305,"DE","CA",5
0.0803752717437576,0.000918484993192118,"FL","CA",5
0.0725513112280226,0.00107143130378782,"GA","CA",5
-0.0366719640528225,0.000578495692751331,"IA","CA",5
0.0279468271755666,0.00257273006365212,"IL","CA",5
-0.207081034417825,0.00152501154753781,"IN","CA",5
0.315761772300666,0.00060832404312078,"KY","CA",5
-0.215727477379915,0.119971189177943,"MD","CA",5
-0.00403393721765612,0.00109393163799442,"MI","CA",5
-0.022618384314649,0.00460103987816453,"MN","CA",5
-0.0150122322448994,0.00931151601853893,"MO","CA",5
-0.00701506541749458,0.0037692846269962,"MS","CA",5
0.0856351909016711,0.00057518963842136,"NC","CA",5
0.33768349892841,0.000386917909331739,"NJ","CA",5
0.162121898001969,0.0390650423420137,"NM","CA",5
-0.146470297622285,0.000756709827168595,"NY","CA",5
-0.209452107726892,0.0183255511106482,"OH","CA",5
-0.0557210107066676,0.0283674485031951,"OK","CA",5
-0.119309578944805,0.000893258159120533,"OR","CA",5
-0.0532309064070588,0.00194906815259127,"PA","CA",5
0.01510483075378,0.0163179311142335,"SC","CA",5
-0.0928866983199617,0.000195665357641063,"TN","CA",5
0.0138637635941483,0.00155145900595745,"TX","CA",5
0.096725160331364,0.00216327572743024,"UT","CA",5
0.0997141401723385,0.00169872185475387,"WA","CA",5
-0.10125780668061,0.000521412677079128,"WI","CA",5
0.157836545120605,0.0255048215048346,"AL","CT",5
0.105997909016,0.0111313802805925,"AZ","CT",5
-0.233806968088156,0.183013008573573,"CO","CT",5
0.433676971877039,0.992202159277613,"DE","CT",5
0.113277140826155,0.00101632927204058,"FL","CT",5
0.013376201932342,0.0021230969409344,"GA","CT",5
-0.0173408299297086,0.134987880903375,"IA","CT",5
-0.096828256421817,0.00186324423032153,"IL","CT",5
-0.293258766322848,0.00270548115668063,"IN","CT",5
0.204117931871512,0.00211552321022092,"KY","CT",5
-0.244827686372745,0.172302611510206,"MD","CT",5
-0.0967698339747906,0.00131764708085932,"MI","CT",5
-0.0558722960380372,0.0262271661288063,"MN","CT",5
-0.139287780465901,0.00240554876065588,"MO","CT",5
0.12277719364905,0.000227273887545086,"MS","CT",5
-0.0100528763205081,0.00320353883285084,"NC","CT",5
0.243522271706402,0.0016774159875568,"NJ","CT",5
0.0531028660238113,0.158627996078231,"NM","CT",5
-0.0121313591605683,0.00447558979574289,"NY","CT",5
-0.188720442263431,0.00303595689910902,"OH","CT",5
0.237560502553631,0.0507024825337501,"OK","CT",5
-0.0610427450515665,0.00117826880910552,"OR","CT",5
-0.159779936808489,0.000760160107508916,"PA","CT",5
0.0622218310133822,0.00016714415502295,"SC","CT",5
-0.0190174262785292,0.0143403671926299,"TN","CT",5
0.0567428268106437,0.000492841313509028,"TX","CT",5
0.0200183314531342,0.00231112265790025,"UT","CT",5
-0.168186238538498,0.000773836938407998,"WA","CT",5
-0.0413890309342147,0.00785415339752957,"WI","CT",5
0.0795071114014815,0.0603622838039246,"AL","RI",5
0.104449245781047,0.00317731833068892,"AZ","RI",5
-0.0602661047465013,0.0693705953816012,"CO","RI",5
-0.0285324955690894,0.416101405500362,"DE","RI",5
0.105522990403015,0.00122232533514407,"FL","RI",5
0.056309277546139,0.00124853561854887,"GA","RI",5
0.0133952363346909,0.000602704913658894,"IA","RI",5
0.0334398148979776,0.000446662486918727,"IL","RI",5
-0.251346777256194,0.00145574153781622,"IN","RI",5
0.348770175275921,0.000561173991855596,"KY","RI",5
-0.200421339137678,0.135252008309393,"MD","RI",5
0.0289651411346807,0.00134113776670482,"MI","RI",5
-0.0359147778517194,0.00898815645954945,"MN","RI",5
0.012315132619957,0.00665164892930634,"MO","RI",5
-0.0141586976240433,0.0184457942460063,"MS","RI",5
0.0930418171592219,0.00486180036002376,"NC","RI",5
0.372458841897841,0.000805492510591202,"NJ","RI",5
0.0698773957215306,0.0526370774574046,"NM","RI",5
-0.240388548069525,0.000674205384027733,"NY","RI",5
-0.224396424251111,0.0213489292228055,"OH","RI",5
-0.0777018433249757,0.0518578886805413,"OK","RI",5
0.186652689763451,0.0017667855990129,"OR","RI",5
-0.158692543938736,0.00113257253590082,"PA","RI",5
0.145846728710749,0.033876730209563,"SC","RI",5
-0.0402522571116546,0.000529451022283157,"TN","RI",5
0.0317409493762681,0.00650399613644833,"TX","RI",5
0.18763663663037,0.000410488844693779,"UT","RI",5
0.183609001973427,0.00081721285260528,"WA","RI",5
-0.168339518987314,0.00146478466397442,"WI","RI",5
0.0393987811643636,0.0107894175684488,"AL","VT",5
0.167697256963573,0.00178362600280166,"AZ","VT",5
-0.213194142044407,0.0537180585070807,"CO","VT",5
0.582583145705063,0.454179875722536,"DE","VT",5
0.090934655607021,0.000778278148170943,"FL","VT",5
0.0088030789863591,0.000745897244222511,"GA","VT",5
-0.00150147746107056,0.186804202598679,"IA","VT",5
-0.0819022152552931,0.00131266059838847,"IL","VT",5
-0.145821162209569,0.00130013273986689,"IN","VT",5
0.180389026385673,0.000542260825058862,"KY","VT",5
-0.268938028269297,0.127624748561869,"MD","VT",5
-0.12869176577248,0.000765574730810959,"MI","VT",5
-0.0535194006419995,0.035021955271932,"MN","VT",5
-0.127957180482883,0.139346573891853,"MO","VT",5
0.050955870576359,0.000679123856213306,"MS","VT",5
-0.0510513368335116,0.000376028981023601,"NC","VT",5
0.124154587658493,0.015196194989611,"NJ","VT",5
0.269705131057129,0.0340098102503583,"NM","VT",5
-0.0179725879678925,0.000803667440789303,"NY","VT",5
-0.150421612161515,0.00226727957987416,"OH","VT",5
0.229115794590241,0.0176008376648171,"OK","VT",5
0.305048525109778,0.000712611498300148,"OR","VT",5
-0.0814443827988282,0.00124803998742751,"PA","VT",5
0.124827375448933,0.000267175485143365,"SC","VT",5
0.0291776684987503,0.00127416344264496,"TN","VT",5
-0.0882979610389891,0.000451165828276881,"TX","VT",5
-0.0355027141454184,0.00121616444231388,"UT","VT",5
-0.113292968786991,0.000576344873893174,"WA","VT",5
-0.0284793145432047,0.00412862462566573,"WI","VT",5
0.128324356722512,0.0354586648197395,"AL","MA",6
0.102208777365814,0.00823534345612082,"AZ","MA",6
-0.172173638931154,0.186112566799287,"CO","MA",6
0.388260955942578,1.0504420386012,"DE","MA",6
0.0953645820300545,0.00123332207509305,"FL","MA",6
0.00400815560288586,0.00226610814071741,"GA","MA",6
-0.0275986794622501,0.102608698033133,"IA","MA",6
0.0567847384109419,0.00174026853892942,"IL","MA",6
-0.271503923555166,0.00715301887034794,"IN","MA",6
0.200649731498183,0.00122236040889466,"KY","MA",6
-0.239300882600587,0.176688639917482,"MD","MA",6
0.0519456146086152,0.00138836883400023,"MI","MA",6
-0.0493647645292051,0.0553866349622685,"MN","MA",6
-0.120290901346944,0.00994772900456058,"MO","MA",6
0.145254641388548,0.000592573420581727,"MS","MA",6
-0.0531520084802993,0.00080853664345116,"NC","MA",6
0.0958919469525802,0.00125364804053876,"NJ","MA",6
0.0739202081629994,0.16847267670348,"NM","MA",6
-0.11392792285846,0.00108033713070362,"NY","MA",6
-0.184844844979173,0.00547349301564629,"OH","MA",6
0.189292602852534,0.0665455230626615,"OK","MA",6
-0.0386058452777272,0.00191675107376836,"OR","MA",6
0.0435327074242347,0.00058698581330551,"PA","MA",6
0.102657004937096,0.000250564593753517,"SC","MA",6
0.0290351168489173,0.0260026760981298,"TN","MA",6
-0.101429385873047,0.00024551122763188,"TX","MA",6
0.0462337911814255,0.00211089158728444,"UT","MA",6
-0.13001139592374,0.00267355840454713,"WA","MA",6
-0.0770123090727756,0.00643144401045209,"WI","MA",6
0.0894317559218288,0.0541500637959885,"AL","CA",6
0.154903779400478,0.000711172943150098,"AZ","CA",6
-0.111273352482381,0.119825121408425,"CO","CA",6
0.113316935722805,0.489669926262826,"DE","CA",6
0.0643222863443585,0.00046196361974013,"FL","CA",6
0.0523345901593149,0.00110799108937395,"GA","CA",6
0.0264013068380125,0.00142638182575151,"IA","CA",6
0.0802916475575165,0.00362021534757312,"IL","CA",6
-0.223502332472422,0.00182053919095769,"IN","CA",6
0.41515930908046,0.000121572323871778,"KY","CA",6
-0.205221506534319,0.130061005713155,"MD","CA",6
0.0169036906606172,0.00115427151869026,"MI","CA",6
0.00308504053646558,0.00561618299196871,"MN","CA",6
0.000549927551805582,0.0251532811701558,"MO","CA",6
0.00678330647706257,0.0043134069913474,"MS","CA",6
0.085273037627358,0.000743857668535301,"NC","CA",6
0.255348629458115,0.000329756562898459,"NJ","CA",6
0.164082259667002,0.0418886363862185,"NM","CA",6
-0.149758683605373,0.000566519884010537,"NY","CA",6
-0.253871950397183,0.0232278964347999,"OH","CA",6
-0.026724972623922,0.0314665439753629,"OK","CA",6
0.082434363435511,0.00262348147190885,"OR","CA",6
0.0357753908754876,0.00292511201561911,"PA","CA",6
0.0804301954420259,0.0154108116024343,"SC","CA",6
-0.0493926498715701,0.000978174534541744,"TN","CA",6
-0.014572168082437,0.00144987995524166,"TX","CA",6
0.197511955770644,0.00172711724010344,"UT","CA",6
0.0175400751028413,0.00135776914133111,"WA","CA",6
0.0799968987886501,0.000866788217372107,"WI","CA",6
0.128324356722512,0.0354586648197395,"AL","CT",6
0.102208777365814,0.00823534345612082,"AZ","CT",6
-0.172173638931154,0.186112566799287,"CO","CT",6
0.388260955942578,1.0504420386012,"DE","CT",6
0.0953645820300545,0.00123332207509305,"FL","CT",6
0.00400815560288586,0.00226610814071741,"GA","CT",6
-0.0275986794622501,0.102608698033133,"IA","CT",6
0.0567847384109419,0.00174026853892942,"IL","CT",6
-0.271503923555166,0.00715301887034794,"IN","CT",6
0.200649731498183,0.00122236040889466,"KY","CT",6
-0.239300882600587,0.176688639917482,"MD","CT",6
0.0519456146086152,0.00138836883400023,"MI","CT",6
-0.0493647645292051,0.0553866349622685,"MN","CT",6
-0.120290901346944,0.00994772900456058,"MO","CT",6
0.145254641388548,0.000592573420581727,"MS","CT",6
-0.0531520084802993,0.00080853664345116,"NC","CT",6
0.0958919469525802,0.00125364804053876,"NJ","CT",6
0.0739202081629994,0.16847267670348,"NM","CT",6
-0.11392792285846,0.00108033713070362,"NY","CT",6
-0.184844844979173,0.00547349301564629,"OH","CT",6
0.189292602852534,0.0665455230626615,"OK","CT",6
-0.0386058452777272,0.00191675107376836,"OR","CT",6
0.0435327074242347,0.00058698581330551,"PA","CT",6
0.102657004937096,0.000250564593753517,"SC","CT",6
0.0290351168489173,0.0260026760981298,"TN","CT",6
-0.101429385873047,0.00024551122763188,"TX","CT",6
0.0462337911814255,0.00211089158728444,"UT","CT",6
-0.13001139592374,0.00267355840454713,"WA","CT",6
-0.0770123090727756,0.00643144401045209,"WI","CT",6
0.0555789474480653,0.0620579408101601,"AL","RI",6
0.125832732378997,0.00158458303136391,"AZ","RI",6
-0.0992665629361887,0.0786920437657527,"CO","RI",6
0.0625336482909095,0.430853433268975,"DE","RI",6
0.0748180825069974,0.000976474677318107,"FL","RI",6
0.0818766074356734,0.00194460282486181,"GA","RI",6
0.0382395865923828,0.000996198588343221,"IA","RI",6
0.0631980104163364,0.00235222710401248,"IL","RI",6
-0.262289455396642,0.00201922035752886,"IN","RI",6
0.436204444224017,0.00188440269637133,"KY","RI",6
-0.209930392287095,0.142167519749011,"MD","RI",6
-0.0101322858598388,0.00525594237078865,"MI","RI",6
0.00180561583303257,0.00735927642510451,"MN","RI",6
-0.00973343576102509,0.0165459378545839,"MO","RI",6
-0.0162292953294325,0.0136240438756463,"MS","RI",6
0.108425122474931,0.000500604568748892,"NC","RI",6
0.24593699813267,0.00101323874814366,"NJ","RI",6
0.193440869008872,0.0400003545264414,"NM","RI",6
-0.138351272831688,0.000310458401929,"NY","RI",6
-0.206946098771529,0.026006678140826,"OH","RI",6
-0.0537020113654538,0.0576816235225042,"OK","RI",6
0.108095927130541,0.00129810088288254,"OR","RI",6
0.030486054081001,0.00298103631979942,"PA","RI",6
0.108278258365574,0.0271104780662645,"SC","RI",6
-0.130541821580988,0.000979625108914642,"TN","RI",6
0.0856818632082798,0.00436659702053157,"TX","RI",6
0.238936959609593,0.000421406947371469,"UT","RI",6
-0.0211593834777741,0.00122094879348837,"WA","RI",6
-0.0431282188095162,0.0014508101827227,"WI","RI",6
0.0148088800833576,0.0207047539804871,"AL","VT",6
0.0885188196202934,0.00271386485471225,"AZ","VT",6
-0.20987870096858,0.048993778391408,"CO","VT",6
0.587163802997522,0.503822320103098,"DE","VT",6
0.0966426270435273,0.0002673358064167,"FL","VT",6
0.0162447449064703,0.000184268271104198,"GA","VT",6
-0.0224661211432069,0.158724320055997,"IA","VT",6
0.0310707034516503,0.000638530346764211,"IL","VT",6
-0.173788895126722,0.00111229876881247,"IN","VT",6
0.159893069376512,0.000347864600124345,"KY","VT",6
-0.24997687298072,0.131274936836303,"MD","VT",6
-0.110817560051971,0.000289033726218699,"MI","VT",6
-0.0500439834448893,0.0609600340155928,"MN","VT",6
-0.154500329934762,0.148747465899059,"MO","VT",6
0.138368309179335,0.000910304716256746,"MS","VT",6
-0.0245845431456051,0.000551322480897935,"NC","VT",6
0.236334002669129,0.0248156222705567,"NJ","VT",6
0.242725929456931,0.033302928831323,"NM","VT",6
-0.0674477017136105,0.00271246631996233,"NY","VT",6
-0.173406896447544,0.0108163884451178,"OH","VT",6
0.175926283371403,0.0308840012853545,"OK","VT",6
0.130204054192372,0.000234126330025605,"OR","VT",6
-0.00601413220245333,0.000945967730707788,"PA","VT",6
0.129508743856222,0.00168032361827264,"SC","VT",6
0.00643356774850173,0.00453524638455249,"TN","VT",6
-0.0964806254319729,0.000465180582979887,"TX","VT",6
0.0222697871865253,0.0031866807888985,"UT","VT",6
-0.124408231106975,0.000623211437511487,"WA","VT",6
0.0238474109796714,0.00377412926108607,"WI","VT",6
0.0927871493130459,0.0418488490521388,"AL","MA",7
0.145487464674996,0.00936842503452242,"AZ","MA",7
-0.214912838882295,0.191374682835209,"CO","MA",7
0.371176085854748,1.09865876536782,"DE","MA",7
0.104030229160147,0.000340393011438367,"FL","MA",7
-0.0490391907465884,0.00277081257226778,"GA","MA",7
0.0225697961122697,0.170719837684563,"IA","MA",7
-0.0482145207292814,0.00212852189131439,"IL","MA",7
-0.259010241498428,0.0117032211357052,"IN","MA",7
0.195667850392765,0.000285928867905946,"KY","MA",7
-0.246494922889791,0.177146037640086,"MD","MA",7
-0.0984440399006587,0.000306463402955651,"MI","MA",7
-0.0738305024595807,0.0753267108926061,"MN","MA",7
-0.137834049168074,0.0166553434722624,"MO","MA",7
0.106886154207296,0.00338830374272964,"MS","MA",7
-0.0580541279096271,0.00226788434887746,"NC","MA",7
0.106173127913311,0.00107998841357639,"NJ","MA",7
0.106053710410286,0.178059363099381,"NM","MA",7
-0.176353741181615,0.0022568944366324,"NY","MA",7
-0.156632277773978,0.00333349600596944,"OH","MA",7
0.203304100174111,0.0969382635100733,"OK","MA",7
0.0825593935619977,0.00188715040386183,"OR","MA",7
-0.121859229716415,0.00081789460272989,"PA","MA",7
0.284009910367875,0.000599758391887273,"SC","MA",7
-0.0238097259601344,0.0351951748379877,"TN","MA",7
-0.0609873452234255,0.000377709828912566,"TX","MA",7
0.00234941565695359,0.0024257851276838,"UT","MA",7
-0.101408268879498,0.000539478180927562,"WA","MA",7
-0.124300437988927,0.00426329094930498,"WI","MA",7
0.0480376995796272,0.0538534498657112,"AL","CA",7
-0.0135303385618074,0.000496758928470235,"AZ","CA",7
-0.10912646096921,0.128456206368983,"CO","CA",7
0.172504162785261,0.510593070184091,"DE","CA",7
0.087264228581207,0.00299989736481054,"FL","CA",7
0.00639905446387544,0.0015115571183674,"GA","CA",7
0.0243182448578383,0.000981604725730793,"IA","CA",7
0.0192335046462563,0.00151866152375831,"IL","CA",7
-0.230858038922743,0.00168770366656085,"IN","CA",7
0.261213404747784,0.000278296682871461,"KY","CA",7
-0.235940578044712,0.132343105876562,"MD","CA",7
0.0634221101780745,0.00241905239427467,"MI","CA",7
0.00836065672547604,0.000860742982739367,"MN","CA",7
-0.0576072362464537,0.0330948728997377,"MO","CA",7
-0.0141182750746371,0.00858951349066308,"MS","CA",7
0.0550381491603504,0.000638974471613035,"NC","CA",7
0.256057723141533,0.000771893813303895,"NJ","CA",7
0.139384233076112,0.0506866841135219,"NM","CA",7
-0.149618960899891,0.000276411719661953,"NY","CA",7
-0.247393815571942,0.026694539236213,"OH","CA",7
-0.0297022167139998,0.0326691836503054,"OK","CA",7
0.117100157997947,0.000371977968415271,"OR","CA",7
0.0331998396365519,0.000547681805929085,"PA","CA",7
0.0163667718838459,0.0179646762686929,"SC","CA",7
-0.0612786383758707,0.000801151294536818,"TN","CA",7
0.0782249170857744,0.000420785809337987,"TX","CA",7
0.17652363996098,0.00376387824752706,"UT","CA",7
-0.0546160703480775,0.000633684094183364,"WA","CA",7
-0.121802990977949,0.00294032212188397,"WI","CA",7
0.0927871493130459,0.0418488490521388,"AL","CT",7
0.145487464674996,0.00936842503452242,"AZ","CT",7
-0.214912838882295,0.191374682835209,"CO","CT",7
0.371176085854748,1.09865876536782,"DE","CT",7
0.104030229160147,0.000340393011438367,"FL","CT",7
-0.0490391907465884,0.00277081257226778,"GA","CT",7
0.0225697961122697,0.170719837684563,"IA","CT",7
-0.0482145207292814,0.00212852189131439,"IL","CT",7
-0.259010241498428,0.0117032211357052,"IN","CT",7
0.195667850392765,0.000285928867905946,"KY","CT",7
-0.246494922889791,0.177146037640086,"MD","CT",7
-0.0984440399006587,0.000306463402955651,"MI","CT",7
-0.0738305024595807,0.0753267108926061,"MN","CT",7
-0.137834049168074,0.0166553434722624,"MO","CT",7
0.106886154207296,0.00338830374272964,"MS","CT",7
-0.0580541279096271,0.00226788434887746,"NC","CT",7
0.106173127913311,0.00107998841357639,"NJ","CT",7
0.106053710410286,0.178059363099381,"NM","CT",7
-0.176353741181615,0.0022568944366324,"NY","CT",7
-0.156632277773978,0.00333349600596944,"OH","CT",7
0.203304100174111,0.0969382635100733,"OK","CT",7
0.0825593935619977,0.00188715040386183,"OR","CT",7
-0.121859229716415,0.00081789460272989,"PA","CT",7
0.284009910367875,0.000599758391887273,"SC","CT",7
-0.0238097259601344,0.0351951748379877,"TN","CT",7
-0.0609873452234255,0.000377709828912566,"TX","CT",7
0.00234941565695359,0.0024257851276838,"UT","CT",7
-0.101408268879498,0.000539478180927562,"WA","CT",7
-0.124300437988927,0.00426329094930498,"WI","CT",7
0.0637206032761448,0.0648744751490441,"AL","RI",7
0.174787774598333,0.00142865586172912,"AZ","RI",7
-0.121700809406904,0.0890036469078052,"CO","RI",7
-0.0571067758405538,0.437627720512342,"DE","RI",7
0.0517165053716526,0.00105340916677448,"FL","RI",7
-0.00895865793557181,0.00143306295821745,"GA","RI",7
0.0300413698884453,0.000676425960347708,"IA","RI",7
-0.0113567212785542,0.00120122654602824,"IL","RI",7
-0.15756683325152,0.00029004957493171,"IN","RI",7
0.287593250628582,0.000853818144874297,"KY","RI",7
-0.232517444888579,0.14615654978155,"MD","RI",7
0.0141484296224962,0.00540196120304246,"MI","RI",7
-0.0406129088028255,0.00868465679358752,"MN","RI",7
-0.0421172625670648,0.0332535164127451,"MO","RI",7
-0.0228192511466783,0.0228456271089911,"MS","RI",7
0.077933144335251,0.00176849312599331,"NC","RI",7
0.186567746160601,0.0018349281345262,"NJ","RI",7
0.2250481407313,0.040852519477512,"NM","RI",7
-0.0809421213602474,0.0011587561146387,"NY","RI",7
-0.199972440664942,0.0291663698606663,"OH","RI",7
-0.0673130921363954,0.0660134042832736,"OK","RI",7
0.03637163792536,0.000898162175644934,"OR","RI",7
0.101801395838683,0.000547351844393465,"PA","RI",7
0.135867686578397,0.039349026998251,"SC","RI",7
-0.0782197083695931,0.000197350705314057,"TN","RI",7
0.0337466094452343,0.00398849945713932,"TX","RI",7
0.141262782954573,0.00167829434215187,"UT","RI",7
0.0405894572491334,0.00275697081612837,"WA","RI",7
-0.170114646108891,0.00337311824507719,"WI","RI",7
0.0168894325069244,0.0319887100161411,"AL","VT",7
0.0958605384332502,0.00177092807048145,"AZ","VT",7
-0.202441725500657,0.0468026518950119,"CO","VT",7
0.645749935634945,0.547103871408367,"DE","VT",7
0.0766000723505043,0.000416206482682601,"FL","VT",7
-0.0644994579611555,0.000311771888131608,"GA","VT",7
0.0748815605643668,0.214267589672216,"IA","VT",7
0.150395158826525,0.000265295679716533,"IL","VT",7
-0.155446461812436,0.0018701723867387,"IN","VT",7
0.126314512008547,0.00105486275231685,"KY","VT",7
-0.238350120835746,0.13135448603598,"MD","VT",7
-0.103066681866906,0.000267570573419542,"MI","VT",7
-0.0731748104833413,0.0817434535850942,"MN","VT",7
-0.158274517432686,0.163920262265067,"MO","VT",7
0.122942472086941,0.00405742486883702,"MS","VT",7
-0.0528157338611884,0.000938300530007547,"NC","VT",7
0.263666991713322,0.0277071644467921,"NJ","VT",7
0.209932087817801,0.0357601402550742,"NM","VT",7
0.00869928409996294,0.00187336443853602,"NY","VT",7
-0.151269389008108,0.0133983182552582,"OH","VT",7
0.177159065666804,0.0344766162466625,"OK","VT",7
0.0865936555584405,0.000589710568282527,"OR","VT",7
-0.00900155111651244,0.00103955797079962,"PA","VT",7
0.158602039958859,0.00126870132134831,"SC","VT",7
0.0179515109883837,0.00311069450254145,"TN","VT",7
-0.0330639830269282,0.00014977794376218,"TX","VT",7
-0.00330184334557197,0.000293355807863283,"UT","VT",7
-0.00635462508298846,0.000772351271789096,"WA","VT",7
-0.101971283355707,0.00242733944157977,"WI","VT",7
0.0845099072336263,0.0471433801603905,"AL","MA",8
0.0394943141998558,0.0168642760448297,"AZ","MA",8
-0.226976330144869,0.196743475640321,"CO","MA",8
0.418214571132903,1.09521290731415,"DE","MA",8
0.184166948956932,0.00165748349797788,"FL","MA",8
-0.0355410724833517,0.000710203795853305,"GA","MA",8
-0.0171403473148113,0.117354292506347,"IA","MA",8
0.0636714179816716,0.00112826368565333,"IL","MA",8
-0.26630318769893,0.0157283346624835,"IN","MA",8
0.219483724925322,0.00121409864319571,"KY","MA",8
-0.24716345885712,0.185272769479949,"MD","MA",8
-0.031501291671766,0.000839300598903377,"MI","MA",8
-0.0803048577296228,0.0895707826519253,"MN","MA",8
-0.128186528231643,0.0239858611964968,"MO","MA",8
0.0916129045058426,0.0060659690582354,"MS","MA",8
-0.0507598044875653,0.00108661095400707,"NC","MA",8
0.188763771781277,0.00180061211635945,"NJ","MA",8
0.164343583347648,0.180712782245434,"NM","MA",8
-0.0650372014510384,0.00543498342423081,"NY","MA",8
-0.1432173078548,0.030059038074434,"OH","MA",8
0.123878574437471,0.103060413595337,"OK","MA",8
-0.0154091915771989,0.00345700283990887,"OR","MA",8
-0.0974541004874217,0.00155415428645127,"PA","MA",8
0.194380985857505,0.00100489704447379,"SC","MA",8
0.0618420949778364,0.0421226065225858,"TN","MA",8
-0.0637952104722811,2.63262051297912e-05,"TX","MA",8
-0.0537045155888776,0.00187642309608375,"UT","MA",8
-0.164118689202888,0.00109487733271306,"WA","MA",8
-0.0524189153906782,0.00568534285432105,"WI","MA",8
0.0609930547500799,0.0549901835858421,"AL","CA",8
0.203128202904583,0.000917642395097609,"AZ","CA",8
-0.138987821182991,0.140827616999263,"CO","CA",8
0.0784384810227845,0.542517865716265,"DE","CA",8
0.0691257558712882,0.00197803846168977,"FL","CA",8
-0.00590311052427188,0.0017762913964571,"GA","CA",8
0.0129401992102356,0.000625190217073398,"IA","CA",8
0.0581893081887875,0.000801677927480577,"IL","CA",8
-0.167728223158411,0.0035613424229009,"IN","CA",8
0.256488589314122,0.000165792846886564,"KY","CA",8
-0.221820075674142,0.137556255872198,"MD","CA",8
-0.0162265859732375,0.00217068041923715,"MI","CA",8
-0.0489371286071634,0.00412155407242113,"MN","CA",8
-0.0760870806589915,0.0576936073710294,"MO","CA",8
0.00771819249168736,0.0102817292009932,"MS","CA",8
0.039278369894557,0.000378003949677056,"NC","CA",8
0.234231911005044,9.80748221711297e-05,"NJ","CA",8
0.109758097005191,0.0501698367265899,"NM","CA",8
-0.141385109663576,0.000296036709229823,"NY","CA",8
-0.201993115599131,0.0262740254791837,"OH","CA",8
-0.0660544422837001,0.0408257251307319,"OK","CA",8
0.242653017368959,0.000810272799901819,"OR","CA",8
0.0853172534458172,0.000812297418639975,"PA","CA",8
0.0906119422373799,0.0146633321639006,"SC","CA",8
-0.076478157099025,0.000597590632917853,"TN","CA",8
0.0701092492695571,0.00099989226261806,"TX","CA",8
0.317522591278029,0.00201659666246021,"UT","CA",8
-0.00306654039644437,0.000857877210162447,"WA","CA",8
0.00633238578086748,0.000914029909021221,"WI","CA",8
0.0845099072336263,0.0471433801603905,"AL","CT",8
0.0394943141998558,0.0168642760448297,"AZ","CT",8
-0.226976330144869,0.196743475640321,"CO","CT",8
0.418214571132903,1.09521290731415,"DE","CT",8
0.184166948956932,0.00165748349797788,"FL","CT",8
-0.0355410724833517,0.000710203795853305,"GA","CT",8
-0.0171403473148113,0.117354292506347,"IA","CT",8
0.0636714179816716,0.00112826368565333,"IL","CT",8
-0.26630318769893,0.0157283346624835,"IN","CT",8
0.219483724925322,0.00121409864319571,"KY","CT",8
-0.24716345885712,0.185272769479949,"MD","CT",8
-0.031501291671766,0.000839300598903377,"MI","CT",8
-0.0803048577296228,0.0895707826519253,"MN","CT",8
-0.128186528231643,0.0239858611964968,"MO","CT",8
0.0916129045058426,0.0060659690582354,"MS","CT",8
-0.0507598044875653,0.00108661095400707,"NC","CT",8
0.188763771781277,0.00180061211635945,"NJ","CT",8
0.164343583347648,0.180712782245434,"NM","CT",8
-0.0650372014510384,0.00543498342423081,"NY","CT",8
-0.1432173078548,0.030059038074434,"OH","CT",8
0.123878574437471,0.103060413595337,"OK","CT",8
-0.0154091915771989,0.00345700283990887,"OR","CT",8
-0.0974541004874217,0.00155415428645127,"PA","CT",8
0.194380985857505,0.00100489704447379,"SC","CT",8
0.0618420949778364,0.0421226065225858,"TN","CT",8
-0.0637952104722811,2.63262051297912e-05,"TX","CT",8
-0.0537045155888776,0.00187642309608375,"UT","CT",8
-0.164118689202888,0.00109487733271306,"WA","CT",8
-0.0524189153906782,0.00568534285432105,"WI","CT",8
0.0307523703363311,0.0683270804717465,"AL","RI",8
0.0659314345493128,0.000254653031035189,"AZ","RI",8
-0.0979469910567539,0.0993871386364186,"CO","RI",8
-0.0410480259188041,0.464554155105054,"DE","RI",8
0.078870658752561,0.00368700343945618,"FL","RI",8
-0.0475085726682516,0.000688240329439016,"GA","RI",8
0.0522448376583705,0.000554343237348598,"IA","RI",8
0.0392588405082691,0.00144916772853817,"IL","RI",8
-0.259521256028096,0.00112711384249603,"IN","RI",8
0.415823219137752,0.000121164842865104,"KY","RI",8
-0.216458546833448,0.150621980210963,"MD","RI",8
-0.00225239441876398,0.0117002830319187,"MI","RI",8
-0.0315420545635716,0.0162787067036777,"MN","RI",8
-0.0121892009923662,0.0488967416873372,"MO","RI",8
-0.000458592249179155,0.0266916661302222,"MS","RI",8
0.0580234335790094,0.00086749191634862,"NC","RI",8
0.28765531787451,0.00134067232560272,"NJ","RI",8
0.133442214546615,0.0451544244302913,"NM","RI",8
-0.147191224083025,0.000853596836547767,"NY","RI",8
-0.208495612798524,0.0301822653629322,"OH","RI",8
-0.072332890891991,0.0640737443820389,"OK","RI",8
0.0163051452155091,0.000942189951730099,"OR","RI",8
0.132903143981554,0.00165600861081646,"PA","RI",8
0.0695265113289947,0.0414834130434669,"SC","RI",8
-0.0735675959145348,0.000783207502194063,"TN","RI",8
0.0582603117593243,0.0107658241483293,"TX","RI",8
0.135036198644649,0.00128058491223252,"UT","RI",8
-0.109305680044879,0.000540633399155726,"WA","RI",8
-0.165585513822723,0.00149228138392201,"WI","RI",8
0.0227755359179103,0.0384659103890006,"AL","VT",8
0.101001860767261,0.0032800381312682,"AZ","VT",8
-0.231469024830198,0.0569594216017853,"CO","VT",8
0.62316728762363,0.556986565385715,"DE","VT",8
0.0895014885539321,0.000432907072919126,"FL","VT",8
-0.0776104915024348,0.00115695249005037,"GA","VT",8
-0.00618199889394092,0.179268737456125,"IA","VT",8
-0.0460476255594534,0.000907135192904752,"IL","VT",8
-0.139686702443871,0.00556063362397191,"IN","VT",8
0.181312440417562,0.000395002575549903,"KY","VT",8
-0.256602364861304,0.135908765447968,"MD","VT",8
-0.0421595194839192,0.000422296644268281,"MI","VT",8
-0.0800025107797589,0.0918760767801018,"MN","VT",8
-0.187029590375667,0.175033585344833,"MO","VT",8
0.124633015633415,0.00366083651459166,"MS","VT",8
-0.0357204952374961,0.00182671437930401,"NC","VT",8
0.154136091438685,0.0285164673359692,"NJ","VT",8
0.205046124976489,0.0375763952341411,"NM","VT",8
-0.12255792945715,0.00216970375541393,"NY","VT",8
-0.117801563201915,0.0182949921053381,"OH","VT",8
0.138574569498653,0.040417728804872,"OK","VT",8
0.0373277274572787,0.00149433612364812,"OR","VT",8
0.0792112338270188,0.00156094933305562,"PA","VT",8
0.185707371200222,0.00140048637853434,"SC","VT",8
0.010775723748599,0.00501834362874479,"TN","VT",8
-0.108382269782057,0.000274853843144769,"TX","VT",8
-0.0112262582265472,0.00160681393084114,"UT","VT",8
0.0702601969240894,0.00112947704925651,"WA","VT",8
-0.139180631859229,0.00272581731821415,"WI","VT",8
0.0673154442543619,0.0502926953704869,"AL","MA",9
0.160111856148015,0.0438947161006901,"AZ","MA",9
-0.187550785217028,0.202974100346152,"CO","MA",9
0.42016849131814,1.19128903824295,"DE","MA",9
0.109480753959534,0.00066145781726197,"FL","MA",9
-0.0102959084133202,0.00310969529828124,"GA","MA",9
0.0113243124387253,0.174693488000028,"IA","MA",9
0.0879991896969196,0.00163783132530139,"IL","MA",9
-0.243107147577482,0.0181348666982491,"IN","MA",9
0.210100886457787,0.000373088491726287,"KY","MA",9
-0.242025299109156,0.184745616753685,"MD","MA",9
-0.0544697042462535,0.000500138454979383,"MI","MA",9
-0.0517427690800129,0.116771674501961,"MN","MA",9
-0.113298847897386,0.0229835648324798,"MO","MA",9
0.119947973963018,0.00719092737606631,"MS","MA",9
-0.00697497360925265,0.00202605553556492,"NC","MA",9
0.117890824947189,0.00291796692186177,"NJ","MA",9
0.129590366417382,0.185117659717769,"NM","MA",9
0.0313533975197312,0.00615228501831033,"NY","MA",9
-0.15954617264899,0.0288097866039729,"OH","MA",9
0.102454265305023,0.112869114921308,"OK","MA",9
0.110742409141225,0.00158180875287514,"OR","MA",9
-0.0599557374680221,0.00171615659674583,"PA","MA",9
0.198166342852731,0.000345567399319429,"SC","MA",9
-0.00691523769368536,0.0421190860214299,"TN","MA",9
-0.0747492438766292,0.000528942980459284,"TX","MA",9
0.00554906008728126,0.00171070759950851,"UT","MA",9
0.0299728871536608,0.00168729747340205,"WA","MA",9
-0.104768941099497,0.00290562986267183,"WI","MA",9
0.0643259005542872,0.0549335107749566,"AL","CA",9
0.12280846358088,0.000177868468443569,"AZ","CA",9
-0.114577013176024,0.145761673476453,"CO","CA",9
0.0789851328637857,0.535607382507391,"DE","CA",9
0.110363892691315,0.00709987514697669,"FL","CA",9
-0.00883141425767538,0.00232414140927958,"GA","CA",9
0.0402686047541552,0.000772860867472105,"IA","CA",9
0.103081544176312,0.000345284726010797,"IL","CA",9
-0.169612717979401,0.00309885052796301,"IN","CA",9
0.285758442627938,0.000171300367054256,"KY","CA",9
-0.224590012130452,0.14527015099518,"MD","CA",9
-0.0488091696349733,0.00750599895100915,"MI","CA",9
-0.0557975511694562,0.00427893567176375,"MN","CA",9
-0.0784244155102745,0.0654216562733638,"MO","CA",9
-0.0199874644246323,0.0102981953695244,"MS","CA",9
0.0852842650290025,0.000215298461757615,"NC","CA",9
0.277195928974968,0.0014758623306747,"NJ","CA",9
0.0749767661978202,0.0734404000430174,"NM","CA",9
-0.204875485785158,0.00061373784803871,"NY","CA",9
-0.19966115133079,0.0300039930631101,"OH","CA",9
-0.018333220428222,0.0406910616673022,"OK","CA",9
0.0478423789635155,0.00180780536024663,"OR","CA",9
0.0734548114314453,0.000304329069626743,"PA","CA",9
0.0648618014570236,0.0174073511445595,"SC","CA",9
-0.0694076584193634,0.000592622473180192,"TN","CA",9
0.0531932430357932,0.000397979803751062,"TX","CA",9
0.13851028725991,0.00455806360653079,"UT","CA",9
-0.0420853784150816,0.00128921985177452,"WA","CA",9
-0.161885702963872,0.000128434612591071,"WI","CA",9
0.0673154442543619,0.0502926953704869,"AL","CT",9
0.160111856148015,0.0438947161006901,"AZ","CT",9
-0.187550785217028,0.202974100346152,"CO","CT",9
0.42016849131814,1.19128903824295,"DE","CT",9
0.109480753959534,0.00066145781726197,"FL","CT",9
-0.0102959084133202,0.00310969529828124,"GA","CT",9
0.0113243124387253,0.174693488000028,"IA","CT",9
0.0879991896969196,0.00163783132530139,"IL","CT",9
-0.243107147577482,0.0181348666982491,"IN","CT",9
0.210100886457787,0.000373088491726287,"KY","CT",9
-0.242025299109156,0.184745616753685,"MD","CT",9
-0.0544697042462535,0.000500138454979383,"MI","CT",9
-0.0517427690800129,0.116771674501961,"MN","CT",9
-0.113298847897386,0.0229835648324798,"MO","CT",9
0.119947973963018,0.00719092737606631,"MS","CT",9
-0.00697497360925265,0.00202605553556492,"NC","CT",9
0.117890824947189,0.00291796692186177,"NJ","CT",9
0.129590366417382,0.185117659717769,"NM","CT",9
0.0313533975197312,0.00615228501831033,"NY","CT",9
-0.15954617264899,0.0288097866039729,"OH","CT",9
0.102454265305023,0.112869114921308,"OK","CT",9
0.110742409141225,0.00158180875287514,"OR","CT",9
-0.0599557374680221,0.00171615659674583,"PA","CT",9
0.198166342852731,0.000345567399319429,"SC","CT",9
-0.00691523769368536,0.0421190860214299,"TN","CT",9
-0.0747492438766292,0.000528942980459284,"TX","CT",9
0.00554906008728126,0.00171070759950851,"UT","CT",9
0.0299728871536608,0.00168729747340205,"WA","CT",9
-0.104768941099497,0.00290562986267183,"WI","CT",9
0.0313785477645812,0.0697536598770669,"AL","RI",9
0.0989766716049474,0.000685217110482818,"AZ","RI",9
-0.14568697984923,0.105955678602079,"CO","RI",9
0.00910007671029316,0.451451861730753,"DE","RI",9
0.0560590386612425,0.00702255333117083,"FL","RI",9
0.0294287233152295,0.00161090403043536,"GA","RI",9
0.0389287516474493,0.000411150971024192,"IA","RI",9
0.00752959723360319,0.00136528852225233,"IL","RI",9
-0.239842601638449,0.00207425931640476,"IN","RI",9
0.456446053328899,0.000367624958136413,"KY","RI",9
-0.226493265441886,0.15570192775413,"MD","RI",9
0.0205089623704469,0.0197960235853241,"MI","RI",9
-0.0353488218419598,0.0194556738050765,"MN","RI",9
-0.0414340388799993,0.0536920034412975,"MO","RI",9
-0.0309922005075386,0.0298058549716047,"MS","RI",9
0.0969079329764586,0.00116952885719249,"NC","RI",9
0.288368204944212,0.00291507094820064,"NJ","RI",9
0.143645905363132,0.0554875282805034,"NM","RI",9
-0.11750820971838,0.000551018318735667,"NY","RI",9
-0.226953054557109,0.0338161191552994,"OH","RI",9
-0.0565573747512735,0.0702332707725648,"OK","RI",9
0.078599494443746,0.001184874354054,"OR","RI",9
0.175035906145744,0.00026768557815999,"PA","RI",9
0.0700808666822793,0.0425181961505111,"SC","RI",9
-0.110600417606967,0.000387693382536402,"TN","RI",9
0.0391080368547731,0.0152369651340696,"TX","RI",9
0.165458319856395,0.000378887845056964,"UT","RI",9
0.0665816403478698,0.000507563905182644,"WA","RI",9
-0.0436006657051407,0.00247679013302838,"WI","RI",9
0.0172029701012131,0.0474311344281102,"AL","VT",9
0.079220031562053,0.0189044701742588,"AZ","VT",9
-0.222243979862368,0.0608669563261611,"CO","VT",9
0.650372559250452,0.596148073475637,"DE","VT",9
0.0745015378119831,0.000636369769364949,"FL","VT",9
-0.052577134083506,0.000767422299852856,"GA","VT",9
0.0263457494621052,0.225557777126179,"IA","VT",9
-0.0819823280528564,0.00185957806512182,"IL","VT",9
-0.173860794151886,0.00724328562584638,"IN","VT",9
0.228808615298269,0.000783159511707683,"KY","VT",9
-0.236477731819251,0.135810295160508,"MD","VT",9
-0.0283800320133379,0.000439625416590477,"MI","VT",9
-0.0200229615080257,0.116144769994035,"MN","VT",9
-0.134595320019537,0.185414425912205,"MO","VT",9
0.140558484065925,0.013313441920376,"MS","VT",9
-0.0130260303502767,0.00171545374603334,"NC","VT",9
0.151684378805765,0.0316531207541469,"NJ","VT",9
0.233677458971763,0.0362766515043996,"NM","VT",9
-0.0940421161213174,0.000882802034200492,"NY","VT",9
-0.135414271932759,0.0213003140201142,"OH","VT",9
0.0842067518531013,0.0422212400215942,"OK","VT",9
0.0673328396416014,0.000911320265194323,"OR","VT",9
-0.115475606756823,0.000833122944083776,"PA","VT",9
0.198529949090023,0.000237285727577978,"SC","VT",9
-0.00368000857277799,0.00324662993200649,"TN","VT",9
-0.00771633527144168,0.000233447851240294,"TX","VT",9
0.00852250808008007,0.00769387630615251,"UT","VT",9
-0.0785014106131109,0.000505851678758789,"WA","VT",9
-0.0796012081645363,0.00142420572952257,"WI","VT",9
0.0595115075352029,0.0532410826561081,"AL","MA",10
0.0794870348830649,0.0551794294501865,"AZ","MA",10
-0.23451193447873,0.205835506949752,"CO","MA",10
0.390248740714749,1.16248581320474,"DE","MA",10
0.0985426398801478,0.00171197646690073,"FL","MA",10
-0.0449561827330464,0.00329647562414037,"GA","MA",10
0.0167428261659949,0.180148724281163,"IA","MA",10
-0.0934386718670179,0.000443293725141608,"IL","MA",10
-0.239668713275538,0.0184929022332619,"IN","MA",10
0.141819127076555,0.000988320954373267,"KY","MA",10
-0.253510655720843,0.194506441390041,"MD","MA",10
-0.0489052107900625,0.000313395383414871,"MI","MA",10
-0.0417540284437717,0.134470999305771,"MN","MA",10
-0.122401539985511,0.0359755291855914,"MO","MA",10
0.106299745243061,0.012736665047893,"MS","MA",10
-0.0141426226615305,0.00159061623594938,"NC","MA",10
0.183793378042117,0.000614946540424737,"NJ","MA",10
0.139930030991182,0.18836353208774,"NM","MA",10
-0.114629522869699,0.0026447033194294,"NY","MA",10
-0.132819479013651,0.0519734944126761,"OH","MA",10
0.0994610581670219,0.119186982020871,"OK","MA",10
-0.0863937946308874,0.000594194028260418,"OR","MA",10
-0.0633616098478357,0.00198276579368411,"PA","MA",10
0.0898051314321833,0.00228498974884141,"SC","MA",10
0.0593337528738928,0.050573381322524,"TN","MA",10
-0.0868166857501741,0.000507967333139982,"TX","MA",10
0.02686874562344,0.00320969289706316,"UT","MA",10
-0.0599353231654057,0.00170956383690624,"WA","MA",10
-0.0954540804427669,0.00398766704419514,"WI","MA",10
0.0607649686793018,0.0574806025400028,"AL","CA",10
0.104200389691422,0.000266085750797972,"AZ","CA",10
-0.119866388680974,0.153875330466442,"CO","CA",10
0.097263075389718,0.555818128076038,"DE","CA",10
0.0660942967974935,0.00757724220460833,"FL","CA",10
0.00470541529386836,0.00525212907433395,"GA","CA",10
0.00761644265481786,0.00112976615829932,"IA","CA",10
0.0759995403276474,0.00308098877703032,"IL","CA",10
-0.193836709641464,0.00650978665842371,"IN","CA",10
0.322377969786508,0.00043862237028657,"KY","CA",10
-0.228306361486816,0.145535396325603,"MD","CA",10
-0.0143738462918681,0.0133948989929283,"MI","CA",10
-0.0526989376986712,0.00814684396141765,"MN","CA",10
-0.099998982414427,0.0753347825215548,"MO","CA",10
-0.00291411006260823,0.013193628088952,"MS","CA",10
0.0640177681714807,0.000378290872516705,"NC","CA",10
0.263527154794202,0.00111209170119902,"NJ","CA",10
0.0980861146399554,0.0908946506480258,"NM","CA",10
-0.18480778919675,0.00046824294073684,"NY","CA",10
-0.234994878156305,0.0323569403545059,"OH","CA",10
-0.0338996641248686,0.0415138250059531,"OK","CA",10
0.125267962191554,0.00135433582810767,"OR","CA",10
0.0359227354727496,0.00078565363704516,"PA","CA",10
0.0721043912558381,0.0182696029400001,"SC","CA",10
-0.0613638407759378,0.00139469778104167,"TN","CA",10
-0.012667484377972,0.0111988193218394,"TX","CA",10
0.167325630074536,0.00365665655931694,"UT","CA",10
-0.0330810377641998,0.000454401686778722,"WA","CA",10
-0.0830950000597149,0.00218306513443245,"WI","CA",10
0.0595115075352029,0.0532410826561081,"AL","CT",10
0.0794870348830649,0.0551794294501865,"AZ","CT",10
-0.23451193447873,0.205835506949752,"CO","CT",10
0.390248740714749,1.16248581320474,"DE","CT",10
0.0985426398801478,0.00171197646690073,"FL","CT",10
-0.0449561827330464,0.00329647562414037,"GA","CT",10
0.0167428261659949,0.180148724281163,"IA","CT",10
-0.0934386718670179,0.000443293725141608,"IL","CT",10
-0.239668713275538,0.0184929022332619,"IN","CT",10
0.141819127076555,0.000988320954373267,"KY","CT",10
-0.253510655720843,0.194506441390041,"MD","CT",10
-0.0489052107900625,0.000313395383414871,"MI","CT",10
-0.0417540284437717,0.134470999305771,"MN","CT",10
-0.122401539985511,0.0359755291855914,"MO","CT",10
0.106299745243061,0.012736665047893,"MS","CT",10
-0.0141426226615305,0.00159061623594938,"NC","CT",10
0.183793378042117,0.000614946540424737,"NJ","CT",10
0.139930030991182,0.18836353208774,"NM","CT",10
-0.114629522869699,0.0026447033194294,"NY","CT",10
-0.132819479013651,0.0519734944126761,"OH","CT",10
0.0994610581670219,0.119186982020871,"OK","CT",10
-0.0863937946308874,0.000594194028260418,"OR","CT",10
-0.0633616098478357,0.00198276579368411,"PA","CT",10
0.0898051314321833,0.00228498974884141,"SC","CT",10
0.0593337528738928,0.050573381322524,"TN","CT",10
-0.0868166857501741,0.000507967333139982,"TX","CT",10
0.02686874562344,0.00320969289706316,"UT","CT",10
-0.0599353231654057,0.00170956383690624,"WA","CT",10
-0.0954540804427669,0.00398766704419514,"WI","CT",10
0.0731179566779993,0.0698572264588679,"AL","RI",10
0.0956384693976238,0.000478724591588048,"AZ","RI",10
-0.114038694604398,0.116210183111394,"CO","RI",10
0.00794738060167797,0.467535869480896,"DE","RI",10
0.0668928716176626,0.0118963459935085,"FL","RI",10
0.0519765310929226,0.0029628934900192,"GA","RI",10
0.0422626775011635,0.000175889471722897,"IA","RI",10
0.0870731150049334,0.000642165858056104,"IL","RI",10
-0.195870599814348,0.00158791028478375,"IN","RI",10
0.370952662786956,0.00091282088617348,"KY","RI",10
-0.222240141498071,0.156087244903272,"MD","RI",10
-0.000401800331924825,0.0218133752624482,"MI","RI",10
-0.03724578623627,0.0216341912383512,"MN","RI",10
-0.0699346643553308,0.0660605791449074,"MO","RI",10
-0.0139413227715014,0.0335292220208715,"MS","RI",10
0.0517037679239104,0.00107334971134906,"NC","RI",10
0.256800966896219,0.00619247024068227,"NJ","RI",10
0.11579357441343,0.0569427648426668,"NM","RI",10
-0.17467309975557,0.000802136777694502,"NY","RI",10
-0.214214844361888,0.0391174759922382,"OH","RI",10
-0.023634716601703,0.0799231222599167,"OK","RI",10
0.172147133587724,0.00214939016341591,"OR","RI",10
0.0252590109660327,0.00188312745640698,"PA","RI",10
0.084449751662011,0.0419816213260708,"SC","RI",10
-0.0808369219347994,0.000224673521086642,"TN","RI",10
0.0166772953721509,0.0186199833452857,"TX","RI",10
0.139063826070873,0.00193871090791964,"UT","RI",10
0.00890678838647511,0.000186522054151167,"WA","RI",10
-0.113348370898783,0.000199497901264241,"WI","RI",10
0.0119410648985427,0.0532704197839425,"AL","VT",10
0.0731030344114064,0.023953407738857,"AZ","VT",10
-0.222366606424633,0.0634418964637508,"CO","VT",10
0.59940336125741,0.601920070139216,"DE","VT",10
0.09852468330371,0.000160570663134774,"FL","VT",10
-0.0231673767019562,0.000789703401256718,"GA","VT",10
0.0495577489056064,0.224957158764405,"IA","VT",10
0.00767700500334797,0.000250277598592665,"IL","VT",10
-0.200475364358791,0.0112301631236536,"IN","VT",10
0.200927626109574,0.000188888874567154,"KY","VT",10
-0.254397458493052,0.140193584571395,"MD","VT",10
-0.0699835158948868,0.000379016509149544,"MI","VT",10
-0.0283531125826298,0.121827116072992,"MN","VT",10
-0.168508782831516,0.190250357417626,"MO","VT",10
0.10726409299633,0.0183899393836171,"MS","VT",10
-0.040446924031533,0.00160641276184168,"NC","VT",10
0.177980787503892,0.0337873879641649,"NJ","VT",10
0.206763919175157,0.038091138697083,"NM","VT",10
-0.0183084373140923,0.00280501003887248,"NY","VT",10
-0.13782091954838,0.0273327597734458,"OH","VT",10
0.0801216990785556,0.0459404645805112,"OK","VT",10
-0.0741394769907326,0.000975940327519231,"OR","VT",10
-0.0820559351307108,0.00132726175987374,"PA","VT",10
0.228754309906299,0.000299143413548384,"SC","VT",10
-0.0263854813509068,0.00521208361156955,"TN","VT",10
-0.102663266917092,0.000413977254471977,"TX","VT",10
0.0468492059536596,0.0102652362128933,"UT","VT",10
-0.0903075929886844,0.000866730670756423,"WA","VT",10
-0.069079355030624,0.000942696299030712,"WI","VT",10
