"att2","mape","r_sq","treated_location","treated_state_2","sample_size"
0.359931598708439,0.0106271464382382,0.350076658758023,"AL","MA",2
0.00252395224597718,0.00166533610098351,-0.0797655259459238,"AZ","MA",2
0.00763340252669445,0.0519403402490574,-12.7660107233011,"CO","MA",2
0.339280788048756,0.54972889646174,-0.152185504115188,"DE","MA",2
0.133968062290609,0.00198529638609009,-12.2641572551315,"FL","MA",2
0.00473206502420388,0.00212294073678952,-1.26909014186319,"GA","MA",2
0.080610596885427,0.00424540858103413,-0.420858598677417,"IA","MA",2
-0.00760052314537038,0.00827177499960519,-31.6002440017114,"IL","MA",2
-0.245447257782522,0.0085327021187494,-4.08644569754659,"IN","MA",2
0.401221046506376,0.00316282938652451,-3.08078483838218,"KY","MA",2
-0.239127261853931,0.0295724761138059,0.118924716111412,"MD","MA",2
0.244136261040806,0.0054505769997321,-4.00212155576813,"MI","MA",2
0.0927109700848696,0.0219902106095878,-0.280369574223981,"MN","MA",2
-0.161395790674966,0.00304990675922921,0.540501861179748,"MO","MA",2
-0.00319664825332655,0.0124144604198968,0.881057848509623,"MS","MA",2
0.0672735296283,0.00295079176810408,-44.0170387991525,"NC","MA",2
0.0596673103432489,0.00230233189620236,0.276023467335352,"NJ","MA",2
0.036172108761619,0.042110194044569,-5.49369772551357,"NM","MA",2
-0.140473002988644,0.00353146981435075,-0.106946895783489,"NY","MA",2
-0.277266431797152,0.00957672492247036,0.562790629555795,"OH","MA",2
0.0278842580299932,0.0306105986405767,-0.200122568662706,"OK","MA",2
0.13704926004578,0.00666019859119418,-2.88972441785339,"OR","MA",2
-0.103886287792706,0.00578795031664985,0.453210305306817,"PA","MA",2
-0.0149234684099932,0.012208867532871,-2.55554100802995,"SC","MA",2
-0.0370547608294385,0.00436915538349115,-6.17948311283781,"TN","MA",2
-0.129404403129969,0.00205248651772658,0.0191538892840062,"TX","MA",2
0.160049682957056,0.00193568674765361,-2.51043372181599,"UT","MA",2
0.0196444794756923,0.00516224653965445,-1.2890821724283,"WA","MA",2
-0.0967339975627306,0.0071231789580747,-3.75734031362297,"WI","MA",2
-0.0256990585105697,0.047183271620312,0.403633531581764,"AL","CA",2
0.0500038613739639,0.00603794040399479,0.238308788343806,"AZ","CA",2
-0.0231674226021356,0.0362755366146168,0.344929927496796,"CO","CA",2
0.0959606583260907,0.372603052902724,-0.649904372434976,"DE","CA",2
0.170907068623274,0.0125092288314006,-8.40581355878344,"FL","CA",2
0.10967545492558,0.00302890764958231,-0.715270310107804,"GA","CA",2
0.034185463653522,0.00150715936739607,-1.093681399351,"IA","CA",2
0.286745535484057,0.00213300876113889,-7.90449376441443,"IL","CA",2
-0.246159405608918,0.00817874250627832,-2.99825486223235,"IN","CA",2
0.122652041227852,0.00314700187577416,-18.9317888490449,"KY","CA",2
-0.133205546911934,0.126626524263967,0.708206611659241,"MD","CA",2
-0.0230575088996921,0.00692495797846117,0.212357594381741,"MI","CA",2
-0.0370763748807872,0.00322030354152484,-2.82951193216343,"MN","CA",2
0.0508446578376774,0.0143752316523573,0.656555801416616,"MO","CA",2
0.0678674117613397,0.00288777820970991,-1.617690952882,"MS","CA",2
0.0580194952922393,0.0015503406747147,0.844456035150378,"NC","CA",2
0.31261843104354,0.00366271565531382,0.279041678408691,"NJ","CA",2
0.112085239223199,0.0314140280332239,-0.46532039743148,"NM","CA",2
0.0031714212739326,0.0088060947378635,-0.215899571060651,"NY","CA",2
-0.0795312904068884,0.0153923691197617,0.798516731090155,"OH","CA",2
0.0170291900124232,0.00974330886190251,-3.78712183269327,"OK","CA",2
-0.0870077788050607,0.00300917342746366,0.275293958079227,"OR","CA",2
0.251550953027313,0.00850640287157451,0.646547496327717,"PA","CA",2
-0.00930158380649221,0.00716307897495519,-6.32833474933825,"SC","CA",2
-0.168688395445668,0.0023830041552966,0.155810700202969,"TN","CA",2
-0.0209477788283929,0.00313206952254432,0.123410781958034,"TX","CA",2
0.208233262890137,0.00147430009665507,-0.544735311592311,"UT","CA",2
0.124449172355449,0.00673207682409584,0.903575721370619,"WA","CA",2
-0.12081727260938,0.00497254437859386,-5.74971004535111,"WI","CA",2
0.227622716840474,0.022901608311133,0.214499207401222,"AL","CT",2
-0.0296261854816864,0.00876693056223326,-1.2955264204014,"AZ","CT",2
-0.220887257230837,0.152086437458793,-761.28268657837,"CO","CT",2
0.471429554125815,0.795383108345152,-0.279525161027342,"DE","CT",2
0.108216796753539,0.00382220465065643,0.997203034551314,"FL","CT",2
-0.010689151051764,0.00838603378605098,0.885704267690057,"GA","CT",2
0.0109015866712981,0.0372237749066604,-1.47414354273578,"IA","CT",2
-0.0916883200791356,0.0133217164616021,-0.755641984951318,"IL","CT",2
-0.254407214785064,0.00832363402857513,-1.1028484326938,"IN","CT",2
0.245094616467903,0.000919622344748747,0.637519921386878,"KY","CT",2
-0.270918237332919,0.133157069303294,-17.645864066171,"MD","CT",2
-0.131967710881171,0.00419452299575915,-6.64086475808982,"MI","CT",2
-0.0494308446551327,0.0236962866026775,0.868470973955046,"MN","CT",2
-0.237324125734318,0.00411058545173904,-0.0480392251466488,"MO","CT",2
0.00307152113532695,0.00196759443987079,0.577739103816345,"MS","CT",2
0.0188044568581591,0.000734533100057249,-11.7872222686659,"NC","CT",2
0.0667706761283178,0.00402033442409303,-0.436003878240552,"NJ","CT",2
0.383565408672859,0.130288055101324,-5.5092719233325,"NM","CT",2
-0.0891010894228037,0.00919912900940959,-26.4386125559403,"NY","CT",2
-0.0376831355473044,0.0389939934732894,0.572667812715436,"OH","CT",2
0.334856311687229,0.0101300951057866,-0.237473297393495,"OK","CT",2
0.143067067976391,0.00629479081584886,-0.819252608253386,"OR","CT",2
-0.293808497564029,0.00728428615899844,0.691946012593275,"PA","CT",2
0.400779578042597,0.00456682502547875,-5.13580869314469,"SC","CT",2
0.0814592972633625,0.00920154745106465,0.869518883547836,"TN","CT",2
-0.145552975162129,0.00275834436620498,-2.96609444106164,"TX","CT",2
-0.0823715289272188,0.0120082348808877,-3.36819953538601,"UT","CT",2
-0.0976652616996858,0.00961033435732549,-1.83989744624519,"WA","CT",2
-0.18376699346459,0.00486203670184831,-734.396699465248,"WI","CT",2
0.14730681238866,0.0571856809400494,0.178520049577252,"AL","RI",2
-0.0347316625075097,0.00336613165266834,0.205769131296545,"AZ","RI",2
-0.116183679099275,0.072393980217893,-0.040076045213554,"CO","RI",2
0.0422735629852328,0.323286633537234,-0.699211508945433,"DE","RI",2
0.127676604656236,0.00529737915876252,-1.22149898331632,"FL","RI",2
-0.0315275668529948,0.0031537711782282,-0.427017531192042,"GA","RI",2
-0.0313754683907876,0.00227663761005996,-0.307573098201934,"IA","RI",2
0.125716983817727,0.00174548351819206,-6.94283975741796,"IL","RI",2
-0.26000578265793,0.0030987517596476,-1.4220083919024,"IN","RI",2
0.247627973135203,0.00175145175839735,-0.0913678965171911,"KY","RI",2
-0.163374449738835,0.118503900118353,0.374559025422852,"MD","RI",2
-0.00595647701218603,0.0163710852101274,-1.5492801531935,"MI","RI",2
-0.193199780738983,0.0160684759184576,-1.96672948312655,"MN","RI",2
-0.0204241491738669,0.0318077547165937,0.14653852304373,"MO","RI",2
0.0485726993723611,0.00922832973607927,-3.51057017485399,"MS","RI",2
-0.00631788520411287,0.00209179485510907,-0.898430759300693,"NC","RI",2
0.365053944710356,0.0105684276182558,0.117367616999622,"NJ","RI",2
0.0973866255529684,0.0353931517127724,-0.327380671224307,"NM","RI",2
-0.340577744759132,0.00686668285195188,-0.00881018921242349,"NY","RI",2
-0.0348289087568575,0.017695809378836,0.824584733120555,"OH","RI",2
0.0274870904767935,0.00334902132539144,-4.00155820107484,"OK","RI",2
0.0955333216400422,0.00878762424232066,-1.10866940709925,"OR","RI",2
-0.0800130111550981,0.002920698547485,-0.438906206735608,"PA","RI",2
-0.126552420599129,0.0169863690082394,-2.23892851355311,"SC","RI",2
-0.0722259106942937,0.00347400719621003,0.687672214756285,"TN","RI",2
-0.0774002578610818,0.00592682032268659,-0.613890904090235,"TX","RI",2
0.375078306970765,0.00648220242527201,0.67990669395991,"UT","RI",2
0.121756755289294,0.00808312890499002,0.841241634096855,"WA","RI",2
-0.284461145696793,0.00320710356539452,-5.4490349310889,"WI","RI",2
0.18818931523914,0.0162605862391191,0.977918192406447,"AL","VT",2
0.0783894724758149,0.000328071577872966,-18.5033548907341,"AZ","VT",2
-0.1832683596078,0.0902386275523516,-9.11153900010163,"CO","VT",2
0.385063593730885,0.672914277929506,-0.270519954048992,"DE","VT",2
0.105401176365009,0.00114561823581652,0.713379123123928,"FL","VT",2
0.0764769136470177,0.0098924644480255,0.575067942376557,"GA","VT",2
0.0201889273295033,0.0188001772426391,0.398519973481145,"IA","VT",2
0.250539030157564,0.00735850266407979,-13.2262532411389,"IL","VT",2
-0.201281325290382,0.00475838932396246,0.904307027908167,"IN","VT",2
0.0807466348607348,0.00441110497230841,0.637751174815216,"KY","VT",2
-0.216996743639585,0.0695535855197548,0.382175663496647,"MD","VT",2
0.00599836486474207,0.00774474255464542,0.966897697723835,"MI","VT",2
-0.0290671195018687,0.018203722750179,0.951248902952616,"MN","VT",2
0.0901380419175557,0.0114317723914424,0.41983305574377,"MO","VT",2
0.00456624387557013,0.00911625903259981,0.864663214776996,"MS","VT",2
-0.0329829519872966,0.00203240121854797,-11.6993053408337,"NC","VT",2
0.0750866973848149,0.00105287420353638,0.604341107319785,"NJ","VT",2
0.182358761125149,0.0631788770972034,-0.980157826885777,"NM","VT",2
-0.0265765412373834,0.00470434081169433,-7.15544506217196,"NY","VT",2
-0.218430501393412,0.0127782623234064,-6.02320639554012,"OH","VT",2
0.237047095941666,0.00632964927129728,-1.48229000642106,"OK","VT",2
0.199910623349947,0.00337110806104728,0.883114607332493,"OR","VT",2
-0.087427478740205,0.0029147393021693,0.401764870689632,"PA","VT",2
0.0802697528124905,0.0012103423456682,0.33045898476585,"SC","VT",2
0.0238637847934376,0.00305878767543807,-2.79329894053005,"TN","VT",2
-0.114547612606218,0.00915851107999352,0.830849946876892,"TX","VT",2
-0.036317382384498,0.00641811602917348,-3.54801261994836,"UT","VT",2
0.0201789897975193,0.00841717062430389,-10.2542326090876,"WA","VT",2
-0.206840338292049,0.00491279436054926,0.999205450000174,"WI","VT",2
0.266298774193714,0.00180127843129298,0.518431515297567,"AL","MA",3
-0.00026430925047915,0.00122485949282489,0.200403647166647,"AZ","MA",3
-0.00919461030871105,0.0810672172559592,-16.4544131218177,"CO","MA",3
0.436298598780578,0.614693489458937,-0.100877340032702,"DE","MA",3
0.141086236241136,0.000250702006168741,0.17458806117283,"FL","MA",3
0.0246362407038047,0.00182690484444425,0.418203055033408,"GA","MA",3
0.0377141146379768,0.00122896759388501,0.395181170322829,"IA","MA",3
0.0367696532648128,0.0014835374976897,-4.55547604839381,"IL","MA",3
-0.215968293901637,0.00839119991655383,-3.06309818738166,"IN","MA",3
0.214472083800733,0.00108293640479382,0.98738002844729,"KY","MA",3
-0.22440731180239,0.0516688693530943,0.326362730761764,"MD","MA",3
0.146495767520782,0.00191854202152091,0.400924347362973,"MI","MA",3
0.0232289363565046,0.014895305545238,0.630568249592668,"MN","MA",3
-0.145010033945587,0.00450136281585166,-0.214237769507532,"MO","MA",3
0.0330225033834279,0.0112116784978112,0.331771297119831,"MS","MA",3
-0.0208094835833251,0.00187725641131196,-1.71741532251017,"NC","MA",3
0.118728377052878,0.000940141707522833,0.481196292365715,"NJ","MA",3
0.00117279162836388,0.00554144348355696,-1.7866758404982,"NM","MA",3
-0.122434130209835,0.0014392077219799,-0.44226041364626,"NY","MA",3
-0.22036783343382,0.0010337004046766,0.689654704208414,"OH","MA",3
0.15529625811329,0.0280105032811187,-0.0728394318800953,"OK","MA",3
0.130742123365826,0.000242391597459718,-0.829106148296284,"OR","MA",3
-0.0714448323656286,0.000826858224040569,0.24037719535851,"PA","MA",3
0.0271484824006377,0.0108870350801809,-0.674401996633912,"SC","MA",3
-0.065991717490451,0.0010467267129571,-6.07364922460986,"TN","MA",3
-0.0347893703327317,0.000510584699798131,-0.265159404781019,"TX","MA",3
0.0725307377719711,0.00483561166252522,-1.26602792799697,"UT","MA",3
0.0324258454904511,0.00307491754887591,-1.34962598978187,"WA","MA",3
-0.0849557373564287,0.00163272422916821,0.924352486315486,"WI","MA",3
-0.0134816105689511,0.0493383357229445,0.105430429165837,"AL","CA",3
0.155353098879408,0.000588040039057641,0.68922186730097,"AZ","CA",3
-0.0741261508277813,0.0293073982633069,0.484865934126114,"CO","CA",3
0.0476038353033858,0.37496706747568,-0.330149393260187,"DE","CA",3
0.101869911566939,0.00458734515690443,-0.68025109156493,"FL","CA",3
0.0168077188699249,0.000590955218452713,0.52016371175276,"GA","CA",3
0.00977746782892083,0.000637063020113612,-1.17148559121117,"IA","CA",3
0.156406286839905,0.000543264059019807,-5.15504077421643,"IL","CA",3
-0.101319843194255,0.0069801891927448,-0.182244557383792,"IN","CA",3
0.24406441140175,0.000673618569978957,-1.55367801897683,"KY","CA",3
-0.155242495238394,0.141666550940212,0.680657654078698,"MD","CA",3
-0.00561419123862223,0.00449528700154007,0.521672558238336,"MI","CA",3
-0.109588883247502,0.00172881523599064,-1.65589065159824,"MN","CA",3
0.0593673833884697,0.0141583570740868,0.518668204797351,"MO","CA",3
0.048256460949424,0.00114447608334338,-1.48466771003756,"MS","CA",3
0.0266627421313766,0.000564465682397707,0.71258457525053,"NC","CA",3
0.221087309466906,0.000710993527675221,-0.0741303174528358,"NJ","CA",3
0.298574716047516,0.0172835247625469,-0.854572536184445,"NM","CA",3
-0.16559817518027,0.00203335960793399,-1.04772407435325,"NY","CA",3
-0.0600329290510487,0.0201528799518382,0.757517528996297,"OH","CA",3
-0.0713717006731084,0.000958911948466425,-1.92001672022683,"OK","CA",3
0.231031489723153,0.00324459216610363,0.883408337789152,"OR","CA",3
0.281164508624746,0.00212551901002759,0.826091017936428,"PA","CA",3
0.0683782637891722,0.00604423340978469,-0.384886389475206,"SC","CA",3
-0.0793174672212478,0.000301913346285708,0.285417649305663,"TN","CA",3
0.0463185674677472,0.00507737050857576,0.533439500610585,"TX","CA",3
0.186296478373451,0.000970061949197819,0.257671844410757,"UT","CA",3
0.0338284890501819,0.00212953901515921,-1.21421876725108,"WA","CA",3
-0.0276304975425544,0.00195992794538702,0.480797534006833,"WI","CA",3
0.214151737421024,0.00122442273370345,0.0700404630340146,"AL","CT",3
0.034885416187734,0.0046255007897198,-48.0492922783518,"AZ","CT",3
-0.230106005547141,0.151227119973817,-23.0545833212011,"CO","CT",3
0.45339037468305,0.819266420935255,-0.263190834259602,"DE","CT",3
0.145904571505265,0.00129141888458649,-1.78233505793439,"FL","CT",3
-0.022277748014979,0.000812476691252339,-1.46437915566456,"GA","CT",3
0.0190425817749236,0.0228496387789571,-0.793680387989809,"IA","CT",3
0.06158036482716,0.00201999319003768,-3.06766236101819,"IL","CT",3
-0.234494605168808,0.0103069876391896,-0.283724452684616,"IN","CT",3
0.35253478010947,0.000962535589331713,-0.00825634959252408,"KY","CT",3
-0.241708907892895,0.139042494164277,-1825.49605450937,"MD","CT",3
-0.126700501530052,0.00151755255543511,0.934209721319001,"MI","CT",3
-0.0101630688794709,0.00625806240448037,-18.0849941606677,"MN","CT",3
-0.0479580170670265,0.00558161101282494,0.137050035596602,"MO","CT",3
0.196909547688777,0.000407395343656083,0.625371776137164,"MS","CT",3
-0.0723650540738106,0.000317189288959511,-78.5247368376043,"NC","CT",3
0.194515373273174,0.00305407704359633,0.999998934686936,"NJ","CT",3
0.00625695111771379,0.129974272064469,-11.5253430279923,"NM","CT",3
-0.106614589336744,0.00217386992569636,-1.94625843622285,"NY","CT",3
-0.166146348532359,0.00341495297348908,0.95139245031407,"OH","CT",3
0.329872854669423,0.00192304374695871,-3.34571346679963,"OK","CT",3
-0.000314053866040253,0.00298082169203974,0.491992626522202,"OR","CT",3
-0.180230150622462,0.00234362198369155,0.942523097258068,"PA","CT",3
0.173774179182065,4.13223158238987e-05,0.90423008590171,"SC","CT",3
0.00126573411388422,0.0037872709255117,-1.21115451798516,"TN","CT",3
-0.105522649007438,0.000216963289467165,-0.853056124615379,"TX","CT",3
-0.100319467060769,0.0041660409941012,0.146327660280154,"UT","CT",3
-0.0888516821593886,0.00258432379549435,-13.4260012479505,"WA","CT",3
0.0491523956279542,0.000109447621100674,-90.0748548390061,"WI","CT",3
0.103432856154044,0.0558082200216753,-0.38160533132804,"AL","RI",3
-0.0844350813094598,0.000904298195086107,-0.563198321175505,"AZ","RI",3
-0.0793488708407312,0.0593800378971829,0.403847468506937,"CO","RI",3
-0.0144132566599923,0.329269524133758,-0.431707951578697,"DE","RI",3
0.0610106430239251,0.00227964481555035,-0.776624534041047,"FL","RI",3
-0.0940591966192634,0.00159919101520382,-0.799696945335733,"GA","RI",3
0.0244545145319324,0.000279245971387353,-0.686405920006664,"IA","RI",3
0.036381517794593,0.00102369792881653,-33.953232358351,"IL","RI",3
-0.273395377339975,0.00118962083579237,-0.353719105288445,"IN","RI",3
0.332405047502002,0.00155465999781452,-1.82860076458585,"KY","RI",3
-0.181651516636369,0.114892791970152,0.440859030617156,"MD","RI",3
-0.0794745737914235,0.00126323593197704,-1.95446012535681,"MI","RI",3
-0.0664816916987306,0.000900413118584407,-2.49034515275588,"MN","RI",3
-0.00572132804077451,0.00644303884913593,0.400800798130676,"MO","RI",3
0.0220818786568567,0.00121351039839383,-1.47652144793819,"MS","RI",3
0.0479554081826311,0.000456861279182033,0.32471772277172,"NC","RI",3
0.40653681493221,0.00330811233561732,-0.665367524775004,"NJ","RI",3
0.14712274939691,0.0379673098806155,-1.04877152749516,"NM","RI",3
-0.120609254854138,0.000224952780848127,0.362716061119572,"NY","RI",3
-0.180030867021934,0.0177048430401182,0.45238204908329,"OH","RI",3
-0.0684441362038487,0.00102462485801234,-2.68079286416529,"OK","RI",3
-0.00446947629925887,0.00214241249040199,-1.28734822371698,"OR","RI",3
-0.0147148687592473,0.00212712355723848,-0.295865452007876,"PA","RI",3
0.125594972890785,0.0158984794477232,-0.133805471558754,"SC","RI",3
-0.185764578481619,0.000875125487894683,-0.481522155910148,"TN","RI",3
0.0622582851094619,0.00540251796423669,-0.00285323580657311,"TX","RI",3
0.00325509853846762,0.000477713014997248,0.110445941201535,"UT","RI",3
-0.00299351139791859,0.00122375518687885,0.215978767016075,"WA","RI",3
-0.0983479293659796,0.00180723578902437,0.560447292845603,"WI","RI",3
0.248473880110844,0.0024958002188724,0.606007695442665,"AL","VT",3
-0.0604976574336185,0.00047845550998614,-0.0777870544419061,"AZ","VT",3
-0.152104146796528,0.0903306130621056,-18.9669405627474,"CO","VT",3
0.354041435084281,0.676786258003275,0.26273936105149,"DE","VT",3
0.163328751955605,0.00084120445694232,0.625867810855332,"FL","VT",3
-0.0371127907814641,0.00173056979040371,0.770985553239352,"GA","VT",3
0.0272264209684052,0.00328285267221807,0.502747534387474,"IA","VT",3
-0.0173285793679677,0.000828805321733902,-5.91576371416085,"IL","VT",3
-0.228761393743115,0.00129022968244825,-1.2852481768971,"IN","VT",3
0.194871079537507,0.00236200061555078,0.991519624318673,"KY","VT",3
-0.202913611600254,0.0797261204035547,0.686227545546875,"MD","VT",3
-0.00353392079476108,0.00366307957189986,0.534472643878908,"MI","VT",3
-0.00824147413475643,0.0095742848274724,0.653494433227436,"MN","VT",3
-0.091919188747582,0.000515208278625921,0.531644734968402,"MO","VT",3
0.123443196275884,0.00786075843701465,0.814074665180203,"MS","VT",3
0.023344503844271,0.00075610240829273,-42.1972689824333,"NC","VT",3
0.0495202257610506,0.000227947957470954,0.12957414618042,"NJ","VT",3
-0.00617447217252832,0.0439204107286434,-0.430457518382886,"NM","VT",3
-0.11034357567375,0.0019816348383001,0.971790788813242,"NY","VT",3
-0.159879398286544,0.000536734339706605,-1.27251032022804,"OH","VT",3
0.134834503910042,0.00600705260379662,-2.32397551633198,"OK","VT",3
0.00990865995153266,0.00236572215388173,-0.185534210934522,"OR","VT",3
-0.196840786706755,0.000802071221593191,0.983840431143225,"PA","VT",3
-0.0589690891128884,0.00283840081061304,0.909044518060862,"SC","VT",3
-0.0475024556674319,0.000874310694081085,0.0540569590518607,"TN","VT",3
0.0653061487520951,0.000600701790424255,-0.232490899473785,"TX","VT",3
0.0642224572751903,0.00369237576666417,-0.846211993640752,"UT","VT",3
-0.123000155665242,0.00368993437998345,-4.16308980566556,"WA","VT",3
-0.151988353382072,0.000849532465621759,-12.6194453678799,"WI","VT",3
0.256228958903586,0.0131199426960021,0.956422219362007,"AL","MA",4
-0.0602259892191441,0.00118796919366202,0.167485562067767,"AZ","MA",4
-0.0397545436636799,0.118529981075369,-12.2374719803261,"CO","MA",4
0.412148890793566,0.652729325599561,-0.082822685790316,"DE","MA",4
0.0647961514448242,0.000549179359011298,-0.863422917621656,"FL","MA",4
0.0444445991988149,0.000850193569367064,0.618458861764853,"GA","MA",4
0.014958459779266,0.00010194073534736,-0.272437394437855,"IA","MA",4
-0.0229656291012891,0.000751357870749647,-15.9116505744133,"IL","MA",4
-0.197379555289449,0.00441559457470507,0.155378518667014,"IN","MA",4
0.206196191791997,0.000202823426700093,-3.30860864569446,"KY","MA",4
-0.23033208856039,0.0740560906243213,0.33520065597233,"MD","MA",4
0.0093906149244594,0.000554675046670519,-1.21347425626174,"MI","MA",4
0.0641122792666908,0.014433869425286,0.418451700191098,"MN","MA",4
-0.137507159236719,0.000242994243425546,0.223798366053966,"MO","MA",4
0.0935962681109801,0.0124698998376006,0.613724023501667,"MS","MA",4
0.0193607095426606,0.000674655715328606,-5.63962891928119,"NC","MA",4
0.127945566008005,0.000360845930499272,0.58644020270136,"NJ","MA",4
0.0757125335644492,0.0140531719125017,-1.79743821634283,"NM","MA",4
-0.140622554220093,0.000280078139383296,-1.7722063877074,"NY","MA",4
-0.235746080209233,4.88568837045313e-05,0.903076841993257,"OH","MA",4
0.136900779421488,0.0338004633081453,0.121057211899796,"OK","MA",4
0.0425887840293201,0.00108669975479099,-2.72457025706153,"OR","MA",4
-0.0173404377759368,0.000837401528116201,0.838087504747741,"PA","MA",4
0.0647950947902139,0.00636263978470371,0.362120624427436,"SC","MA",4
0.0193060736261549,0.00110582382468465,-5.94357548831511,"TN","MA",4
-0.0336215224320435,0.000746009955815561,-2.0968154756614,"TX","MA",4
0.135491421506177,0.00197822380901867,-0.0894311641408283,"UT","MA",4
0.00271944051800725,0.00127182420412179,-10.9491261619718,"WA","MA",4
0.0668806172073431,0.00059262510392227,-16.3314797990606,"WI","MA",4
-0.0252088717350904,0.0512728050151272,0.324597745973218,"AL","CA",4
0.11366343761021,0.000259212732799318,-0.578313077234754,"AZ","CA",4
-0.0727566721401014,0.0312311654842499,0.294936290178451,"CO","CA",4
0.0342374973733727,0.381679655926786,-0.249004971740578,"DE","CA",4
0.0912485253710386,0.00159713716224084,-1.19363788824343,"FL","CA",4
0.0389053492961557,0.000433674770808834,0.837098334782635,"GA","CA",4
0.0493531041184155,0.000241005269771564,-0.588112951447732,"IA","CA",4
0.00710446305205372,0.000322481242913356,-26.0517032927424,"IL","CA",4
-0.175858821888989,0.00125900179671882,-5.22700924237283,"IN","CA",4
0.382964490290405,0.000651329968800715,-9.5788677508302,"KY","CA",4
-0.166973106429973,0.156097881292827,0.630888365765627,"MD","CA",4
-0.0353122965144747,0.00126957433155808,-1.23014144406653,"MI","CA",4
-0.0774759548919702,0.000426337828118726,-1.63050233077411,"MN","CA",4
0.031606155268225,0.00754449575789216,0.462545785604738,"MO","CA",4
0.0366011895545545,8.28289711967599e-05,-0.561775359540035,"MS","CA",4
-0.0184539343650358,0.000282422675741987,0.279872073636092,"NC","CA",4
0.246029386887524,0.000666140656808178,0.651219064954465,"NJ","CA",4
0.228226362544191,0.0172108403629241,-0.206036264624863,"NM","CA",4
-0.0877813652639993,0.000139198863256738,-0.278228301690697,"NY","CA",4
-0.184806016307699,0.0213303436269461,-3.17713972191547,"OH","CA",4
-0.0442773219182812,0.000637534857440136,-1.39813506223179,"OK","CA",4
-0.0208099588962538,0.000356601013837694,0.401646292282024,"OR","CA",4
0.295116056809369,0.00100824844942483,-0.492915006581929,"PA","CA",4
0.113705520636783,0.000997940200619116,0.51585021905547,"SC","CA",4
-0.133548742107288,5.15172880909726e-05,0.115666453978956,"TN","CA",4
-0.0132726094937104,0.000655423600043675,0.5568552625211,"TX","CA",4
0.0819386814775162,0.000419350664463125,-2.59720094841586,"UT","CA",4
-0.0584882250888415,0.000437580358750528,0.869943450121148,"WA","CA",4
0.00375117312277334,0.00107327110218993,0.334573842869548,"WI","CA",4
0.148225445743519,0.00275700382920604,-0.30836318073527,"AL","CT",4
-0.0137047970727211,0.000784432545864591,-0.189310909656807,"AZ","CT",4
-0.248749498943367,0.162456456670318,-74.6603590923183,"CO","CT",4
0.418830444483402,0.871009604154603,0.0902319902554116,"DE","CT",4
0.13484034506134,0.000560565191284065,0.283640343132031,"FL","CT",4
-0.0297547070594638,0.0021203014726337,0.661737580995206,"GA","CT",4
-0.00121216197729554,0.0258408630671981,-0.875215289704039,"IA","CT",4
-0.0510239862270114,0.00173465256841471,-1.59833820225994,"IL","CT",4
-0.204582261217165,0.00541519028838858,0.695093506322296,"IN","CT",4
0.192361506534002,0.00019748343341379,-3.07089017181765,"KY","CT",4
-0.254339595445912,0.145560908744181,-1583.45544027368,"MD","CT",4
0.0311753525835219,0.000743572747865919,0.814203219735289,"MI","CT",4
0.0148949658416155,0.00460025864216833,-24.198652824402,"MN","CT",4
-0.115565985958774,0.00195084638423881,-0.0204574079760937,"MO","CT",4
0.12988106017024,0.000886971016114873,0.00614032576567636,"MS","CT",4
-0.0629630897870106,0.000484294159325166,-0.66982198842131,"NC","CT",4
0.30914361064634,0.000549171775414843,0.55829872136102,"NJ","CT",4
0.0840911919666289,0.127137133705103,-9.67213346321038,"NM","CT",4
-0.19535991123199,0.00114737712824909,-0.348332270372615,"NY","CT",4
-0.183776583371091,0.000538016660890217,0.875184943659478,"OH","CT",4
0.227292516529654,0.00645870450240739,-3.35237183813301,"OK","CT",4
0.0578354183073125,0.000860387250646496,0.672027185591328,"OR","CT",4
-0.201616177222489,0.00137518076310195,0.895662616565533,"PA","CT",4
0.216350183669426,0.000155334624362056,0.51825116322142,"SC","CT",4
0.010374390890645,0.00268997404287918,0.408373542420156,"TN","CT",4
0.0347353597666636,0.000543823978696347,0.994133649550269,"TX","CT",4
-0.0379854015987078,0.00248536264602407,0.611449566456527,"UT","CT",4
-0.0745220334836425,0.0017074943239699,-0.953900492140064,"WA","CT",4
-0.0379277419490833,0.00130151549904221,-360.672403295008,"WI","CT",4
0.0975968473481056,0.0535800087142824,-0.446083069316195,"AL","RI",4
0.0848205129183697,0.00141834928845043,-1.05039531772175,"AZ","RI",4
-0.0798499457562749,0.0614849211000513,0.259911973622485,"CO","RI",4
-0.0227328899341001,0.345141209143589,-0.322395361074248,"DE","RI",4
0.0696585758140593,0.000427479104417939,-1.14191383524494,"FL","RI",4
0.00231649592387558,0.000109256564470877,0.724453879733637,"GA","RI",4
0.0179800599695391,0.000431581387015975,0.121067872248275,"IA","RI",4
-0.0826426947482031,0.00030952435245517,-5.71752243384559,"IL","RI",4
-0.267855283617033,0.000310655727924612,0.18497882863302,"IN","RI",4
0.327790348987659,0.000118338433754774,-2.65905275794753,"KY","RI",4
-0.19198838471903,0.12602131821308,0.426887084708782,"MD","RI",4
-0.0606550471855274,0.00215405207067764,-0.297751142158288,"MI","RI",4
-0.0514047430687804,0.00386637058372257,-0.941205351211772,"MN","RI",4
0.0621773482021141,0.00323755262094251,0.125344567094713,"MO","RI",4
-0.024995113570177,0.00020531929000461,-0.66141662871439,"MS","RI",4
0.151080867205134,0.000147894726451733,-0.758088927448399,"NC","RI",4
0.259839551497277,0.00044745695892761,-0.0931703664734448,"NJ","RI",4
0.1256659862313,0.0295801406933914,-0.592319573032786,"NM","RI",4
-0.209668545092914,0.000369780664781565,0.469490639760627,"NY","RI",4
-0.224975489723742,0.0183003416867634,0.305907246896491,"OH","RI",4
-0.0226253126019627,0.00138842955272705,-1.12346080967922,"OK","RI",4
0.251867106296782,0.00131730441754632,0.686204171841486,"OR","RI",4
0.06790333328994,0.00155052950298583,0.599565443312638,"PA","RI",4
0.182997859352997,0.0164008667746722,0.0752260463011901,"SC","RI",4
-0.148724566880633,0.000335055234080041,0.420882154543949,"TN","RI",4
0.032106231484839,0.00137633641898583,0.306867965296125,"TX","RI",4
0.129243072033071,0.000289913854504206,-0.48042289966689,"UT","RI",4
0.198606468599631,0.00183786262318127,0.404972147868512,"WA","RI",4
-0.145828404841947,0.000369707875923773,-11.423723401522,"WI","RI",4
0.228704129444037,0.0108185460667281,0.971252072042965,"AL","VT",4
0.233463328840685,0.00112560434431207,0.124779259117007,"AZ","VT",4
-0.0858527868285924,0.0939020623647748,-9.26893618166266,"CO","VT",4
0.363407918398072,0.707473536228007,0.351998294314645,"DE","VT",4
0.180634141606362,0.000605967984234486,0.708512255452478,"FL","VT",4
-0.0723535884203977,0.00132583947122877,-0.771915971233091,"GA","VT",4
0.0222006992237312,0.00912013347270528,0.30481138304922,"IA","VT",4
0.0228303849666255,0.000859894239206634,-8.94987578520939,"IL","VT",4
-0.228994719364562,0.00138140356960117,-0.388860537241813,"IN","VT",4
0.254085136936087,0.000477763780428471,0.354797496336519,"KY","VT",4
-0.225391552910616,0.0965703172550904,0.730123272558331,"MD","VT",4
-0.0176143828729248,0.000493313836954369,-1.08046399191467,"MI","VT",4
-0.0114457170270911,0.00648927157518143,0.952238554275817,"MN","VT",4
-0.0485399837017532,0.00260442405666441,0.340026696180289,"MO","VT",4
0.0957902738546791,0.00141741730386967,0.642274172284173,"MS","VT",4
-0.0222311863516079,0.000141272403740012,-2.8005734496896,"NC","VT",4
0.0561864375988651,0.000415906152580746,0.696575081234785,"NJ","VT",4
0.00744906672161916,0.0448521712459868,-0.349953239508922,"NM","VT",4
-0.132250614520606,0.000514846711317218,-4.52166796218046,"NY","VT",4
-0.206986454034544,0.000943036206205726,0.77039936247953,"OH","VT",4
0.114960599538632,0.0114206765392528,-1.33958924110368,"OK","VT",4
0.0385953444953386,0.000677397285550473,0.921178434880739,"OR","VT",4
-0.0372878285281072,0.000913486656977446,0.705813348329975,"PA","VT",4
0.0428702720698013,0.00153617298964812,0.81909226630877,"SC","VT",4
0.0843437351333101,0.000228297968007913,0.131734950975583,"TN","VT",4
-0.108251240645051,0.00047200520318027,0.78739565005191,"TX","VT",4
0.0036095723529671,0.00150448368989799,-3.42421077432879,"UT","VT",4
-0.14130850147437,0.000959615111037668,-2.88626594044873,"WA","VT",4
-0.00905443985915976,0.000988726446197648,0.482154704737072,"WI","VT",4
0.217577737280244,0.0351573265038989,0.918238041730085,"AL","MA",5
0.147046931574961,0.000248364774323101,0.638911389587463,"AZ","MA",5
-0.0881346949391227,0.142338141432573,-9.71363184377329,"CO","MA",5
0.303168858674336,0.680393999121804,0.180163716638986,"DE","MA",5
0.149605890121763,0.000362733316850791,-0.840195833373215,"FL","MA",5
-0.044003075859858,0.000274512278703624,0.976129602870606,"GA","MA",5
0.0117602892708683,0.000342501548122843,-0.283404681024483,"IA","MA",5
0.0713766087214627,0.00032421387095762,-3.5099838762644,"IL","MA",5
-0.227464325534137,0.0047174260809202,-4.86678236626723,"IN","MA",5
0.257426265354484,0.000321039451975133,0.87772681915662,"KY","MA",5
-0.239782619752253,0.0871209081913942,0.490562691420171,"MD","MA",5
0.0224803652926326,0.000797862481403365,-0.453902499591575,"MI","MA",5
0.0312530449032493,0.0160221676538841,0.868879403892926,"MN","MA",5
-0.104602815172912,0.00591893942019883,0.253094036442065,"MO","MA",5
0.0915367819503984,0.0158101343487457,0.62064435785406,"MS","MA",5
-0.028079126256285,0.000217657916178657,-4.99316284184046,"NC","MA",5
0.119566775028626,0.000289347758221447,0.223298762864656,"NJ","MA",5
0.126665999119675,0.0278035609532905,-1.49475894910344,"NM","MA",5
-0.169880921105306,0.000697073617666095,-0.350065394198154,"NY","MA",5
-0.206161659858237,0.000597935309999835,0.762384824130706,"OH","MA",5
0.10092735623361,0.0365066479358584,0.370669906304889,"OK","MA",5
-0.0340292070927316,0.000295025844839821,0.232851199836993,"OR","MA",5
-0.0880021217566569,0.000295377778712117,0.549746498711625,"PA","MA",5
0.0230674977880255,0.0118856824714255,0.524894368681906,"SC","MA",5
-0.049455621350697,0.000313721600616262,-2.55431372312,"TN","MA",5
-0.0319734511945176,0.00138400040414831,0.0193991820880262,"TX","MA",5
0.0315502898408475,0.00118911797961999,0.575256068790152,"UT","MA",5
-0.0554873018861938,0.000482484576723722,-3.35603714119151,"WA","MA",5
-0.0812095643418562,0.000673407792458295,-2.1758339117406,"WI","MA",5
-0.0322645227342467,0.0508295178822678,0.076461443918217,"AL","CA",5
0.0592437871558514,0.000152393649246703,0.429481268313516,"AZ","CA",5
-0.121665127914645,0.0453147290169933,0.397327337322128,"CO","CA",5
0.0321829173298334,0.390846351871684,-0.209299012779349,"DE","CA",5
0.0999824459024405,0.00313247917148413,0.720396657716275,"FL","CA",5
0.0142581363793242,0.000624476333909554,0.818444374149035,"GA","CA",5
0.0236437670744207,0.00031300345686954,-0.255998864151271,"IA","CA",5
0.0430034057291571,0.000205163457683401,-35.6445834099658,"IL","CA",5
-0.183245194406791,0.00092810433527647,-3.50467438501773,"IN","CA",5
0.405164973698623,0.000565319418906509,-3.08869124232673,"KY","CA",5
-0.178830855279473,0.165358197604101,0.582561401260555,"MD","CA",5
0.00899014272373079,0.00155875566833486,0.772782971177889,"MI","CA",5
0.00608800569208956,0.000173908277087835,-0.178886816894663,"MN","CA",5
0.0314671196523089,0.0403572660364124,0.463112263068591,"MO","CA",5
-0.0388710924076882,0.00024736453888903,-0.612311080693306,"MS","CA",5
-0.0186057813429776,0.000250137712458864,-1.16868262593784,"NC","CA",5
0.297609722302895,6.53727306459738e-05,0.393951015741121,"NJ","CA",5
0.164532551983976,0.0199989286428437,0.187275361227331,"NM","CA",5
-0.101533731235522,0.000675460449225507,0.924289240393959,"NY","CA",5
-0.201545604294032,0.0220306344907161,-1.93132568361854,"OH","CA",5
-0.0510667141921768,0.000192173369420326,-0.730140873857466,"OK","CA",5
0.164785711998983,0.000525620140505229,-0.621859848405523,"OR","CA",5
0.226267748320128,0.000725182802392424,0.767328218372543,"PA","CA",5
0.132869748542636,0.00125846883145913,-3.14727120842643,"SC","CA",5
-0.0689461433651679,0.000142139748178509,0.487888929228731,"TN","CA",5
0.0478365350621069,0.00121567903093831,-0.0309480320478059,"TX","CA",5
0.0613930372873046,0.000271350519351632,-0.34392149000815,"UT","CA",5
-0.0493206358520717,0.000600952521437608,0.505767134255825,"WA","CA",5
0.096028804409844,0.000799264425701996,-1.42395340154195,"WI","CA",5
0.14437149454931,0.0186181959711924,0.892331617229494,"AL","CT",5
0.178864636020411,0.000428758004519273,-3.07154530928433,"AZ","CT",5
-0.242248625678445,0.165026523230922,-36.1592671557864,"CO","CT",5
0.48338691707206,0.943941649038367,0.156704267011159,"DE","CT",5
0.124717837782879,0.000983166690941365,-0.237920040872249,"FL","CT",5
-0.0808235891359787,0.000229017209345087,0.0513945207496299,"GA","CT",5
0.0444502609506574,0.0288357308717791,-0.921342941863414,"IA","CT",5
-0.0109771819443944,0.000538230135321967,-1.12521145902286,"IL","CT",5
-0.275486962764086,0.00191915117494726,0.951539236559675,"IN","CT",5
0.165193592537819,0.000371040156638424,0.986172724748746,"KY","CT",5
-0.253625083754095,0.151297267462785,-892.487097105992,"MD","CT",5
-0.009146884261377,0.000431320269541538,0.721043355035829,"MI","CT",5
0.00170288086752784,0.00803847689087532,-6.04236307218573,"MN","CT",5
-0.105905624625417,0.00216473012571346,0.303253088116326,"MO","CT",5
0.111029429466745,0.000719621999992295,0.606660672226286,"MS","CT",5
-0.0238132203726113,0.000224102800424071,-18.9799792425423,"NC","CT",5
0.0594455713753427,0.00142849121905447,-0.205121650347554,"NJ","CT",5
0.134868269587136,0.127200908027009,-7.16763540415412,"NM","CT",5
0.0683483436978394,0.000366267017065839,-125.946972619156,"NY","CT",5
-0.231253606886812,0.000480621487960134,0.688607661363982,"OH","CT",5
0.144808069698576,0.0127522578412858,-4.7085872124106,"OK","CT",5
0.146279173185776,0.00019298127189145,-27.7005823768277,"OR","CT",5
-0.218496171723722,0.000641101684846676,0.938774470955918,"PA","CT",5
0.0622218310133822,0.000167144155022566,0.977720505320839,"SC","CT",5
-0.00353316211082781,0.00711027997392829,0.751122739964682,"TN","CT",5
-0.0952154069011919,0.00018461711461822,-1.37571358399093,"TX","CT",5
-0.00592313623009628,0.000791398331832782,0.996205695431479,"UT","CT",5
0.0676914273255271,0.000431023686761369,-15.3236857211426,"WA","CT",5
0.00541195274235899,0.000463184148985388,-13.8042354784609,"WI","CT",5
0.0839805236982065,0.0578284587301014,-0.1983566694351,"AL","RI",5
0.0660188818157389,0.000328245490834763,0.935164677339961,"AZ","RI",5
-0.104572199450323,0.0687383804354984,0.270475805595634,"CO","RI",5
-0.0316704478534747,0.356951345352505,-0.241207835536237,"DE","RI",5
0.133573372064353,0.000809038210650823,0.35486105807794,"FL","RI",5
-0.0641826121150694,0.000358140622633062,-0.592954295048542,"GA","RI",5
0.0203622859762809,6.40290565874771e-05,-0.816675676866389,"IA","RI",5
-0.012694876302593,0.00039979051066719,-7.66649488812376,"IL","RI",5
-0.353202538367484,0.000127151626538621,0.0860575970686499,"IN","RI",5
0.396191649854158,0.000137596298953814,-6.99636626333019,"KY","RI",5
-0.200421339137678,0.135252008309393,0.399981717321149,"MD","RI",5
0.0289651411346805,0.00134113776670476,0.775313882878551,"MI","RI",5
-0.0201319724758055,0.000840067387551447,0.058973498809629,"MN","RI",5
0.0139866427894904,0.00238465549855194,0.250192640645803,"MO","RI",5
0.00267260621556939,0.000203193415049108,-0.445746119628922,"MS","RI",5
0.0870568584641485,0.000137650314043089,-1.75398178434663,"NC","RI",5
0.288825491813578,0.00037109390087956,0.223013400217302,"NJ","RI",5
0.127535637045423,0.0298291671135334,-0.23476828512928,"NM","RI",5
-0.130180265803754,0.000438321617275776,-0.426350909992062,"NY","RI",5
-0.197575432681222,0.0199034098447913,-1.92404407770128,"OH","RI",5
-0.0301192792406778,0.000759004120378614,-1.13759114161432,"OK","RI",5
0.127489348484408,0.00121540213203888,-0.672761593687724,"OR","RI",5
0.10720557130752,0.000279585338119713,0.681024453681946,"PA","RI",5
0.0643235217450294,0.026775165270615,0.250474982696743,"SC","RI",5
-0.0677640129614013,0.000211864845619578,0.218369664501666,"TN","RI",5
0.111614924029316,0.0024198843620218,0.248060730620038,"TX","RI",5
0.0113423594672421,0.00023697551626466,-0.968317732259251,"UT","RI",5
0.110745070736136,0.000833944654270979,0.446047298200176,"WA","RI",5
-0.112051196967427,0.000286435578025638,0.0259421017862338,"WI","RI",5
0.148363714522875,0.0311009648461262,0.823611125190456,"AL","VT",5
-0.0234086146500836,0.000741905291821327,-2.29811841053852,"AZ","VT",5
-0.104081422879545,0.0957729272866669,-6.06974020295124,"CO","VT",5
0.358476312318078,0.747663148627516,0.201423421261933,"DE","VT",5
0.126111713783515,0.000217632001122256,0.229864750721835,"FL","VT",5
-0.0659380704333359,0.000293840416989723,0.957622459623476,"GA","VT",5
0.0470190982078893,0.0210401587295646,0.0300222816846787,"IA","VT",5
-0.0247691743407457,0.000221493880373464,0.993945316624729,"IL","VT",5
-0.201625906578083,0.000416800750620199,-0.0292593525827212,"IN","VT",5
0.162063427126333,0.000245967730259755,0.479787995468357,"KY","VT",5
-0.223560637588616,0.107471994238765,0.71106361327983,"MD","VT",5
0.185227704337443,0.000983810984352188,0.173668127542367,"MI","VT",5
-0.0408464130825373,0.0134058941634415,0.894411983653016,"MN","VT",5
-0.10939565283001,0.0036041019498502,0.550414341983154,"MO","VT",5
0.0896876399485083,0.00577386728835119,0.599132502337508,"MS","VT",5
-0.0112567579982201,0.000255389639683517,-5.15512013108262,"NC","VT",5
0.059599494897108,0.000361538825858318,0.341700580553474,"NJ","VT",5
0.0644298842619902,0.0532543352049209,-0.439495300005279,"NM","VT",5
-0.0857205141237257,0.000302584508703935,-6.75069762009755,"NY","VT",5
-0.212165873392288,0.000646841028628129,0.850457472160983,"OH","VT",5
0.0801440516506878,0.0187743677626517,-2.45679994018578,"OK","VT",5
0.101438870954149,0.000717754491767141,0.374262236415804,"OR","VT",5
-0.0896193148763639,0.000165426439793078,0.989181678223507,"PA","VT",5
0.10920712369648,0.00196901976861603,0.866778349622264,"SC","VT",5
-0.0194425157826414,0.000422363213017032,0.220663071444293,"TN","VT",5
-0.0437505324908885,0.000420150194052499,0.922710774596033,"TX","VT",5
0.0368647913742258,0.000371295837402854,0.925109348806038,"UT","VT",5
-0.0152399648930158,0.000622101641134523,0.377738288067705,"WA","VT",5
-0.0936952412653517,0.000482907604069138,-0.146799931180841,"WI","VT",5
0.199612322396374,0.0515487625334339,0.858796562276572,"AL","MA",6
0.0330534332562422,0.000592195733898047,0.416248084228068,"AZ","MA",6
-0.11500137999332,0.160709720235343,-7.6460725569087,"CO","MA",6
0.308026103448532,0.714122729883199,0.109580872991272,"DE","MA",6
0.0607287607579033,0.000324040312443916,-0.0145206765239536,"FL","MA",6
0.00653756366244635,0.000362637564269284,0.897393248544235,"GA","MA",6
0.030993215097557,0.000414192769802909,-0.400599187027978,"IA","MA",6
0.0498320452779772,0.000284874175445306,0.739061593877616,"IL","MA",6
-0.185246671151231,0.00834317152313213,-3.67395089047402,"IN","MA",6
0.243382327151111,0.000521152491045053,0.213189426327167,"KY","MA",6
-0.242058271239062,0.095900238847784,0.393025461280698,"MD","MA",6
0.0193576274741456,0.00179501557181173,0.308617042914348,"MI","MA",6
0.0329053345293574,0.0179459635046974,0.284601879949683,"MN","MA",6
-0.0686157740055759,0.00474890038896248,0.226321658951962,"MO","MA",6
0.0856743299000307,0.0181339246934249,0.597671703910806,"MS","MA",6
0.00804191718915323,0.000302818877665695,-4.73426101049004,"NC","MA",6
0.0941382501305576,0.00013026856707357,0.175240479790203,"NJ","MA",6
0.110583213545388,0.0357463342009149,-1.41678754465381,"NM","MA",6
-0.148421132718904,0.000248020187940223,-5.39555464193969,"NY","MA",6
-0.19174150341557,0.000800898321772531,0.625931369639207,"OH","MA",6
0.0833994907958983,0.0367614870058264,0.416876237652531,"OK","MA",6
0.0850965746891783,0.000247282626554513,-2.37571478372249,"OR","MA",6
-0.120441476969947,0.000357605202389906,0.308103643773282,"PA","MA",6
0.05562217357062,0.0172901627377582,0.670053338787264,"SC","MA",6
0.0479591948238393,0.00056865615582441,-7.12058237576679,"TN","MA",6
-0.0175596717851982,0.00199629736732547,0.400915293063959,"TX","MA",6
0.0789332193855544,0.00182912401650759,0.029868842719894,"UT","MA",6
0.102030481326377,0.00045785526196392,-0.686771674620974,"WA","MA",6
-0.140936851684681,0.000105198871217575,-1.02115992382584,"WI","MA",6
0.00853332547454783,0.0520186968275797,-0.115711512870095,"AL","CA",6
0.212824642413867,0.000249434239487894,0.284960234861569,"AZ","CA",6
-0.0904325490517981,0.0590178564220641,0.303505414471933,"CO","CA",6
0.0612530219625715,0.416179438006045,-0.228933212710035,"DE","CA",6
0.0979333071977609,0.00484737412088473,0.80828503075424,"FL","CA",6
0.0443959745531534,0.000191401122421324,0.995109192096972,"GA","CA",6
0.0491249502033621,0.000242586514627862,-0.0653938518530501,"IA","CA",6
0.0564334406651199,0.000162215527950754,-34.7010268867073,"IL","CA",6
-0.195238242059301,0.000511725610689193,-0.0281780933134368,"IN","CA",6
0.241348264656419,0.000102276796459043,-3.3993336701174,"KY","CA",6
-0.168826061147922,0.172965568854963,0.491432407809044,"MD","CA",6
-0.0807783831874754,0.00141016220203619,0.857317866292339,"MI","CA",6
-0.0343043433668037,0.000216875301144457,-1.5670889627912,"MN","CA",6
-0.00578796978196278,0.0612800181125364,0.463214211637247,"MO","CA",6
0.0187297599250134,0.00025015938383067,-0.770254988026954,"MS","CA",6
0.000584472150492552,0.000222171367994752,-1.76736876943591,"NC","CA",6
0.252804959174212,0.000189769892165043,0.556220247459212,"NJ","CA",6
0.215201983004876,0.0201568908473202,0.306332869728304,"NM","CA",6
-0.183336530243109,0.000442268514454014,0.75982004607248,"NY","CA",6
-0.162601012510137,0.0223968295627528,-1.47026246973234,"OH","CA",6
-0.0949994775171883,6.69063179798678e-05,-1.37140352282243,"OK","CA",6
0.0354718674200392,0.000211793469770958,0.213608802006995,"OR","CA",6
0.149073398822906,0.000479227455395703,0.710480462705518,"PA","CA",6
0.0989036641572374,0.00364903302781467,-3.23396106089225,"SC","CA",6
-0.053797446305836,8.34667289944077e-05,0.536342669283918,"TN","CA",6
0.0181227967580557,0.00139001089253905,0.86022509910165,"TX","CA",6
0.0837006771216545,0.000149055784892936,-3.41646187099018,"UT","CA",6
0.0228769827999252,0.000459521404969241,0.863693969997648,"WA","CA",6
-0.0165203957475365,0.000288602142675069,0.840260143484332,"WI","CA",6
0.136717134801151,0.0251465157527747,0.548133335060077,"AL","CT",6
0.118885049320088,0.000188669065806159,-0.375301414716445,"AZ","CT",6
-0.217660400420215,0.176773106597738,-21.8329759863787,"CO","CT",6
0.368688025214509,0.999985955987525,0.259859147442198,"DE","CT",6
0.131831683225336,0.000256207619790731,0.972508977560574,"FL","CT",6
-0.0399307773705846,0.00142887217314833,0.999301329366495,"GA","CT",6
0.0396303431018787,0.0425624361808669,-0.88392992967875,"IA","CT",6
0.0933950267547157,0.000269817637954555,-6.19661228874266,"IL","CT",6
-0.303314448850259,0.00303261079671044,0.438510120012813,"IN","CT",6
0.31310144265413,0.000482814891519701,0.997886169599444,"KY","CT",6
-0.229046403850876,0.156813535198726,-814.847009538562,"MD","CT",6
-0.089465207389827,0.000262151149905176,-1.15306891643538,"MI","CT",6
-0.00749296154324869,0.00802276654074047,-9.4048881219837,"MN","CT",6
-0.103060938642975,0.00323847780095597,0.00818747682317444,"MO","CT",6
0.105265560120592,7.28967129958447e-05,0.98104753750763,"MS","CT",6
-0.00793868675099271,0.000221750751409645,-3.55251543951738,"NC","CT",6
0.113736936058416,0.000336108222646668,0.634696809795487,"NJ","CT",6
0.199790939356274,0.132879812160402,-4.03146156739297,"NM","CT",6
-0.128458147263188,0.000784963947219216,-32.9175321812895,"NY","CT",6
-0.218296494789762,0.0011680255361831,0.541253019065979,"OH","CT",6
0.17106991824139,0.02427177574726,-2.93107443097936,"OK","CT",6
0.188782559943652,0.00060827794885766,-3.25928250031437,"OR","CT",6
-0.132666281640674,0.000250591913286412,0.999217618265911,"PA","CT",6
0.070683394091048,0.000358410594883154,0.382343950023597,"SC","CT",6
-0.00320820213594656,0.0215859250563822,0.886345968294682,"TN","CT",6
-0.12751055472862,7.82593325680549e-05,-0.787210017413082,"TX","CT",6
-0.0455627716110456,0.00105988373843658,0.536504255856368,"UT","CT",6
-0.018595728693166,0.000817322180218454,0.0280429572282317,"WA","CT",6
-0.096452341103468,0.000493838934839326,-94.426170609733,"WI","CT",6
0.0781049568076147,0.0600168458151994,-0.100785960991556,"AL","RI",6
0.209848166295092,0.000333108446067044,-0.454434480592101,"AZ","RI",6
-0.106295276629307,0.0773376994704116,0.253454686405857,"CO","RI",6
-0.00303542990142049,0.381771306782191,-0.243111686969633,"DE","RI",6
0.096494421436882,0.000277735331175215,0.630548372584304,"FL","RI",6
-0.0391953096281868,0.00029182620707738,0.865555343981358,"GA","RI",6
-0.00101417304665455,8.99487823399252e-05,0.101826124947448,"IA","RI",6
0.0296831259074056,0.000401145280451994,0.700404633184278,"IL","RI",6
-0.214318306777511,0.00020389797957927,0.24430032853249,"IN","RI",6
0.319334106090766,4.61629314279247e-05,-3.24305800698173,"KY","RI",6
-0.212130895649096,0.141066648212476,0.405906586949582,"MD","RI",6
-0.0234710941289755,0.000329831715674324,0.0404293276232847,"MI","RI",6
0.00701489636796157,0.00159655768739538,-0.772465460209445,"MN","RI",6
-0.0153019799531799,0.0149351392164251,0.23184374884418,"MO","RI",6
-0.0076008182205324,0.000991468115978998,-0.977473242116182,"MS","RI",6
0.0450629915310336,0.000283562965300428,-2.39418217559789,"NC","RI",6
0.223494312794208,0.000244332607329964,0.018069075984727,"NJ","RI",6
0.123359321845915,0.0320764885389029,-0.0805385719449174,"NM","RI",6
-0.138351272831688,0.000310458401929,0.0892920522251929,"NY","RI",6
-0.210002870075225,0.023399442294874,-1.00259336239037,"OH","RI",6
-0.0646690493581673,0.0057755411210296,-0.62561925307058,"OK","RI",6
0.0246603016972719,0.000349575676697199,0.804971258233104,"OR","RI",6
0.199792916180166,0.000945693815679442,0.201281937507746,"PA","RI",6
0.0512881081247973,0.0272841574620357,-3.96547315801988,"SC","RI",6
-0.095155654667021,2.46276557170909e-05,0.282403208275781,"TN","RI",6
0.0266221040800115,0.000848678280582678,0.480052047578754,"TX","RI",6
0.0294753466684657,0.00041127951407447,-0.260846903622437,"UT","RI",6
0.21415635436738,0.000463707876457104,0.517004618669604,"WA","RI",6
-0.140295875233935,0.000161967118909873,-6.21385309357664,"WI","RI",6
0.124262936061852,0.0445314990585812,0.892122503537805,"AL","VT",6
0.076412675335032,0.000595111582205768,-0.707268544457542,"AZ","VT",6
-0.106259641738267,0.0980021692433657,-9.64110537489269,"CO","VT",6
0.349966652190769,0.777803290082349,0.253528863615483,"DE","VT",6
0.112392952276693,0.000179180477755779,0.458286202391179,"FL","VT",6
-0.0429161070985205,0.000356868549778703,0.530780313839694,"GA","VT",6
0.0502024754010547,0.0197122392372363,0.075728369376018,"IA","VT",6
-0.00119666350839438,0.000284598719646447,-57.4605189487656,"IL","VT",6
-0.243395983961238,0.000237924631315972,0.937175601883912,"IN","VT",6
0.211585000771133,0.000463423052331777,0.0604727793588525,"KY","VT",6
-0.237012428367275,0.116253321508473,0.737348061237101,"MD","VT",6
0.0808915132920162,0.000472330078378888,-1.76528102296716,"MI","VT",6
0.0188302271064985,0.0184840370202011,0.673789345186715,"MN","VT",6
-0.0953302907945756,0.0121089102550271,0.241017319535226,"MO","VT",6
0.0816128782843445,0.0106653082956073,0.780017469091107,"MS","VT",6
0.0306923655449719,0.000124165498304963,-2.51824506475563,"NC","VT",6
0.189087612664042,0.000487857534785256,0.588811442035187,"NJ","VT",6
0.0437903105650531,0.0554842871251471,-0.441049005952213,"NM","VT",6
-0.00432714994920696,0.000343319621954249,-26.1796729618753,"NY","VT",6
-0.212496778555481,0.000656412293926138,-0.503893922895143,"OH","VT",6
0.126320623416052,0.0213450687501707,-3.91365012929004,"OK","VT",6
0.134861802907441,0.000242946063655652,0.74660462390021,"OR","VT",6
-0.154234491616077,0.000375959115298755,0.476805155118114,"PA","VT",6
0.0949668996850044,0.000434070836013023,0.866305888027597,"SC","VT",6
0.00571218666929736,5.686188895882e-05,-3.91425508770387,"TN","VT",6
-0.112729123063293,0.000322840728135927,0.828394760771817,"TX","VT",6
-0.0141804310094982,0.000275633007406264,0.65229957064854,"UT","VT",6
0.0154994654111377,0.000598396894112685,0.972863359622457,"WA","VT",6
-0.0404726103646258,0.000167496819616867,-5.22068933587486,"WI","VT",6
0.158486439676864,0.0642661908228292,0.742618998294112,"AL","MA",7
0.0380744285807764,7.04834660092662e-05,0.138086801240078,"AZ","MA",7
-0.127513711092571,0.172290412854786,-7.83549384078005,"CO","MA",7
0.328455156446873,0.741397334601049,0.133470607005934,"DE","MA",7
0.125616916072892,0.000155993127221798,-1.5135266114934,"FL","MA",7
-0.0222390865979342,9.98178448125705e-05,0.948511721068545,"GA","MA",7
0.0398262376925656,0.000237142353831566,0.0242740443457347,"IA","MA",7
0.122121766663315,0.00028587879722984,0.551303717337817,"IL","MA",7
-0.197073529780862,0.0104053515968543,-1.45437653413512,"IN","MA",7
0.153365742466358,0.000349711017594054,0.824700099437649,"KY","MA",7
-0.242853117502729,0.103930722908667,0.336433196985285,"MD","MA",7
-0.0184308142453893,0.00259487458042788,0.508117479377557,"MI","MA",7
0.0279835945480979,0.0190328043026544,0.308972215396569,"MN","MA",7
-0.0657032962601382,0.0133335559019175,0.295485698738349,"MO","MA",7
0.0703643159793847,0.022067218100981,0.588783232581574,"MS","MA",7
-0.0030460649034808,3.88606614088419e-05,-5.93210333206741,"NC","MA",7
0.145409015276159,7.71080638701296e-05,0.54273737114375,"NJ","MA",7
0.0741653288173871,0.0483969555925651,-2.31259421309427,"NM","MA",7
-0.215995081261416,0.000390096279920796,-1.62358571120984,"NY","MA",7
-0.226572602840286,0.0010994234275731,0.358813315056933,"OH","MA",7
0.0911618111009449,0.040311767953081,0.419823632568071,"OK","MA",7
0.201387959682422,0.000554375517690017,0.317115488787207,"OR","MA",7
-0.0451952762700176,0.000274808905170877,0.130265912707906,"PA","MA",7
0.0122252084089478,0.021663432557128,0.857199909951531,"SC","MA",7
0.0385169228916343,0.00050626945448182,-6.75393690220895,"TN","MA",7
-0.0261028729230712,0.00425897707743314,0.666064031729202,"TX","MA",7
0.0734868392125246,0.00163696474698747,-0.408798809441289,"UT","MA",7
-0.00570598162496328,0.000271522580114285,-7.01424698170982,"WA","MA",7
-0.0494774871912875,8.44998850978773e-05,-0.684835922764641,"WI","MA",7
-0.0231742055335659,0.0531669353453235,0.0391117647518159,"AL","CA",7
0.142508897416587,8.28124715272087e-05,0.45409777726395,"AZ","CA",7
-0.119430461803034,0.0765602137265935,0.396410259316529,"CO","CA",7
0.08938207255843,0.428637091719664,-0.0137952025376373,"DE","CA",7
0.0516203282979082,0.00991813589767798,0.143467067024977,"FL","CA",7
0.0185098013673728,0.00110687530501332,-4.6424535534735,"GA","CA",7
0.0144908855986203,6.35235512964253e-05,-0.60744821570315,"IA","CA",7
0.169971590885049,9.00834239123434e-05,-3.76844463240382,"IL","CA",7
-0.192135000024826,0.000311123513054093,-1.29673533925896,"IN","CA",7
0.291799316798004,9.92329201270962e-05,-0.268097751091112,"KY","CA",7
-0.19255968091393,0.17615306874998,0.515821620114236,"MD","CA",7
-0.0717243638716546,0.00328169651122116,0.934678589652485,"MI","CA",7
-0.0382231840591731,0.000517683093117341,-0.96276069545302,"MN","CA",7
-0.0531804635703741,0.0823661571649496,0.400047484713383,"MO","CA",7
0.00464222196257963,0.000975160428729768,-0.560136962081806,"MS","CA",7
0.0519570835689011,0.000147771716277698,-0.72645896208728,"NC","CA",7
0.23170681608231,0.000244568357972167,0.472459464995881,"NJ","CA",7
0.197402594593727,0.0240642146227419,0.17194749135658,"NM","CA",7
-0.128856249411647,0.00047982867267876,0.606275787657797,"NY","CA",7
-0.182730988489792,0.0279868197258301,-0.325551957317703,"OH","CA",7
-0.0978389325555733,0.00296150820994312,-1.29789283949287,"OK","CA",7
0.259937488094443,8.38640878364911e-05,0.843844534512866,"OR","CA",7
0.119470246830835,0.000369482198256375,0.66758819070086,"PA","CA",7
0.177777705701637,0.00564463549031232,-1.03332252850023,"SC","CA",7
-0.0681403478573817,5.95804990832104e-05,0.46580457552355,"TN","CA",7
0.031244609963658,0.000189811096817915,0.865603897616626,"TX","CA",7
0.17355516005888,0.000186382069516748,-0.351324076463346,"UT","CA",7
0.0599810585297468,0.000218161350552176,0.843795785627227,"WA","CA",7
-0.0392036440470524,0.000240445616688916,-0.457856025843264,"WI","CA",7
0.103933008677812,0.0305803737801535,0.638880656512595,"AL","CT",7
0.0392077269441081,0.000649477045551161,-29.1078125102886,"AZ","CT",7
-0.23233296203987,0.180369771781704,-37.488371027673,"CO","CT",7
0.45636804894177,1.05905822994963,0.227008920362739,"DE","CT",7
0.187213738314965,0.000247593581049352,0.841561975128603,"FL","CT",7
-0.0195500694859389,0.000375126722345135,-0.364859804898492,"GA","CT",7
0.022094694077171,0.0544000107079844,-1.06630393039025,"IA","CT",7
0.0615541182494204,0.000293280563623813,0.833959218249926,"IL","CT",7
-0.294950166610756,0.00470362641059711,0.994419237982403,"IN","CT",7
0.266425959338597,0.000208037440643915,0.548253225039562,"KY","CT",7
-0.253426142243287,0.16287855011516,-1012.61031979051,"MD","CT",7
-0.0752166119399581,3.39158300000532e-05,0.717885125663154,"MI","CT",7
-0.00253001325713276,0.0307653833466934,-8.36974308611439,"MN","CT",7
-0.172084360116374,0.0142142728870413,0.0872592092237885,"MO","CT",7
0.131352876966157,0.000472881927988337,0.678960396242698,"MS","CT",7
-0.012239531070331,0.000206231233696006,-12.462335999104,"NC","CT",7
0.12609515921446,0.000665421180975388,0.389743378036973,"NJ","CT",7
0.149342509803698,0.134050536096469,-3.79840236688288,"NM","CT",7
-0.0985907546765778,0.000586534537180906,-25.1172137915479,"NY","CT",7
-0.158754525919399,0.00523446654475923,0.250420061960996,"OH","CT",7
0.178907258696525,0.0391295790349324,-2.34752113618711,"OK","CT",7
0.0166358259443764,0.000290182218988951,-0.212720080704076,"OR","CT",7
-0.0560295969755218,0.000103781272722849,0.756559913056763,"PA","CT",7
0.206880554179134,0.000337402405224142,0.98337877765374,"SC","CT",7
-0.000734530974776078,0.0261272154188511,0.666730480979404,"TN","CT",7
-0.0445380487729074,0.000278281157266779,0.883159913650155,"TX","CT",7
-0.0479626699354128,0.000206011561602748,0.368360947998572,"UT","CT",7
-0.0545468954451609,0.000237001082217791,-3.2614558393089,"WA","CT",7
-0.0794866188870764,8.71477052624069e-05,-3.05865404223272,"WI","CT",7
0.0713808207350182,0.0621812516262234,0.0108860262245989,"AL","RI",7
0.0148498669025073,0.000287623751672076,-0.370210918452185,"AZ","RI",7
-0.146905755810181,0.0885034975590274,0.215862446728018,"CO","RI",7
0.0222652098351732,0.399320577362254,-0.0462171768270097,"DE","RI",7
0.0658764552662501,0.000128633090153977,0.0511881829302188,"FL","RI",7
0.00361276873397934,0.000494037881893925,0.736920194414511,"GA","RI",7
0.0559061550237019,5.88771892368888e-05,-0.195922276642087,"IA","RI",7
0.037585542728908,5.92865758630789e-05,0.0155395998370804,"IL","RI",7
-0.252728925904361,0.000331336876165569,-1.37526579089018,"IN","RI",7
0.403679588132381,0.000284443782811395,0.937270210320528,"KY","RI",7
-0.211338949789056,0.143814083962945,0.373820434685923,"MD","RI",7
-0.0227045176862192,0.00240438947682668,0.402921720243746,"MI","RI",7
-0.0255011212872152,0.00611633364732895,0.154080973154397,"MN","RI",7
-0.0275535525826802,0.036549611034077,0.254726812113554,"MO","RI",7
0.0109387472839851,0.00761497615215975,-0.370664418853426,"MS","RI",7
0.0720584702700215,0.000177627417359044,-1.47963852522599,"NC","RI",7
0.306902758981866,0.00046083191905683,0.433491974597292,"NJ","RI",7
0.14327895825916,0.0379911465100141,-0.171183039270181,"NM","RI",7
-0.211166470301374,0.000199635321977735,0.18892555704802,"NY","RI",7
-0.241041430114959,0.0221352650578935,-0.979501803180096,"OH","RI",7
-0.0355526082682034,0.0150795653113121,-0.830843420561135,"OK","RI",7
0.043360042652422,0.000525025306424758,0.535313426995778,"OR","RI",7
0.218555289859991,0.000905045601177558,0.150816312708699,"PA","RI",7
0.0218750878822613,0.0314777572875008,-2.10530280245503,"SC","RI",7
-0.121382769363409,0.000121985751858335,0.358001330665509,"TN","RI",7
0.00417695323299139,0.00202030435426465,0.422051046154267,"TX","RI",7
0.141817228431728,0.000295468289169975,0.221392064450096,"UT","RI",7
0.0417105544168439,0.000574423712320762,-0.438913625688439,"WA","RI",7
-0.0524690377904682,0.000329020334767904,-2.70393105099231,"WI","RI",7
0.105486048365189,0.0569657502907918,0.875228102220053,"AL","VT",7
0.0718726359395578,0.000204082302349068,-2.43333813128067,"AZ","VT",7
-0.106390571073684,0.101077601841912,-9.80645002871658,"CO","VT",7
0.310818576518892,0.809662999667739,0.26901406270938,"DE","VT",7
0.104913418841788,0.000111328171035341,0.0285916474305095,"FL","VT",7
-0.0584220223617409,0.000212289739352188,0.789459202253926,"GA","VT",7
0.0416888268873347,0.0226353691127951,0.0269802225590541,"IA","VT",7
0.00782898699958947,0.000475185181166026,-5.26320382238889,"IL","VT",7
-0.235294380934016,0.000442634908427943,0.657709585806186,"IN","VT",7
0.155121136205356,0.000213593910028903,0.954981750731377,"KY","VT",7
-0.229878858285418,0.125517349484635,0.544474142625612,"MD","VT",7
0.0128379543064455,0.000485844738184023,-1.19009597369387,"MI","VT",7
-0.0024897952712202,0.0220798766322894,0.670420426471921,"MN","VT",7
-0.101792606153865,0.027003023228853,0.343977277821185,"MO","VT",7
0.0694741735106892,0.0125340694850049,0.749104246228589,"MS","VT",7
0.0289496639381633,6.9184737414223e-05,-23.1259860768365,"NC","VT",7
0.154853114719384,0.000524838685272196,0.58164664365009,"NJ","VT",7
0.118820825953437,0.0625988304205797,-0.419809142293178,"NM","VT",7
-0.10518747622022,0.000335671201821909,-16.3120598811952,"NY","VT",7
-0.191859325711003,0.000389094010626267,-0.0392605791325824,"OH","VT",7
0.107364190204686,0.0233687463960807,-2.85529316856485,"OK","VT",7
0.089586903660788,0.000166744898551935,0.987364050544912,"OR","VT",7
-0.165381928369261,0.000297622012849817,0.723221712961525,"PA","VT",7
0.127304923984747,0.00715161539966417,0.909781912906662,"SC","VT",7
-0.00762790112848246,0.00020524810542369,-2.7540552631513,"TN","VT",7
-0.0886864659758187,0.000177549299878896,0.932193715942349,"TX","VT",7
0.0383894676051301,0.00022201095823804,0.887532142205202,"UT","VT",7
-0.0478472715307275,0.000498736905411725,0.921198480079478,"WA","VT",7
-0.0827364633578608,0.000136676774834363,-0.0749277893336566,"WI","VT",7
0.129208629052447,0.0753092753506794,0.762480276735721,"AL","MA",8
-0.00865979526878223,0.000976948647024222,0.194507760536024,"AZ","MA",8
-0.137361437594316,0.182678309825739,-5.76352883291414,"CO","MA",8
0.309664455082481,0.752514820307072,0.201936824044946,"DE","MA",8
0.0872910367641497,0.000138412469045812,-0.406506290797937,"FL","MA",8
-0.0531590081941363,7.83104604858224e-05,-3.02673652677645,"GA","MA",8
0.0345637352515196,0.000472386047963254,-0.0175015823558005,"IA","MA",8
0.0797094092376614,0.00017606657747585,0.873516691653273,"IL","MA",8
-0.217728508629148,0.0119408853852992,-0.678121491876634,"IN","MA",8
0.190592654232108,0.000288223440007087,-1.3173406177156,"KY","MA",8
-0.250022145456486,0.110566090447672,0.441966331245756,"MD","MA",8
0.0268033685934479,0.00559880025260917,-0.816984727797412,"MI","MA",8
0.0206921339459523,0.0211007888970324,0.58560142247816,"MN","MA",8
-0.0771809228634509,0.0204108484467716,0.251783783469974,"MO","MA",8
0.0550259147244553,0.0251392943840115,0.734474967503367,"MS","MA",8
-0.0242138604673736,0.000299859855312274,-5.17452939016734,"NC","MA",8
0.113160224357368,0.000268907010725503,0.072839709119447,"NJ","MA",8
0.119529078469825,0.0548934908197649,-2.03680726108944,"NM","MA",8
-0.0782741793606743,0.000276940486021253,-7.9809158456195,"NY","MA",8
-0.198207102981167,0.00874251218955486,0.477576500712931,"OH","MA",8
0.0621409914079682,0.0423559860195209,0.391467922731242,"OK","MA",8
0.301648021305575,0.000162739331413688,0.291215083464772,"OR","MA",8
-0.059236080024539,0.000199975899426823,0.682426518305137,"PA","MA",8
-0.0106304301976817,0.0251540445799526,0.609240359301962,"SC","MA",8
-0.0060083961248048,0.000465709654712324,-10.3659588351199,"TN","MA",8
-0.0335756135537932,0.00533676012056829,0.680517948792144,"TX","MA",8
0.12524004705379,0.00634841484782969,0.940092109588753,"UT","MA",8
-0.00776615379294863,0.000318089615893495,-3.94378488656456,"WA","MA",8
-0.0617224077644167,0.000109425142042538,-5.38690992307684,"WI","MA",8
-0.069135481596357,0.0542010267391887,-0.157172032066226,"AL","CA",8
0.0629616811074961,0.000117067122480912,0.451781783861578,"AZ","CA",8
-0.137250550029632,0.0860261875822128,0.424811618994936,"CO","CA",8
0.0238450874565966,0.446622606837097,-0.152742892610182,"DE","CA",8
0.0541197218500266,0.012460445340722,0.78596164318484,"FL","CA",8
0.00169020391738595,0.00221693208469933,0.954502045678947,"GA","CA",8
-0.0286435376347166,3.6092315463189e-05,-0.362687852878174,"IA","CA",8
0.01375135919739,9.30229073989602e-05,-9.91031572291148,"IL","CA",8
-0.187349795573985,0.00140266675631027,-0.490285449602908,"IN","CA",8
0.320654422501537,0.000171370921871718,-1.46868034661219,"KY","CA",8
-0.187961696771364,0.181556481323788,0.454332521115292,"MD","CA",8
-0.0543095986345221,0.00634089695512221,0.912502449437414,"MI","CA",8
-0.0607535623031327,0.00030829192488901,-1.33329237827854,"MN","CA",8
-0.0535843733727423,0.0896500842887554,0.419958159736291,"MO","CA",8
-0.00184924411145286,0.00202287488100509,-0.434783365655178,"MS","CA",8
0.0402845606559275,7.4803796169175e-05,0.428350296290941,"NC","CA",8
0.223893349811358,9.10123035817056e-05,0.337284101228958,"NJ","CA",8
0.144890734305179,0.0277961968313609,0.284696038916502,"NM","CA",8
-0.0817310432000351,0.000359776635954696,0.72831262852587,"NY","CA",8
-0.17164503150025,0.0318906335587848,-1.46088265581053,"OH","CA",8
-0.0755492777911942,0.00567151295681677,-0.921537499988043,"OK","CA",8
0.25419996689383,0.000239250064987998,0.396487155849349,"OR","CA",8
0.0192762902021451,0.000323958844433902,0.823315263129303,"PA","CA",8
0.126651278895529,0.0092587217258157,-0.45395735650026,"SC","CA",8
-0.0544196173853767,0.000148113969105154,0.194810979908175,"TN","CA",8
0.043506571162685,0.00184898457562258,0.741902184380105,"TX","CA",8
0.108198669272346,0.000160435297431664,-1.03710925492354,"UT","CA",8
-0.0105138118582709,0.000184797851987356,0.919300819439625,"WA","CA",8
0.0258241176533602,0.000157501913027913,0.781408245250955,"WI","CA",8
0.0774655228649587,0.0404023170568858,0.709942761575459,"AL","CT",8
0.136772629549117,0.000857267420541791,-13.0250113011899,"AZ","CT",8
-0.231663963895618,0.186548416331828,-74.4657535763605,"CO","CT",8
0.372393026227028,1.10987137365608,0.0614901331704643,"DE","CT",8
0.159313967861765,0.000434960824687838,0.0393444844656351,"FL","CT",8
-0.0144688952931645,0.000264772703383814,-0.545886450549371,"GA","CT",8
0.0150903792884418,0.0626668200190123,-0.874710023165304,"IA","CT",8
0.0577211139152249,0.00029174625859046,0.700803769490918,"IL","CT",8
-0.274940727966151,0.0139247514323011,0.989911638347675,"IN","CT",8
0.202176542743217,0.000158701367107404,-3.12506336577187,"KY","CT",8
-0.250914428820008,0.16915213742278,-931.071141850768,"MD","CT",8
0.0257026220124852,9.95042682929494e-05,0.315583365547865,"MI","CT",8
-0.0445535101211706,0.0427992774252738,-19.1705141842741,"MN","CT",8
-0.138979624742635,0.016133972670868,0.0681021013815188,"MO","CT",8
0.085161501429303,0.000978561304452488,0.941526165838602,"MS","CT",8
0.0114043491167616,0.000101768236347584,-0.263382647747923,"NC","CT",8
0.132061103176935,0.000656994450190871,0.618184000222525,"NJ","CT",8
0.150065057646432,0.136828509465537,-5.58657581270015,"NM","CT",8
-0.13061311230681,0.000106339275319231,0.794799990757581,"NY","CT",8
-0.18723481073009,0.0088128345034351,0.480660897097359,"OH","CT",8
0.187431541792636,0.0484875224222638,-2.324018351263,"OK","CT",8
0.00912526640736844,0.000570664635068072,-20.456990223967,"OR","CT",8
-0.120516169993201,0.00104373660335106,0.87687087610887,"PA","CT",8
0.112585860946664,0.000561289718201361,0.989608104531207,"SC","CT",8
0.0381222510154888,0.0360776506265069,0.640997943089441,"TN","CT",8
-0.055056775784253,0.000414361244744039,0.974818987850805,"TX","CT",8
-0.0121141536642042,0.00124862762448874,0.573740030926277,"UT","CT",8
0.02865770004417,0.000368815968794042,-0.669864959522987,"WA","CT",8
-0.112656208587814,0.000321276452007108,-297.419729175107,"WI","CT",8
0.0772292803464673,0.0640275627412221,0.256407199298065,"AL","RI",8
0.0663273462060716,0.000421122843537377,0.494922407289686,"AZ","RI",8
-0.159523882541587,0.0963762072729375,0.236553457798107,"CO","RI",8
-0.0374156444855306,0.421015313859469,-0.144465089616434,"DE","RI",8
0.0995717739555281,0.00159953184899955,0.768419351421163,"FL","RI",8
-0.0145240441996304,0.000225303856202227,0.404172274953927,"GA","RI",8
0.041306079237956,8.1058926964435e-05,-0.394287410691831,"IA","RI",8
0.001158589528139,7.6536969301076e-05,-5.51594527833637,"IL","RI",8
-0.19419742338917,0.000261682724714735,-0.149591590324393,"IN","RI",8
0.397812507120086,6.2094184444579e-05,-2.5672924009747,"KY","RI",8
-0.234228986975193,0.1487794393816,0.419440118082091,"MD","RI",8
0.021655406065043,0.00639561324129589,0.701904161322826,"MI","RI",8
-0.0226604134652777,0.010237881137175,-0.210453253378197,"MN","RI",8
-0.0686396489018868,0.0390990094178108,0.350525515050134,"MO","RI",8
-0.034928814589256,0.0127229435614903,-0.649258879639964,"MS","RI",8
0.0400555404325876,7.7545431647376e-05,-2.29889398554223,"NC","RI",8
0.308730914840006,0.000636898653655812,0.336322388253886,"NJ","RI",8
0.131246457052804,0.0406443904452123,-0.0820478364530364,"NM","RI",8
-0.149817835634125,8.68397702217912e-05,0.72142664442273,"NY","RI",8
-0.226053546107495,0.0263016641602815,-0.813356133095646,"OH","RI",8
-0.0610459231055671,0.0221002933700474,-0.747034076250073,"OK","RI",8
0.124525000815349,0.00020512194906738,0.628397267114848,"OR","RI",8
0.0672338537137676,0.000519809509623404,0.655365279177843,"PA","RI",8
0.0794170175115523,0.0333581715518826,-1.42560424492313,"SC","RI",8
-0.0401130664432924,0.000100211818300301,0.381210064134447,"TN","RI",8
0.0542635381906958,0.00174493393906034,0.41085686943162,"TX","RI",8
0.188833097129154,0.000120192588282044,0.276739000068364,"UT","RI",8
-0.0344420992992857,0.00085239246286072,0.116836061063309,"WA","RI",8
0.0215085697071612,0.000120338262479397,-4.84835243589915,"WI","RI",8
0.0923417000845121,0.0670496238508834,0.835922567861559,"AL","VT",8
0.0540219779996867,0.000538588161401825,-0.155665360184402,"AZ","VT",8
-0.149553231682635,0.108397306265445,-9.0198320308839,"CO","VT",8
0.366497023833257,0.819029439959615,0.201916084274487,"DE","VT",8
0.151620025688745,0.000232591225220802,-0.0380568247694117,"FL","VT",8
-0.048377042994192,0.00040277904545375,0.918004216820688,"GA","VT",8
0.0558216071506029,0.0277909342456925,-0.0502281070367829,"IA","VT",8
-0.0224490285109898,0.000101331696794837,0.859981113959013,"IL","VT",8
-0.22334981580247,0.000163379963615682,0.427913036368312,"IN","VT",8
0.213728831120273,3.08233325204719e-05,0.937480653191647,"KY","VT",8
-0.235989841034473,0.12887715667548,0.665592038107404,"MD","VT",8
0.0241174850083466,0.000879365125985573,-0.279921711332222,"MI","VT",8
0.0079530143109961,0.0239140003469227,0.557644351132963,"MN","VT",8
-0.113859929051658,0.0400886597864236,0.316528312590268,"MO","VT",8
0.061292354957729,0.0155355492525484,0.687313537562945,"MS","VT",8
0.0115613285613083,5.67222026692022e-05,-4.69112847744727,"NC","VT",8
0.112504628537757,0.000641141858540427,0.406784186725014,"NJ","VT",8
0.0918353842350901,0.0617384144222324,-0.433577562103311,"NM","VT",8
-0.152005323110052,0.000277071531809871,-0.628262201300468,"NY","VT",8
-0.182606210674732,0.00464021755135787,-0.2022934810916,"OH","VT",8
0.0960105266895791,0.0247441125857376,-4.04558053616322,"OK","VT",8
-0.00790157207846912,0.000139779764573828,0.923935827076715,"OR","VT",8
-0.0569298814576419,5.97903171025392e-05,0.504188482628837,"PA","VT",8
0.0610082202836788,0.0129877484628297,0.987356658244017,"SC","VT",8
0.0178334287752304,0.00029599085813265,-11.988716181965,"TN","VT",8
-0.0273718161150695,0.000338610296959577,0.889890978738026,"TX","VT",8
0.0264893513907666,0.000205750569067882,-1.21224908567484,"UT","VT",8
0.0781519640102752,3.41852880778008e-05,0.99495681569763,"WA","VT",8
-0.170635535891112,0.00022269786786777,0.430156003679981,"WI","VT",8
0.134948681398423,0.0796712640407444,0.616657145232328,"AL","MA",9
0.0327561079815318,0.000757812325643338,0.805840095683029,"AZ","MA",9
-0.129591759303405,0.1876280826708,-4.3340379261605,"CO","MA",9
0.334648636612399,0.776105777380608,0.0771017299075766,"DE","MA",9
0.113751769079032,8.36838049695646e-05,0.543253114311967,"FL","MA",9
-0.038954491212718,0.000144098493090478,-0.414148050858454,"GA","MA",9
0.0224832009550072,0.0029126061368208,-0.00887098417775234,"IA","MA",9
0.0475962559457512,0.00012239288838106,0.552656354059296,"IL","MA",9
-0.204944258421431,0.0135184123305565,-0.622565372022373,"IN","MA",9
0.178844487956643,0.000142668135510946,-0.329301689186708,"KY","MA",9
-0.246950027502973,0.11224625413623,0.367111670937079,"MD","MA",9
0.104203808602307,0.00961490687227348,0.570723019525015,"MI","MA",9
0.0275285142976812,0.0212762544155402,-0.138206658098025,"MN","MA",9
-0.0826044292590357,0.0233449298196235,0.249955106975644,"MO","MA",9
0.0544860880701402,0.0254922428523861,0.556751741075266,"MS","MA",9
-0.0121025297160368,7.80341633748367e-05,-3.68521645846945,"NC","MA",9
0.122554879315991,0.000224789259785164,0.394141207109618,"NJ","MA",9
0.128048617178455,0.0783819313971434,-1.72406267966262,"NM","MA",9
-0.0678257772060727,0.000406735750623607,-3.87050947559179,"NY","MA",9
-0.2352323908204,0.0311168694446717,0.521211153784174,"OH","MA",9
0.0480954460469211,0.0439640310732488,0.312247217819419,"OK","MA",9
0.364013507080409,0.000141825569151571,0.794136130606481,"OR","MA",9
-0.0488429175889216,0.000167370640000486,0.31865172269611,"PA","MA",9
0.0223530371160122,0.0315782738527196,0.817115245198054,"SC","MA",9
0.0270383857476809,0.000907008752009589,-4.39520961298075,"TN","MA",9
-0.0450970405555577,0.00599278829445343,0.618890777968522,"TX","MA",9
0.07703803600941,0.0053772440045966,0.0234879999121393,"UT","MA",9
0.0338027399511611,0.000542117111379972,-2.37900586373128,"WA","MA",9
-0.0164982056833787,8.72624303775049e-05,-3.26708795285698,"WI","MA",9
-0.0359082471207219,0.0548686337776405,0.0442523708152297,"AL","CA",9
0.0499694069534442,0.000237662247837296,0.923494285194894,"AZ","CA",9
-0.102725575375179,0.0966090548924504,0.301333569605373,"CO","CA",9
0.0547523271485455,0.470872163908047,-0.136874528482033,"DE","CA",9
0.0405502058239377,0.0131980890746708,0.843858841423726,"FL","CA",9
0.0330991399372435,0.00275720016390522,0.81339546753007,"GA","CA",9
-0.0058423017466198,9.15751938571747e-05,-0.176543781312719,"IA","CA",9
0.107287535850437,5.44635608645227e-05,-1.19192479823894,"IL","CA",9
-0.188219904240572,0.000859070602447355,-0.842193346190778,"IN","CA",9
0.270966146916097,0.000122047165863569,-0.551102888211205,"KY","CA",9
-0.185494432930286,0.182266834543471,0.445274272107808,"MD","CA",9
-0.0938800377044414,0.0103587568724329,0.783975661975875,"MI","CA",9
-0.0598893480211588,0.000256185693057151,-0.380056183860846,"MN","CA",9
-0.0909927322174604,0.101561030307257,0.429549096963531,"MO","CA",9
0.019761035874378,0.00892230490738153,-0.825044478133301,"MS","CA",9
0.0815473817936616,9.52641476951716e-05,-0.267633556492856,"NC","CA",9
0.246346619991311,0.000152628771856668,0.765280818885118,"NJ","CA",9
0.110886322670589,0.0324707028814487,0.210286710696417,"NM","CA",9
-0.0652992176353205,0.000407975100528249,0.721912013877279,"NY","CA",9
-0.165737935212569,0.0321064164893657,-1.2951248562736,"OH","CA",9
-0.0811032391349079,0.018668876201667,-0.371635673073878,"OK","CA",9
0.155291891015577,4.94804807690856e-05,0.47922444120039,"OR","CA",9
0.0437934282885681,0.000369055300359424,0.374064369900499,"PA","CA",9
0.150484223136266,0.00877063240456928,0.156460117399843,"SC","CA",9
-0.0458236719217274,9.74324766965975e-05,-0.149983338810499,"TN","CA",9
0.00649924073924545,0.00426089339033349,0.788692415461906,"TX","CA",9
0.0992296175359189,7.58709595045109e-05,-0.710614835422339,"UT","CA",9
0.0314884111610259,0.000398443293005261,0.968646573955999,"WA","CA",9
0.0626252423586673,0.000207606829575217,-3.29244059003958,"WI","CA",9
0.0795732939290036,0.0442404095910055,0.692198595397469,"AL","CT",9
0.0230552237186034,0.000858975394497011,-2.27567740315302,"AZ","CT",9
-0.221409661647062,0.189441405582165,-40.5149726621245,"CO","CT",9
0.338498011328807,1.13147616768314,0.161917774674187,"DE","CT",9
0.147329715774112,0.000810748607955742,0.130758582295135,"FL","CT",9
-0.043701679388325,0.000926170122326336,0.606607289465831,"GA","CT",9
0.0346121824205775,0.0689380942408649,-1.15962458256876,"IA","CT",9
0.0343024915642578,0.000281694101759872,-9.83516956929143,"IL","CT",9
-0.224207563352544,0.0180897505537667,0.958274751529138,"IN","CT",9
0.194683855174414,0.00043108475652104,0.836018366571477,"KY","CT",9
-0.241785648771401,0.168496772318559,-624.19248520724,"MD","CT",9
-0.0756697798343526,0.000254863595103896,-1.37502392917547,"MI","CT",9
-0.00528486511936333,0.0441086909725918,-11.186108299633,"MN","CT",9
-0.12425492553619,0.0258125644956995,0.0713887284219213,"MO","CT",9
0.0926941988313589,0.0059872349982004,0.720569525928579,"MS","CT",9
-0.0390256089474496,0.000129090663568261,-14.3459719203277,"NC","CT",9
0.168945079185645,0.000222296409051055,0.476772200676871,"NJ","CT",9
0.175609708888576,0.145422014350529,-3.19784307996292,"NM","CT",9
-0.0753386293264401,0.000668301816138793,-112.588831233592,"NY","CT",9
-0.15861428323512,0.0271349045278334,0.680234621310594,"OH","CT",9
0.145057371184027,0.0528151556344463,-2.07479878985402,"OK","CT",9
0.179485179202647,0.000478746209601675,-8.00907359908843,"OR","CT",9
-0.120031828828897,0.000374064990217771,0.584350545952604,"PA","CT",9
0.1938459907601,0.000189382134565867,0.925391972785585,"SC","CT",9
0.00176633193202404,0.0417604911298481,0.937897423894004,"TN","CT",9
-0.0872970121574676,0.000150650831283825,-0.478207328955365,"TX","CT",9
0.0295893373845852,0.0005413742209563,0.986228183554459,"UT","CT",9
-0.0419255990310574,0.000281113387939251,0.31645252901717,"WA","CT",9
-0.0586301235048723,0.000377162864397506,-327.473643744587,"WI","CT",9
0.071779730550014,0.0674691755906819,0.386203296128615,"AL","RI",9
0.133226564922188,0.000201009724072946,0.674348740387498,"AZ","RI",9
-0.139422404081726,0.105554096256635,0.18333448123196,"CO","RI",9
0.0268456837931385,0.437939113335816,-0.0533922721706215,"DE","RI",9
0.0635414162388,0.000828998099973758,0.775500332787842,"FL","RI",9
0.0250322059155979,0.000365448880716299,-0.145214813820278,"GA","RI",9
0.0507505187899982,3.39019601783872e-05,0.0635990817481575,"IA","RI",9
0.165989026158911,0.000132706418576854,-7.56096577940242,"IL","RI",9
-0.322463187513378,0.000210635273207189,-0.303900576411021,"IN","RI",9
0.418489183689037,0.000153781095017372,0.120300784490326,"KY","RI",9
-0.219483363891755,0.151679169501419,0.419365041920233,"MD","RI",9
-0.0168913152468044,0.014178803039412,0.906589499574175,"MI","RI",9
-0.0223413854126433,0.0134295444690109,-0.107829941605952,"MN","RI",9
-0.070241029880248,0.0519759517706694,0.321303010298108,"MO","RI",9
-0.0147877124603652,0.0187353992623183,-0.702411909469538,"MS","RI",9
0.0296064427877493,8.74043096207344e-05,-0.0260904884407862,"NC","RI",9
0.266484399198773,0.00101452824839858,0.430012942732868,"NJ","RI",9
0.107610406207297,0.0418931409010941,-0.0820616146350635,"NM","RI",9
-0.0826493096627923,0.000264463684908874,-0.363781737698937,"NY","RI",9
-0.235249423621234,0.0290607481889311,-0.864104829963578,"OH","RI",9
-0.0449364692841188,0.0313212187194172,-0.706996583592354,"OK","RI",9
0.0849999958152059,0.000287492854469626,0.4106126200659,"OR","RI",9
0.0395608500986026,0.000138957215943311,0.413159018501184,"PA","RI",9
0.0361682359408041,0.0356251631674977,-0.610253718538192,"SC","RI",9
-0.0419734914239222,0.000124281154284468,0.05377463618858,"TN","RI",9
0.0547948765848861,0.0103016588197861,0.797544038800448,"TX","RI",9
0.160955122796879,0.000247485524694977,0.0553408262028352,"UT","RI",9
0.0450569234683098,0.000640876582554437,-0.056800976254092,"WA","RI",9
0.0321916127735366,0.000235450857599087,-2.11926524260861,"WI","RI",9
0.092038383500569,0.0736812505645248,0.785281448498894,"AL","VT",9
0.0242774501980288,0.000634634755606488,-0.954911384977601,"AZ","VT",9
-0.15570193128028,0.113540472522958,-8.88727001166409,"CO","VT",9
0.350497969749894,0.846272498005173,0.203326061377279,"DE","VT",9
0.0945790919026588,6.25199505154708e-05,0.894348349813311,"FL","VT",9
-0.0653212686495857,0.000201304893629421,0.94820370514587,"GA","VT",9
0.0554518630921442,0.0298846352375181,-0.123005787402103,"IA","VT",9
0.02121792818861,9.74134602271771e-05,-0.320429016894691,"IL","VT",9
-0.218228928494332,0.000269427742544969,0.63681445244312,"IN","VT",9
0.23705531461861,0.000381947957581597,-0.570470883764507,"KY","VT",9
-0.241208698196685,0.132216771544751,0.641264806787375,"MD","VT",9
0.00539769692010183,0.000151098588678857,0.449051640595494,"MI","VT",9
0.00167483266913977,0.0288282022785144,0.460360765955471,"MN","VT",9
-0.118650002334795,0.053232342666684,0.296675279341889,"MO","VT",9
0.0608594711007751,0.0164880388075363,0.682662197764437,"MS","VT",9
-0.0422779138583642,1.50251708137918e-05,-1.35666898735508,"NC","VT",9
0.124707733161363,0.00026559223378282,0.65132369421891,"NJ","VT",9
0.0804618247328464,0.0662770108125308,-0.449060514135025,"NM","VT",9
0.0508190372607659,0.000252151871629498,-6.13066353149827,"NY","VT",9
-0.180071067330304,0.0247527858008376,0.184151528768968,"OH","VT",9
0.0716109254685597,0.0286676887503781,-1.75448749899688,"OK","VT",9
0.0947746565935297,9.3193511483653e-05,-1.62073724831466,"OR","VT",9
-0.147164480851585,8.70357720629893e-05,0.975119236203234,"PA","VT",9
0.109096994092439,0.0134664256991269,0.963388194027303,"SC","VT",9
0.082066856947223,0.000129182126467088,-2.74548228977497,"TN","VT",9
-0.0804600381560019,0.00040173942353591,0.940562616808918,"TX","VT",9
0.00972506412875096,0.000192069487964232,-0.00224469605723066,"UT","VT",9
0.119213330440388,0.000267065806618983,0.942678873293723,"WA","VT",9
-0.126921146078687,0.00018734085874874,-5.43893838696595,"WI","VT",9
0.125650054969967,0.0845976024507092,0.704217322374822,"AL","MA",10
-0.00709092390452362,0.000351020945927861,0.430343106857745,"AZ","MA",10
-0.135394857632289,0.1948310534951,-4.66393989775763,"CO","MA",10
0.301772612605727,0.80809180816569,0.097940920493297,"DE","MA",10
0.0744601725249777,0.000128981267956994,-0.196915007125781,"FL","MA",10
-0.0276950497758962,0.000287893781325316,-1.01776357765738,"GA","MA",10
0.0526434940624284,0.00237775624408545,-0.0498325275317328,"IA","MA",10
-0.00385946552805279,0.000190000984286975,0.799016032413536,"IL","MA",10
-0.195118413726963,0.0162448817028253,0.361333049994066,"IN","MA",10
0.191476463757077,0.000368811772217916,0.946314569349643,"KY","MA",10
-0.252837564371269,0.11714117325517,0.40564277961137,"MD","MA",10
0.00727506485158094,0.00979580660513837,0.655844701618892,"MI","MA",10
0.0264709434390198,0.0227748048989673,-0.210560399129779,"MN","MA",10
-0.103694685588904,0.0373118827350671,0.206600000345087,"MO","MA",10
0.0563148573184538,0.0268593490454804,0.684282145750029,"MS","MA",10
-0.00456426448449321,0.00011053322639364,-1.71019775884405,"NC","MA",10
0.153950015125159,0.000275663986645926,0.224465367492258,"NJ","MA",10
0.123990678705595,0.0782256245825848,-1.70208934170024,"NM","MA",10
-0.110032832760603,7.50725270830583e-05,-10.5413800832374,"NY","MA",10
-0.211371392915289,0.032298947916539,0.597864218472217,"OH","MA",10
0.0669961285362091,0.0478015746642784,0.264665127644864,"OK","MA",10
0.173930539093854,0.000340690813028244,0.61260375100196,"OR","MA",10
-0.019065062350088,0.000101885701025012,0.774359320919018,"PA","MA",10
0.0793168557673957,0.0309357688461485,0.898028622000509,"SC","MA",10
-0.0258283203170341,0.000926427919668154,-8.63164186410905,"TN","MA",10
0.0125825842176178,0.0109557326926775,0.7175053353815,"TX","MA",10
0.0876845099198698,0.00807733251403155,-0.0396073650787925,"UT","MA",10
0.0166600552034713,0.000342464524004853,-0.0890440777726074,"WA","MA",10
-0.0989129458429488,0.000282685846557514,-2.73293503398071,"WI","MA",10
-0.0574863943957401,0.0552155339864475,-0.0538414064209751,"AL","CA",10
0.11314380031568,0.000156211342541858,0.276005978136003,"AZ","CA",10
-0.136026750208927,0.102101470993624,0.360930971638676,"CO","CA",10
0.0730691776518107,0.468332963774416,-0.095171468366112,"DE","CA",10
0.027727436236133,0.0200709233596423,0.514740876664455,"FL","CA",10
0.00100839599197876,0.00361817161190907,0.969711069705138,"GA","CA",10
-0.0137599987795838,8.36917505874801e-05,-0.199912926059864,"IA","CA",10
0.0397358939097599,0.000135865637846877,-11.4618688864696,"IL","CA",10
-0.212957364727303,0.00345017333020921,-0.786225098710299,"IN","CA",10
0.28323889671061,0.000106552333782059,0.72582775450712,"KY","CA",10
-0.215009232829401,0.188042155579291,0.447298837034487,"MD","CA",10
-0.0796417485099451,0.0118770272104015,0.878505738979096,"MI","CA",10
-0.0537394103325276,0.000477279720429628,-0.583256783695801,"MN","CA",10
-0.0539505678942683,0.111021590211555,0.341681625430606,"MO","CA",10
0.00204152842111707,0.00769524786673989,-0.595763706324284,"MS","CA",10
0.0139918170493915,0.000112414732840309,-1.01065380261248,"NC","CA",10
0.218524535642926,0.000108405042936087,0.221238378298967,"NJ","CA",10
0.161240438747579,0.0374893806223058,-0.0337241560727979,"NM","CA",10
-0.0151205097797066,0.000258685716198113,0.240471233965659,"NY","CA",10
-0.176018648740937,0.0370198890176848,-1.22428940918838,"OH","CA",10
-0.0629180664384486,0.0249424943458515,-0.232317777323809,"OK","CA",10
0.211037555479692,0.000392628161879929,0.742117157027074,"OR","CA",10
0.0182833488572445,0.000254563040674338,0.303530077175374,"PA","CA",10
0.131776070537568,0.0136143556708143,-0.912502863608399,"SC","CA",10
-0.0854750401429255,3.60922221251448e-05,0.42384119352313,"TN","CA",10
-0.00436952103423345,0.0095162870844915,0.868115386486077,"TX","CA",10
0.138753567177054,6.92398445524256e-05,-0.750318552322406,"UT","CA",10
0.103306871993964,0.000751762178329987,0.682683214051348,"WA","CA",10
-0.00295782802042319,0.000173642408703511,-1.56708096285189,"WI","CA",10
0.0739362878353686,0.0473464498595045,0.628520033477087,"AL","CT",10
0.062113983087285,0.00179973259629126,-9.90189203686348,"AZ","CT",10
-0.219771638444288,0.193723964351579,-48.9778130211023,"CO","CT",10
0.374210384015559,1.18892999178139,0.207563871960096,"DE","CT",10
0.141901344281829,0.000190452112416395,0.903789050830639,"FL","CT",10
-0.0212515009487636,0.00135724898839291,0.972743646015811,"GA","CT",10
0.0214894280573942,0.0729143595324839,-0.917206820129137,"IA","CT",10
0.00338157225455582,0.000169725584416836,0.83870583183185,"IL","CT",10
-0.244260160389067,0.0204149766101305,0.992685804283773,"IN","CT",10
0.230903107731786,0.00026179784573774,-2.68429678683095,"KY","CT",10
-0.240896355743727,0.174870590967313,-527.515085063043,"MD","CT",10
-0.0464586088952007,9.59913920917404e-05,0.22209359674955,"MI","CT",10
-0.0540939799637864,0.056217109295291,-11.0802664644224,"MN","CT",10
-0.138174966211532,0.0300530656843307,0.134079569022749,"MO","CT",10
0.080143656513352,0.0079318092174911,0.816776774557143,"MS","CT",10
0.00674046303846045,0.000199368916212134,-3.8805368638865,"NC","CT",10
0.15168340326715,0.000570752960064919,0.454356771237212,"NJ","CT",10
0.155641631431346,0.148771744661576,-3.82700750758116,"NM","CT",10
-0.122581385916651,0.000544479975262386,-59.3294383712717,"NY","CT",10
-0.147193767288513,0.0382985371166197,0.638339892049318,"OH","CT",10
0.137777275578775,0.0622955536518896,-1.97538604894756,"OK","CT",10
0.11585766374933,0.000294875521612909,-1.29955487427135,"OR","CT",10
-0.0472152610650853,0.000373642482983914,0.185820076442883,"PA","CT",10
0.0832507539991156,0.000328943135239833,0.419192864758555,"SC","CT",10
0.0340051229418855,0.0454412340284348,0.500270155425729,"TN","CT",10
-0.0776818085552721,0.000383706187820922,0.989062609232626,"TX","CT",10
0.0104914762499569,0.00203640977145902,0.493102255711976,"UT","CT",10
-0.0483006447425902,0.000109244317432022,-2.19450677688579,"WA","CT",10
-0.0414676628236485,8.19060285476382e-05,-350.440739880286,"WI","CT",10
0.0770798968824219,0.0691139497548231,0.0811693604724109,"AL","RI",10
0.0976475746332029,0.000205613566819164,0.335991079658624,"AZ","RI",10
-0.161036962860024,0.1099972018699,0.227744342941917,"CO","RI",10
0.00588701263673059,0.442189112507021,-0.110078650814587,"DE","RI",10
0.0770683531046407,0.00917511550017616,0.293538314859481,"FL","RI",10
-0.00496872232456122,0.00102638132521598,0.566150317713749,"GA","RI",10
0.0567509446021927,9.63968470179105e-05,-0.413140458115167,"IA","RI",10
0.0533897582750742,7.26583877546199e-05,-6.64110979200135,"IL","RI",10
-0.18009177854464,5.50446943357541e-05,-0.345951716715068,"IN","RI",10
0.411151412316604,0.000293522852770727,0.559585059752339,"KY","RI",10
-0.229563920839944,0.15557473772899,0.317056891995161,"MD","RI",10
0.00621328058043499,0.0175630637732079,0.849580273726582,"MI","RI",10
-0.0419524477963015,0.0145724192139741,0.218963787032194,"MN","RI",10
-0.0874854449006848,0.0637072780280625,0.305246458588228,"MO","RI",10
-0.0169902114377383,0.0244958144827529,-0.594750514462123,"MS","RI",10
0.0254446784370062,0.000161007853556928,-1.71277859885602,"NC","RI",10
0.29928623892123,0.00334356526550631,0.647087142261279,"NJ","RI",10
0.152898084667571,0.0467205779783899,-0.0885528148269648,"NM","RI",10
-0.213896350353206,0.000120172771394181,0.545741415233022,"NY","RI",10
-0.226319305254087,0.0316813586058009,-0.852031469269324,"OH","RI",10
-0.00383616173660855,0.0378278859821582,-0.734843500049884,"OK","RI",10
0.146425391143343,0.00050721998694778,-0.0455711455292092,"OR","RI",10
0.152962905058804,0.000277854959941426,0.335215102613671,"PA","RI",10
0.126965743071453,0.0399336493431861,0.77259787399389,"SC","RI",10
-0.0386476171434598,7.82205627616215e-05,-0.0594276842771955,"TN","RI",10
0.00059094585009535,0.0145250801707715,0.734564015411173,"TX","RI",10
0.108539802282846,0.00022227330426837,-0.0124045733692839,"UT","RI",10
-0.0145287797241096,0.000602071856212802,0.646603535078878,"WA","RI",10
-0.0592558590075145,7.28168717355539e-05,-1.8940230082597,"WI","RI",10
0.0748925681653203,0.0785581248173758,0.784623074868796,"AL","VT",10
0.134476211805984,0.00215284001856326,-2.10692299212863,"AZ","VT",10
-0.171513075781539,0.119402198430487,-8.38500391549315,"CO","VT",10
0.416360262357996,0.890126550389065,0.0708765679046869,"DE","VT",10
0.168213821103661,8.41858916769571e-05,0.75426574768405,"FL","VT",10
-0.0857666769881733,0.000341035482517975,0.812165316609992,"GA","VT",10
0.0215649050616908,0.0320672238608519,-0.088642685226169,"IA","VT",10
0.061325376695445,0.000322334164129799,-1.70513808919503,"IL","VT",10
-0.222941639068272,7.39827116118393e-05,0.358115758399589,"IN","VT",10
0.135682248478507,0.000143681031929353,0.0141444411877019,"KY","VT",10
-0.240783937525758,0.135079074663144,0.583066951307685,"MD","VT",10
0.000223177577990327,0.000332080713293375,0.956741366705757,"MI","VT",10
0.0266974093997918,0.0326229170867578,0.306188065957373,"MN","VT",10
-0.134652334821962,0.0679086316854787,0.255032851330536,"MO","VT",10
0.0847878482393665,0.0177438250033849,0.819968322540892,"MS","VT",10
-0.0296733118183995,5.4233057437675e-05,-4.24316994908879,"NC","VT",10
0.155724103860496,0.00043823644331604,0.731262298577988,"NJ","VT",10
0.0984111336566283,0.0737716122514761,-0.52800178484131,"NM","VT",10
-0.074676934278352,0.000304171017543335,-1.31159777771937,"NY","VT",10
-0.192848406809974,0.0302630909582786,0.277919669753057,"OH","VT",10
0.0496449396431292,0.0318147988526448,-3.39766125604532,"OK","VT",10
0.147710960116436,0.00040829762456825,-0.849250078645168,"OR","VT",10
-0.0888001663656915,0.000173533464354555,0.988101658229135,"PA","VT",10
0.0640390010432221,0.0157182711309479,0.965658105634085,"SC","VT",10
0.016047962859964,0.000267725257171565,-3.67437565131338,"TN","VT",10
-0.0570031691719377,0.000225631500530765,0.559396046518409,"TX","VT",10
0.0196839156617225,0.000231444828841112,0.151526000486371,"UT","VT",10
-0.0467131410960565,0.000190984502062372,0.819444550665622,"WA","VT",10
-0.130058635285402,0.000102802215166321,-1.31558595752156,"WI","VT",10
