"r_sq","mape","att","cf","intercept","att2","intercept2","sample_size","county_id","iterations","ban_year","donor_number","chosen_donor"
0.837767337354179,0.0233148496561058,-0.254615172082902,0.989308652848112,-0.202563806548885,-0.257160231517549,-0.201885908184382,2,"MA",20000,2014,"donor_1","TN"
0.837767337354179,0.0233148496561058,-0.254615172082902,0.989308652848112,-0.202563806548885,-0.257160231517549,-0.201885908184382,2,"MA",20000,2014,"donor_2","FL"
0.837767337354179,0.0233148496561058,-0.254615172082902,0.989308652848112,-0.202563806548885,-0.257160231517549,-0.201885908184382,2,"MA",20000,2014,"donor_1","FL"
0.837767337354179,0.0233148496561058,-0.254615172082902,0.989308652848112,-0.202563806548885,-0.257160231517549,-0.201885908184382,2,"MA",20000,2014,"donor_2","TN"
0.837767337354179,0.0233148496561058,-0.254615172082902,0.989308652848112,-0.202563806548885,-0.257160231517549,-0.201885908184382,2,"MA",20000,2014,"donor_1","FL"
0.837767337354179,0.0233148496561058,-0.254615172082902,0.989308652848112,-0.202563806548885,-0.257160231517549,-0.201885908184382,2,"MA",20000,2014,"donor_2","TN"
0.837767337354179,0.0233148496561058,-0.254615172082902,0.989308652848112,-0.202563806548885,-0.257160231517549,-0.201885908184382,2,"MA",20000,2014,"donor_1","TN"
0.837767337354179,0.0233148496561058,-0.254615172082902,0.989308652848112,-0.202563806548885,-0.257160231517549,-0.201885908184382,2,"MA",20000,2014,"donor_2","FL"
0.837767337354179,0.0233148496561058,-0.254615172082902,0.989308652848112,-0.202563806548885,-0.257160231517549,-0.201885908184382,2,"MA",20000,2014,"donor_1","TN"
0.837767337354179,0.0233148496561058,-0.254615172082902,0.989308652848112,-0.202563806548885,-0.257160231517549,-0.201885908184382,2,"MA",20000,2014,"donor_2","FL"
0.837767337354179,0.0233148496561058,-0.254615172082902,0.989308652848112,-0.202563806548885,-0.257160231517549,-0.201885908184382,2,"MA",20000,2014,"donor_1","FL"
0.837767337354179,0.0233148496561058,-0.254615172082902,0.989308652848112,-0.202563806548885,-0.257160231517549,-0.201885908184382,2,"MA",20000,2014,"donor_2","TN"
0.837767337354179,0.0233148496561058,-0.254615172082902,0.989308652848112,-0.202563806548885,-0.257160231517549,-0.201885908184382,2,"MA",20000,2014,"donor_1","FL"
0.837767337354179,0.0233148496561058,-0.254615172082902,0.989308652848112,-0.202563806548885,-0.257160231517549,-0.201885908184382,2,"MA",20000,2014,"donor_2","TN"
0.837767337354179,0.0233148496561058,-0.254615172082902,0.989308652848112,-0.202563806548885,-0.257160231517549,-0.201885908184382,2,"MA",20000,2014,"donor_1","TN"
0.837767337354179,0.0233148496561058,-0.254615172082902,0.989308652848112,-0.202563806548885,-0.257160231517549,-0.201885908184382,2,"MA",20000,2014,"donor_2","FL"
0.837767337354179,0.0233148496561058,-0.254615172082902,0.989308652848112,-0.202563806548885,-0.257160231517549,-0.201885908184382,2,"MA",20000,2014,"donor_1","FL"
0.837767337354179,0.0233148496561058,-0.254615172082902,0.989308652848112,-0.202563806548885,-0.257160231517549,-0.201885908184382,2,"MA",20000,2014,"donor_2","TN"
0.837767337354179,0.0233148496561058,-0.254615172082902,0.989308652848112,-0.202563806548885,-0.257160231517549,-0.201885908184382,2,"MA",20000,2014,"donor_1","FL"
0.837767337354179,0.0233148496561058,-0.254615172082902,0.989308652848112,-0.202563806548885,-0.257160231517549,-0.201885908184382,2,"MA",20000,2014,"donor_2","TN"
0.837767337354179,0.0233148496561058,-0.254615172082902,0.989308652848112,-0.202563806548885,-0.257160231517549,-0.201885908184382,2,"MA",20000,2014,"donor_1","TN"
0.837767337354179,0.0233148496561058,-0.254615172082902,0.989308652848112,-0.202563806548885,-0.257160231517549,-0.201885908184382,2,"MA",20000,2014,"donor_2","FL"
0.837767337354179,0.0233148496561058,-0.254615172082902,0.989308652848112,-0.202563806548885,-0.257160231517549,-0.201885908184382,2,"MA",20000,2014,"donor_1","FL"
0.837767337354179,0.0233148496561058,-0.254615172082902,0.989308652848112,-0.202563806548885,-0.257160231517549,-0.201885908184382,2,"MA",20000,2014,"donor_2","TN"
0.837767337354179,0.0233148496561058,-0.254615172082902,0.989308652848112,-0.202563806548885,-0.257160231517549,-0.201885908184382,2,"MA",20000,2014,"donor_1","TN"
0.837767337354179,0.0233148496561058,-0.254615172082902,0.989308652848112,-0.202563806548885,-0.257160231517549,-0.201885908184382,2,"MA",20000,2014,"donor_2","FL"
0.837767337354179,0.0233148496561058,-0.254615172082902,0.989308652848112,-0.202563806548885,-0.257160231517549,-0.201885908184382,2,"MA",20000,2014,"donor_1","TN"
0.837767337354179,0.0233148496561058,-0.254615172082902,0.989308652848112,-0.202563806548885,-0.257160231517549,-0.201885908184382,2,"MA",20000,2014,"donor_2","FL"
0.837767337354179,0.0233148496561058,-0.254615172082902,0.989308652848112,-0.202563806548885,-0.257160231517549,-0.201885908184382,2,"MA",20000,2014,"donor_1","TN"
0.837767337354179,0.0233148496561058,-0.254615172082902,0.989308652848112,-0.202563806548885,-0.257160231517549,-0.201885908184382,2,"MA",20000,2014,"donor_2","FL"
0.837767337354179,0.0233148496561058,-0.254615172082902,0.989308652848112,-0.202563806548885,-0.257160231517549,-0.201885908184382,2,"MA",20000,2014,"donor_1","FL"
0.837767337354179,0.0233148496561058,-0.254615172082902,0.989308652848112,-0.202563806548885,-0.257160231517549,-0.201885908184382,2,"MA",20000,2014,"donor_2","TN"
0.837767337354179,0.0233148496561058,-0.254615172082902,0.989308652848112,-0.202563806548885,-0.257160231517549,-0.201885908184382,2,"MA",20000,2014,"donor_1","TN"
0.837767337354179,0.0233148496561058,-0.254615172082902,0.989308652848112,-0.202563806548885,-0.257160231517549,-0.201885908184382,2,"MA",20000,2014,"donor_2","FL"
0.837767337354179,0.0233148496561058,-0.254615172082902,0.989308652848112,-0.202563806548885,-0.257160231517549,-0.201885908184382,2,"MA",20000,2014,"donor_1","TN"
0.837767337354179,0.0233148496561058,-0.254615172082902,0.989308652848112,-0.202563806548885,-0.257160231517549,-0.201885908184382,2,"MA",20000,2014,"donor_2","FL"
0.837767337354179,0.0233148496561058,-0.254615172082902,0.989308652848112,-0.202563806548885,-0.257160231517549,-0.201885908184382,2,"MA",20000,2014,"donor_1","TN"
0.837767337354179,0.0233148496561058,-0.254615172082902,0.989308652848112,-0.202563806548885,-0.257160231517549,-0.201885908184382,2,"MA",20000,2014,"donor_2","FL"
0.837767337354179,0.0233148496561058,-0.254615172082902,0.989308652848112,-0.202563806548885,-0.257160231517549,-0.201885908184382,2,"MA",20000,2014,"donor_1","FL"
0.837767337354179,0.0233148496561058,-0.254615172082902,0.989308652848112,-0.202563806548885,-0.257160231517549,-0.201885908184382,2,"MA",20000,2014,"donor_2","TN"
0.837767337354179,0.0233148496561058,-0.254615172082902,0.989308652848112,-0.202563806548885,-0.257160231517549,-0.201885908184382,2,"MA",20000,2014,"donor_1","FL"
0.837767337354179,0.0233148496561058,-0.254615172082902,0.989308652848112,-0.202563806548885,-0.257160231517549,-0.201885908184382,2,"MA",20000,2014,"donor_2","TN"
0.837767337354179,0.0233148496561058,-0.254615172082902,0.989308652848112,-0.202563806548885,-0.257160231517549,-0.201885908184382,2,"MA",20000,2014,"donor_1","FL"
0.837767337354179,0.0233148496561058,-0.254615172082902,0.989308652848112,-0.202563806548885,-0.257160231517549,-0.201885908184382,2,"MA",20000,2014,"donor_2","TN"
0.837767337354179,0.0233148496561058,-0.254615172082902,0.989308652848112,-0.202563806548885,-0.257160231517549,-0.201885908184382,2,"MA",20000,2014,"donor_1","TN"
0.837767337354179,0.0233148496561058,-0.254615172082902,0.989308652848112,-0.202563806548885,-0.257160231517549,-0.201885908184382,2,"MA",20000,2014,"donor_2","FL"
0.837767337354179,0.0233148496561058,-0.254615172082902,0.989308652848112,-0.202563806548885,-0.257160231517549,-0.201885908184382,2,"MA",20000,2014,"donor_1","FL"
0.837767337354179,0.0233148496561058,-0.254615172082902,0.989308652848112,-0.202563806548885,-0.257160231517549,-0.201885908184382,2,"MA",20000,2014,"donor_2","TN"
0.837767337354179,0.0233148496561058,-0.254615172082902,0.989308652848112,-0.202563806548885,-0.257160231517549,-0.201885908184382,2,"MA",20000,2014,"donor_1","TN"
0.837767337354179,0.0233148496561058,-0.254615172082902,0.989308652848112,-0.202563806548885,-0.257160231517549,-0.201885908184382,2,"MA",20000,2014,"donor_2","FL"
0.837767337354179,0.0233148496561058,-0.254615172082902,0.989308652848112,-0.202563806548885,-0.257160231517549,-0.201885908184382,2,"MA",20000,2014,"donor_1","FL"
0.837767337354179,0.0233148496561058,-0.254615172082902,0.989308652848112,-0.202563806548885,-0.257160231517549,-0.201885908184382,2,"MA",20000,2014,"donor_2","TN"
0.837767337354179,0.0233148496561058,-0.254615172082902,0.989308652848112,-0.202563806548885,-0.257160231517549,-0.201885908184382,2,"MA",20000,2014,"donor_1","TN"
0.837767337354179,0.0233148496561058,-0.254615172082902,0.989308652848112,-0.202563806548885,-0.257160231517549,-0.201885908184382,2,"MA",20000,2014,"donor_2","FL"
0.837767337354179,0.0233148496561058,-0.254615172082902,0.989308652848112,-0.202563806548885,-0.257160231517549,-0.201885908184382,2,"MA",20000,2014,"donor_1","FL"
0.837767337354179,0.0233148496561058,-0.254615172082902,0.989308652848112,-0.202563806548885,-0.257160231517549,-0.201885908184382,2,"MA",20000,2014,"donor_2","TN"
0.837767337354179,0.0233148496561058,-0.254615172082902,0.989308652848112,-0.202563806548885,-0.257160231517549,-0.201885908184382,2,"MA",20000,2014,"donor_1","FL"
0.837767337354179,0.0233148496561058,-0.254615172082902,0.989308652848112,-0.202563806548885,-0.257160231517549,-0.201885908184382,2,"MA",20000,2014,"donor_2","TN"
0.837767337354179,0.0233148496561058,-0.254615172082902,0.989308652848112,-0.202563806548885,-0.257160231517549,-0.201885908184382,2,"MA",20000,2014,"donor_1","FL"
0.837767337354179,0.0233148496561058,-0.254615172082902,0.989308652848112,-0.202563806548885,-0.257160231517549,-0.201885908184382,2,"MA",20000,2014,"donor_2","TN"
0.837767337354179,0.0233148496561058,-0.254615172082902,0.989308652848112,-0.202563806548885,-0.257160231517549,-0.201885908184382,2,"MA",20000,2014,"donor_1","TN"
0.837767337354179,0.0233148496561058,-0.254615172082902,0.989308652848112,-0.202563806548885,-0.257160231517549,-0.201885908184382,2,"MA",20000,2014,"donor_2","FL"
0.837767337354179,0.0233148496561058,-0.254615172082902,0.989308652848112,-0.202563806548885,-0.257160231517549,-0.201885908184382,2,"MA",20000,2014,"donor_1","TN"
0.837767337354179,0.0233148496561058,-0.254615172082902,0.989308652848112,-0.202563806548885,-0.257160231517549,-0.201885908184382,2,"MA",20000,2014,"donor_2","FL"
0.837767337354179,0.0233148496561058,-0.254615172082902,0.989308652848112,-0.202563806548885,-0.257160231517549,-0.201885908184382,2,"MA",20000,2014,"donor_1","FL"
0.837767337354179,0.0233148496561058,-0.254615172082902,0.989308652848112,-0.202563806548885,-0.257160231517549,-0.201885908184382,2,"MA",20000,2014,"donor_2","TN"
0.837767337354179,0.0233148496561058,-0.254615172082902,0.989308652848112,-0.202563806548885,-0.257160231517549,-0.201885908184382,2,"MA",20000,2014,"donor_1","FL"
0.837767337354179,0.0233148496561058,-0.254615172082902,0.989308652848112,-0.202563806548885,-0.257160231517549,-0.201885908184382,2,"MA",20000,2014,"donor_2","TN"
0.837767337354179,0.0233148496561058,-0.254615172082902,0.989308652848112,-0.202563806548885,-0.257160231517549,-0.201885908184382,2,"MA",20000,2014,"donor_1","TN"
0.837767337354179,0.0233148496561058,-0.254615172082902,0.989308652848112,-0.202563806548885,-0.257160231517549,-0.201885908184382,2,"MA",20000,2014,"donor_2","FL"
0.837767337354179,0.0233148496561058,-0.254615172082902,0.989308652848112,-0.202563806548885,-0.257160231517549,-0.201885908184382,2,"MA",20000,2014,"donor_1","TN"
0.837767337354179,0.0233148496561058,-0.254615172082902,0.989308652848112,-0.202563806548885,-0.257160231517549,-0.201885908184382,2,"MA",20000,2014,"donor_2","FL"
0.837767337354179,0.0233148496561058,-0.254615172082902,0.989308652848112,-0.202563806548885,-0.257160231517549,-0.201885908184382,2,"MA",20000,2014,"donor_1","FL"
0.837767337354179,0.0233148496561058,-0.254615172082902,0.989308652848112,-0.202563806548885,-0.257160231517549,-0.201885908184382,2,"MA",20000,2014,"donor_2","TN"
0.837767337354179,0.0233148496561058,-0.254615172082902,0.989308652848112,-0.202563806548885,-0.257160231517549,-0.201885908184382,2,"MA",20000,2014,"donor_1","FL"
0.837767337354179,0.0233148496561058,-0.254615172082902,0.989308652848112,-0.202563806548885,-0.257160231517549,-0.201885908184382,2,"MA",20000,2014,"donor_2","TN"
0.837767337354179,0.0233148496561058,-0.254615172082902,0.989308652848112,-0.202563806548885,-0.257160231517549,-0.201885908184382,2,"MA",20000,2014,"donor_1","FL"
0.837767337354179,0.0233148496561058,-0.254615172082902,0.989308652848112,-0.202563806548885,-0.257160231517549,-0.201885908184382,2,"MA",20000,2014,"donor_2","TN"
0.837767337354179,0.0233148496561058,-0.254615172082902,0.989308652848112,-0.202563806548885,-0.257160231517549,-0.201885908184382,2,"MA",20000,2014,"donor_1","FL"
0.837767337354179,0.0233148496561058,-0.254615172082902,0.989308652848112,-0.202563806548885,-0.257160231517549,-0.201885908184382,2,"MA",20000,2014,"donor_2","TN"
0.837767337354179,0.0233148496561058,-0.254615172082902,0.989308652848112,-0.202563806548885,-0.257160231517549,-0.201885908184382,2,"MA",20000,2014,"donor_1","FL"
0.837767337354179,0.0233148496561058,-0.254615172082902,0.989308652848112,-0.202563806548885,-0.257160231517549,-0.201885908184382,2,"MA",20000,2014,"donor_2","TN"
0.837767337354179,0.0233148496561058,-0.254615172082902,0.989308652848112,-0.202563806548885,-0.257160231517549,-0.201885908184382,2,"MA",20000,2014,"donor_1","FL"
0.837767337354179,0.0233148496561058,-0.254615172082902,0.989308652848112,-0.202563806548885,-0.257160231517549,-0.201885908184382,2,"MA",20000,2014,"donor_2","TN"
0.837767337354179,0.0233148496561058,-0.254615172082902,0.989308652848112,-0.202563806548885,-0.257160231517549,-0.201885908184382,2,"MA",20000,2014,"donor_1","FL"
0.837767337354179,0.0233148496561058,-0.254615172082902,0.989308652848112,-0.202563806548885,-0.257160231517549,-0.201885908184382,2,"MA",20000,2014,"donor_2","TN"
0.837767337354179,0.0233148496561058,-0.254615172082902,0.989308652848112,-0.202563806548885,-0.257160231517549,-0.201885908184382,2,"MA",20000,2014,"donor_1","FL"
0.837767337354179,0.0233148496561058,-0.254615172082902,0.989308652848112,-0.202563806548885,-0.257160231517549,-0.201885908184382,2,"MA",20000,2014,"donor_2","TN"
0.837767337354179,0.0233148496561058,-0.254615172082902,0.989308652848112,-0.202563806548885,-0.257160231517549,-0.201885908184382,2,"MA",20000,2014,"donor_1","FL"
0.837767337354179,0.0233148496561058,-0.254615172082902,0.989308652848112,-0.202563806548885,-0.257160231517549,-0.201885908184382,2,"MA",20000,2014,"donor_2","TN"
0.837767337354179,0.0233148496561058,-0.254615172082902,0.989308652848112,-0.202563806548885,-0.257160231517549,-0.201885908184382,2,"MA",20000,2014,"donor_1","TN"
0.837767337354179,0.0233148496561058,-0.254615172082902,0.989308652848112,-0.202563806548885,-0.257160231517549,-0.201885908184382,2,"MA",20000,2014,"donor_2","FL"
0.837767337354179,0.0233148496561058,-0.254615172082902,0.989308652848112,-0.202563806548885,-0.257160231517549,-0.201885908184382,2,"MA",20000,2014,"donor_1","FL"
0.837767337354179,0.0233148496561058,-0.254615172082902,0.989308652848112,-0.202563806548885,-0.257160231517549,-0.201885908184382,2,"MA",20000,2014,"donor_2","TN"
0.837767337354179,0.0233148496561058,-0.254615172082902,0.989308652848112,-0.202563806548885,-0.257160231517549,-0.201885908184382,2,"MA",20000,2014,"donor_1","FL"
0.837767337354179,0.0233148496561058,-0.254615172082902,0.989308652848112,-0.202563806548885,-0.257160231517549,-0.201885908184382,2,"MA",20000,2014,"donor_2","TN"
0.837767337354179,0.0233148496561058,-0.254615172082902,0.989308652848112,-0.202563806548885,-0.257160231517549,-0.201885908184382,2,"MA",20000,2014,"donor_1","FL"
0.837767337354179,0.0233148496561058,-0.254615172082902,0.989308652848112,-0.202563806548885,-0.257160231517549,-0.201885908184382,2,"MA",20000,2014,"donor_2","TN"
0.837767337354179,0.0233148496561058,-0.254615172082902,0.989308652848112,-0.202563806548885,-0.257160231517549,-0.201885908184382,2,"MA",20000,2014,"donor_1","TN"
0.837767337354179,0.0233148496561058,-0.254615172082902,0.989308652848112,-0.202563806548885,-0.257160231517549,-0.201885908184382,2,"MA",20000,2014,"donor_2","FL"
0.37854314461467,0.00124755624588167,0.0616120396927003,1.48559546543914,0.0361087897829688,0.0613518110262063,0.0361816392421028,2,"CT",20000,2014,"donor_1","IL"
0.37854314461467,0.00124755624588167,0.0616120396927003,1.48559546543914,0.0361087897829688,0.0613518110262063,0.0361816392421028,2,"CT",20000,2014,"donor_2","TX"
0.37854314461467,0.00124755624588167,0.0616120396927003,1.48559546543914,0.0361087897829688,0.0613518110262063,0.0361816392421028,2,"CT",20000,2014,"donor_1","TX"
0.37854314461467,0.00124755624588167,0.0616120396927003,1.48559546543914,0.0361087897829688,0.0613518110262063,0.0361816392421028,2,"CT",20000,2014,"donor_2","IL"
0.37854314461467,0.00124755624588167,0.0616120396927003,1.48559546543914,0.0361087897829688,0.0613518110262063,0.0361816392421028,2,"CT",20000,2014,"donor_1","TX"
0.37854314461467,0.00124755624588167,0.0616120396927003,1.48559546543914,0.0361087897829688,0.0613518110262063,0.0361816392421028,2,"CT",20000,2014,"donor_2","IL"
0.37854314461467,0.00124755624588167,0.0616120396927003,1.48559546543914,0.0361087897829688,0.0613518110262063,0.0361816392421028,2,"CT",20000,2014,"donor_1","TX"
0.37854314461467,0.00124755624588167,0.0616120396927003,1.48559546543914,0.0361087897829688,0.0613518110262063,0.0361816392421028,2,"CT",20000,2014,"donor_2","IL"
0.37854314461467,0.00124755624588167,0.0616120396927003,1.48559546543914,0.0361087897829688,0.0613518110262063,0.0361816392421028,2,"CT",20000,2014,"donor_1","IL"
0.37854314461467,0.00124755624588167,0.0616120396927003,1.48559546543914,0.0361087897829688,0.0613518110262063,0.0361816392421028,2,"CT",20000,2014,"donor_2","TX"
0.37854314461467,0.00124755624588167,0.0616120396927003,1.48559546543914,0.0361087897829688,0.0613518110262063,0.0361816392421028,2,"CT",20000,2014,"donor_1","TX"
0.37854314461467,0.00124755624588167,0.0616120396927003,1.48559546543914,0.0361087897829688,0.0613518110262063,0.0361816392421028,2,"CT",20000,2014,"donor_2","IL"
0.37854314461467,0.00124755624588167,0.0616120396927003,1.48559546543914,0.0361087897829688,0.0613518110262063,0.0361816392421028,2,"CT",20000,2014,"donor_1","TX"
0.37854314461467,0.00124755624588167,0.0616120396927003,1.48559546543914,0.0361087897829688,0.0613518110262063,0.0361816392421028,2,"CT",20000,2014,"donor_2","IL"
0.37854314461467,0.00124755624588167,0.0616120396927003,1.48559546543914,0.0361087897829688,0.0613518110262063,0.0361816392421028,2,"CT",20000,2014,"donor_1","TX"
0.37854314461467,0.00124755624588167,0.0616120396927003,1.48559546543914,0.0361087897829688,0.0613518110262063,0.0361816392421028,2,"CT",20000,2014,"donor_2","IL"
0.37854314461467,0.00124755624588167,0.0616120396927003,1.48559546543914,0.0361087897829688,0.0613518110262063,0.0361816392421028,2,"CT",20000,2014,"donor_1","IL"
0.37854314461467,0.00124755624588167,0.0616120396927003,1.48559546543914,0.0361087897829688,0.0613518110262063,0.0361816392421028,2,"CT",20000,2014,"donor_2","TX"
0.37854314461467,0.00124755624588167,0.0616120396927003,1.48559546543914,0.0361087897829688,0.0613518110262063,0.0361816392421028,2,"CT",20000,2014,"donor_1","TX"
0.37854314461467,0.00124755624588167,0.0616120396927003,1.48559546543914,0.0361087897829688,0.0613518110262063,0.0361816392421028,2,"CT",20000,2014,"donor_2","IL"
0.37854314461467,0.00124755624588167,0.0616120396927003,1.48559546543914,0.0361087897829688,0.0613518110262063,0.0361816392421028,2,"CT",20000,2014,"donor_1","IL"
0.37854314461467,0.00124755624588167,0.0616120396927003,1.48559546543914,0.0361087897829688,0.0613518110262063,0.0361816392421028,2,"CT",20000,2014,"donor_2","TX"
0.37854314461467,0.00124755624588167,0.0616120396927003,1.48559546543914,0.0361087897829688,0.0613518110262063,0.0361816392421028,2,"CT",20000,2014,"donor_1","TX"
0.37854314461467,0.00124755624588167,0.0616120396927003,1.48559546543914,0.0361087897829688,0.0613518110262063,0.0361816392421028,2,"CT",20000,2014,"donor_2","IL"
0.37854314461467,0.00124755624588167,0.0616120396927003,1.48559546543914,0.0361087897829688,0.0613518110262063,0.0361816392421028,2,"CT",20000,2014,"donor_1","IL"
0.37854314461467,0.00124755624588167,0.0616120396927003,1.48559546543914,0.0361087897829688,0.0613518110262063,0.0361816392421028,2,"CT",20000,2014,"donor_2","TX"
0.37854314461467,0.00124755624588167,0.0616120396927003,1.48559546543914,0.0361087897829688,0.0613518110262063,0.0361816392421028,2,"CT",20000,2014,"donor_1","IL"
0.37854314461467,0.00124755624588167,0.0616120396927003,1.48559546543914,0.0361087897829688,0.0613518110262063,0.0361816392421028,2,"CT",20000,2014,"donor_2","TX"
0.37854314461467,0.00124755624588167,0.0616120396927003,1.48559546543914,0.0361087897829688,0.0613518110262063,0.0361816392421028,2,"CT",20000,2014,"donor_1","TX"
0.37854314461467,0.00124755624588167,0.0616120396927003,1.48559546543914,0.0361087897829688,0.0613518110262063,0.0361816392421028,2,"CT",20000,2014,"donor_2","IL"
0.37854314461467,0.00124755624588167,0.0616120396927003,1.48559546543914,0.0361087897829688,0.0613518110262063,0.0361816392421028,2,"CT",20000,2014,"donor_1","IL"
0.37854314461467,0.00124755624588167,0.0616120396927003,1.48559546543914,0.0361087897829688,0.0613518110262063,0.0361816392421028,2,"CT",20000,2014,"donor_2","TX"
0.37854314461467,0.00124755624588167,0.0616120396927003,1.48559546543914,0.0361087897829688,0.0613518110262063,0.0361816392421028,2,"CT",20000,2014,"donor_1","TX"
0.37854314461467,0.00124755624588167,0.0616120396927003,1.48559546543914,0.0361087897829688,0.0613518110262063,0.0361816392421028,2,"CT",20000,2014,"donor_2","IL"
0.37854314461467,0.00124755624588167,0.0616120396927003,1.48559546543914,0.0361087897829688,0.0613518110262063,0.0361816392421028,2,"CT",20000,2014,"donor_1","TX"
0.37854314461467,0.00124755624588167,0.0616120396927003,1.48559546543914,0.0361087897829688,0.0613518110262063,0.0361816392421028,2,"CT",20000,2014,"donor_2","IL"
0.37854314461467,0.00124755624588167,0.0616120396927003,1.48559546543914,0.0361087897829688,0.0613518110262063,0.0361816392421028,2,"CT",20000,2014,"donor_1","TX"
0.37854314461467,0.00124755624588167,0.0616120396927003,1.48559546543914,0.0361087897829688,0.0613518110262063,0.0361816392421028,2,"CT",20000,2014,"donor_2","IL"
0.37854314461467,0.00124755624588167,0.0616120396927003,1.48559546543914,0.0361087897829688,0.0613518110262063,0.0361816392421028,2,"CT",20000,2014,"donor_1","TX"
0.37854314461467,0.00124755624588167,0.0616120396927003,1.48559546543914,0.0361087897829688,0.0613518110262063,0.0361816392421028,2,"CT",20000,2014,"donor_2","IL"
0.37854314461467,0.00124755624588167,0.0616120396927003,1.48559546543914,0.0361087897829688,0.0613518110262063,0.0361816392421028,2,"CT",20000,2014,"donor_1","TX"
0.37854314461467,0.00124755624588167,0.0616120396927003,1.48559546543914,0.0361087897829688,0.0613518110262063,0.0361816392421028,2,"CT",20000,2014,"donor_2","IL"
0.37854314461467,0.00124755624588167,0.0616120396927003,1.48559546543914,0.0361087897829688,0.0613518110262063,0.0361816392421028,2,"CT",20000,2014,"donor_1","TX"
0.37854314461467,0.00124755624588167,0.0616120396927003,1.48559546543914,0.0361087897829688,0.0613518110262063,0.0361816392421028,2,"CT",20000,2014,"donor_2","IL"
0.37854314461467,0.00124755624588167,0.0616120396927003,1.48559546543914,0.0361087897829688,0.0613518110262063,0.0361816392421028,2,"CT",20000,2014,"donor_1","IL"
0.37854314461467,0.00124755624588167,0.0616120396927003,1.48559546543914,0.0361087897829688,0.0613518110262063,0.0361816392421028,2,"CT",20000,2014,"donor_2","TX"
0.37854314461467,0.00124755624588167,0.0616120396927003,1.48559546543914,0.0361087897829688,0.0613518110262063,0.0361816392421028,2,"CT",20000,2014,"donor_1","IL"
0.37854314461467,0.00124755624588167,0.0616120396927003,1.48559546543914,0.0361087897829688,0.0613518110262063,0.0361816392421028,2,"CT",20000,2014,"donor_2","TX"
0.37854314461467,0.00124755624588167,0.0616120396927003,1.48559546543914,0.0361087897829688,0.0613518110262063,0.0361816392421028,2,"CT",20000,2014,"donor_1","IL"
0.37854314461467,0.00124755624588167,0.0616120396927003,1.48559546543914,0.0361087897829688,0.0613518110262063,0.0361816392421028,2,"CT",20000,2014,"donor_2","TX"
0.37854314461467,0.00124755624588167,0.0616120396927003,1.48559546543914,0.0361087897829688,0.0613518110262063,0.0361816392421028,2,"CT",20000,2014,"donor_1","IL"
0.37854314461467,0.00124755624588167,0.0616120396927003,1.48559546543914,0.0361087897829688,0.0613518110262063,0.0361816392421028,2,"CT",20000,2014,"donor_2","TX"
0.37854314461467,0.00124755624588167,0.0616120396927003,1.48559546543914,0.0361087897829688,0.0613518110262063,0.0361816392421028,2,"CT",20000,2014,"donor_1","TX"
0.37854314461467,0.00124755624588167,0.0616120396927003,1.48559546543914,0.0361087897829688,0.0613518110262063,0.0361816392421028,2,"CT",20000,2014,"donor_2","IL"
0.37854314461467,0.00124755624588167,0.0616120396927003,1.48559546543914,0.0361087897829688,0.0613518110262063,0.0361816392421028,2,"CT",20000,2014,"donor_1","IL"
0.37854314461467,0.00124755624588167,0.0616120396927003,1.48559546543914,0.0361087897829688,0.0613518110262063,0.0361816392421028,2,"CT",20000,2014,"donor_2","TX"
0.37854314461467,0.00124755624588167,0.0616120396927003,1.48559546543914,0.0361087897829688,0.0613518110262063,0.0361816392421028,2,"CT",20000,2014,"donor_1","IL"
0.37854314461467,0.00124755624588167,0.0616120396927003,1.48559546543914,0.0361087897829688,0.0613518110262063,0.0361816392421028,2,"CT",20000,2014,"donor_2","TX"
0.37854314461467,0.00124755624588167,0.0616120396927003,1.48559546543914,0.0361087897829688,0.0613518110262063,0.0361816392421028,2,"CT",20000,2014,"donor_1","IL"
0.37854314461467,0.00124755624588167,0.0616120396927003,1.48559546543914,0.0361087897829688,0.0613518110262063,0.0361816392421028,2,"CT",20000,2014,"donor_2","TX"
0.37854314461467,0.00124755624588167,0.0616120396927003,1.48559546543914,0.0361087897829688,0.0613518110262063,0.0361816392421028,2,"CT",20000,2014,"donor_1","TX"
0.37854314461467,0.00124755624588167,0.0616120396927003,1.48559546543914,0.0361087897829688,0.0613518110262063,0.0361816392421028,2,"CT",20000,2014,"donor_2","IL"
0.37854314461467,0.00124755624588167,0.0616120396927003,1.48559546543914,0.0361087897829688,0.0613518110262063,0.0361816392421028,2,"CT",20000,2014,"donor_1","TX"
0.37854314461467,0.00124755624588167,0.0616120396927003,1.48559546543914,0.0361087897829688,0.0613518110262063,0.0361816392421028,2,"CT",20000,2014,"donor_2","IL"
0.37854314461467,0.00124755624588167,0.0616120396927003,1.48559546543914,0.0361087897829688,0.0613518110262063,0.0361816392421028,2,"CT",20000,2014,"donor_1","TX"
0.37854314461467,0.00124755624588167,0.0616120396927003,1.48559546543914,0.0361087897829688,0.0613518110262063,0.0361816392421028,2,"CT",20000,2014,"donor_2","IL"
0.37854314461467,0.00124755624588167,0.0616120396927003,1.48559546543914,0.0361087897829688,0.0613518110262063,0.0361816392421028,2,"CT",20000,2014,"donor_1","TX"
0.37854314461467,0.00124755624588167,0.0616120396927003,1.48559546543914,0.0361087897829688,0.0613518110262063,0.0361816392421028,2,"CT",20000,2014,"donor_2","IL"
0.37854314461467,0.00124755624588167,0.0616120396927003,1.48559546543914,0.0361087897829688,0.0613518110262063,0.0361816392421028,2,"CT",20000,2014,"donor_1","TX"
0.37854314461467,0.00124755624588167,0.0616120396927003,1.48559546543914,0.0361087897829688,0.0613518110262063,0.0361816392421028,2,"CT",20000,2014,"donor_2","IL"
0.37854314461467,0.00124755624588167,0.0616120396927003,1.48559546543914,0.0361087897829688,0.0613518110262063,0.0361816392421028,2,"CT",20000,2014,"donor_1","IL"
0.37854314461467,0.00124755624588167,0.0616120396927003,1.48559546543914,0.0361087897829688,0.0613518110262063,0.0361816392421028,2,"CT",20000,2014,"donor_2","TX"
0.37854314461467,0.00124755624588167,0.0616120396927003,1.48559546543914,0.0361087897829688,0.0613518110262063,0.0361816392421028,2,"CT",20000,2014,"donor_1","IL"
0.37854314461467,0.00124755624588167,0.0616120396927003,1.48559546543914,0.0361087897829688,0.0613518110262063,0.0361816392421028,2,"CT",20000,2014,"donor_2","TX"
0.37854314461467,0.00124755624588167,0.0616120396927003,1.48559546543914,0.0361087897829688,0.0613518110262063,0.0361816392421028,2,"CT",20000,2014,"donor_1","TX"
0.37854314461467,0.00124755624588167,0.0616120396927003,1.48559546543914,0.0361087897829688,0.0613518110262063,0.0361816392421028,2,"CT",20000,2014,"donor_2","IL"
0.37854314461467,0.00124755624588167,0.0616120396927003,1.48559546543914,0.0361087897829688,0.0613518110262063,0.0361816392421028,2,"CT",20000,2014,"donor_1","IL"
0.37854314461467,0.00124755624588167,0.0616120396927003,1.48559546543914,0.0361087897829688,0.0613518110262063,0.0361816392421028,2,"CT",20000,2014,"donor_2","TX"
0.37854314461467,0.00124755624588167,0.0616120396927003,1.48559546543914,0.0361087897829688,0.0613518110262063,0.0361816392421028,2,"CT",20000,2014,"donor_1","IL"
0.37854314461467,0.00124755624588167,0.0616120396927003,1.48559546543914,0.0361087897829688,0.0613518110262063,0.0361816392421028,2,"CT",20000,2014,"donor_2","TX"
0.37854314461467,0.00124755624588167,0.0616120396927003,1.48559546543914,0.0361087897829688,0.0613518110262063,0.0361816392421028,2,"CT",20000,2014,"donor_1","TX"
0.37854314461467,0.00124755624588167,0.0616120396927003,1.48559546543914,0.0361087897829688,0.0613518110262063,0.0361816392421028,2,"CT",20000,2014,"donor_2","IL"
0.37854314461467,0.00124755624588167,0.0616120396927003,1.48559546543914,0.0361087897829688,0.0613518110262063,0.0361816392421028,2,"CT",20000,2014,"donor_1","IL"
0.37854314461467,0.00124755624588167,0.0616120396927003,1.48559546543914,0.0361087897829688,0.0613518110262063,0.0361816392421028,2,"CT",20000,2014,"donor_2","TX"
0.37854314461467,0.00124755624588167,0.0616120396927003,1.48559546543914,0.0361087897829688,0.0613518110262063,0.0361816392421028,2,"CT",20000,2014,"donor_1","IL"
0.37854314461467,0.00124755624588167,0.0616120396927003,1.48559546543914,0.0361087897829688,0.0613518110262063,0.0361816392421028,2,"CT",20000,2014,"donor_2","TX"
0.37854314461467,0.00124755624588167,0.0616120396927003,1.48559546543914,0.0361087897829688,0.0613518110262063,0.0361816392421028,2,"CT",20000,2014,"donor_1","TX"
0.37854314461467,0.00124755624588167,0.0616120396927003,1.48559546543914,0.0361087897829688,0.0613518110262063,0.0361816392421028,2,"CT",20000,2014,"donor_2","IL"
0.37854314461467,0.00124755624588167,0.0616120396927003,1.48559546543914,0.0361087897829688,0.0613518110262063,0.0361816392421028,2,"CT",20000,2014,"donor_1","IL"
0.37854314461467,0.00124755624588167,0.0616120396927003,1.48559546543914,0.0361087897829688,0.0613518110262063,0.0361816392421028,2,"CT",20000,2014,"donor_2","TX"
0.37854314461467,0.00124755624588167,0.0616120396927003,1.48559546543914,0.0361087897829688,0.0613518110262063,0.0361816392421028,2,"CT",20000,2014,"donor_1","TX"
0.37854314461467,0.00124755624588167,0.0616120396927003,1.48559546543914,0.0361087897829688,0.0613518110262063,0.0361816392421028,2,"CT",20000,2014,"donor_2","IL"
0.37854314461467,0.00124755624588167,0.0616120396927003,1.48559546543914,0.0361087897829688,0.0613518110262063,0.0361816392421028,2,"CT",20000,2014,"donor_1","IL"
0.37854314461467,0.00124755624588167,0.0616120396927003,1.48559546543914,0.0361087897829688,0.0613518110262063,0.0361816392421028,2,"CT",20000,2014,"donor_2","TX"
0.37854314461467,0.00124755624588167,0.0616120396927003,1.48559546543914,0.0361087897829688,0.0613518110262063,0.0361816392421028,2,"CT",20000,2014,"donor_1","IL"
0.37854314461467,0.00124755624588167,0.0616120396927003,1.48559546543914,0.0361087897829688,0.0613518110262063,0.0361816392421028,2,"CT",20000,2014,"donor_2","TX"
0.37854314461467,0.00124755624588167,0.0616120396927003,1.48559546543914,0.0361087897829688,0.0613518110262063,0.0361816392421028,2,"CT",20000,2014,"donor_1","TX"
0.37854314461467,0.00124755624588167,0.0616120396927003,1.48559546543914,0.0361087897829688,0.0613518110262063,0.0361816392421028,2,"CT",20000,2014,"donor_2","IL"
0.37854314461467,0.00124755624588167,0.0616120396927003,1.48559546543914,0.0361087897829688,0.0613518110262063,0.0361816392421028,2,"CT",20000,2014,"donor_1","IL"
0.37854314461467,0.00124755624588167,0.0616120396927003,1.48559546543914,0.0361087897829688,0.0613518110262063,0.0361816392421028,2,"CT",20000,2014,"donor_2","TX"
0.368471393948961,0.377530513352936,-0.190789272790977,0.403292496269816,-0.210087542376449,-0.024836510907522,-0.232964904087743,3,"RI",30000,2016,"donor_1","CO"
0.368471393948961,0.377530513352936,-0.190789272790977,0.403292496269816,-0.210087542376449,-0.024836510907522,-0.232964904087743,3,"RI",30000,2016,"donor_2","MO"
0.368471393948961,0.377530513352936,-0.190789272790977,0.403292496269816,-0.210087542376449,-0.024836510907522,-0.232964904087743,3,"RI",30000,2016,"donor_3","MD"
0.368471393948961,0.377530513352936,-0.190789272790977,0.403292496269816,-0.210087542376449,-0.024836510907522,-0.232964904087743,3,"RI",30000,2016,"donor_1","CO"
0.368471393948961,0.377530513352936,-0.190789272790977,0.403292496269816,-0.210087542376449,-0.024836510907522,-0.232964904087743,3,"RI",30000,2016,"donor_2","MO"
0.368471393948961,0.377530513352936,-0.190789272790977,0.403292496269816,-0.210087542376449,-0.024836510907522,-0.232964904087743,3,"RI",30000,2016,"donor_3","MD"
0.368471393948961,0.377530513352936,-0.190789272790977,0.403292496269816,-0.210087542376449,-0.024836510907522,-0.232964904087743,3,"RI",30000,2016,"donor_1","MO"
0.368471393948961,0.377530513352936,-0.190789272790977,0.403292496269816,-0.210087542376449,-0.024836510907522,-0.232964904087743,3,"RI",30000,2016,"donor_2","CO"
0.368471393948961,0.377530513352936,-0.190789272790977,0.403292496269816,-0.210087542376449,-0.024836510907522,-0.232964904087743,3,"RI",30000,2016,"donor_3","MD"
0.368471393948961,0.377530513352936,-0.190789272790977,0.403292496269816,-0.210087542376449,-0.024836510907522,-0.232964904087743,3,"RI",30000,2016,"donor_1","MO"
0.368471393948961,0.377530513352936,-0.190789272790977,0.403292496269816,-0.210087542376449,-0.024836510907522,-0.232964904087743,3,"RI",30000,2016,"donor_2","CO"
0.368471393948961,0.377530513352936,-0.190789272790977,0.403292496269816,-0.210087542376449,-0.024836510907522,-0.232964904087743,3,"RI",30000,2016,"donor_3","MD"
0.368471393948961,0.377530513352936,-0.190789272790977,0.403292496269816,-0.210087542376449,-0.024836510907522,-0.232964904087743,3,"RI",30000,2016,"donor_1","CO"
0.368471393948961,0.377530513352936,-0.190789272790977,0.403292496269816,-0.210087542376449,-0.024836510907522,-0.232964904087743,3,"RI",30000,2016,"donor_2","MD"
0.368471393948961,0.377530513352936,-0.190789272790977,0.403292496269816,-0.210087542376449,-0.024836510907522,-0.232964904087743,3,"RI",30000,2016,"donor_3","MO"
0.368471393948961,0.377530513352936,-0.190789272790977,0.403292496269816,-0.210087542376449,-0.024836510907522,-0.232964904087743,3,"RI",30000,2016,"donor_1","CO"
0.368471393948961,0.377530513352936,-0.190789272790977,0.403292496269816,-0.210087542376449,-0.024836510907522,-0.232964904087743,3,"RI",30000,2016,"donor_2","MD"
0.368471393948961,0.377530513352936,-0.190789272790977,0.403292496269816,-0.210087542376449,-0.024836510907522,-0.232964904087743,3,"RI",30000,2016,"donor_3","MO"
0.368471393948961,0.377530513352936,-0.190789272790977,0.403292496269816,-0.210087542376449,-0.024836510907522,-0.232964904087743,3,"RI",30000,2016,"donor_1","CO"
0.368471393948961,0.377530513352936,-0.190789272790977,0.403292496269816,-0.210087542376449,-0.024836510907522,-0.232964904087743,3,"RI",30000,2016,"donor_2","MD"
0.368471393948961,0.377530513352936,-0.190789272790977,0.403292496269816,-0.210087542376449,-0.024836510907522,-0.232964904087743,3,"RI",30000,2016,"donor_3","MO"
0.368471393948961,0.377530513352936,-0.190789272790977,0.403292496269816,-0.210087542376449,-0.024836510907522,-0.232964904087743,3,"RI",30000,2016,"donor_1","MD"
0.368471393948961,0.377530513352936,-0.190789272790977,0.403292496269816,-0.210087542376449,-0.024836510907522,-0.232964904087743,3,"RI",30000,2016,"donor_2","CO"
0.368471393948961,0.377530513352936,-0.190789272790977,0.403292496269816,-0.210087542376449,-0.024836510907522,-0.232964904087743,3,"RI",30000,2016,"donor_3","MO"
0.219822773834927,0.393206473524959,-0.244663941495552,0.432057506734955,-0.205489020604851,-0.0911867472951064,-0.229810472663185,3,"RI",30000,2016,"donor_1","MD"
0.219822773834927,0.393206473524959,-0.244663941495552,0.432057506734955,-0.205489020604851,-0.0911867472951064,-0.229810472663185,3,"RI",30000,2016,"donor_2","CO"
0.219822773834927,0.393206473524959,-0.244663941495552,0.432057506734955,-0.205489020604851,-0.0911867472951064,-0.229810472663185,3,"RI",30000,2016,"donor_3","TX"
0.219822773834927,0.393206473524959,-0.244663941495552,0.432057506734955,-0.205489020604851,-0.0911867472951064,-0.229810472663185,3,"RI",30000,2016,"donor_1","MD"
0.219822773834927,0.393206473524959,-0.244663941495552,0.432057506734955,-0.205489020604851,-0.0911867472951064,-0.229810472663185,3,"RI",30000,2016,"donor_2","TX"
0.219822773834927,0.393206473524959,-0.244663941495552,0.432057506734955,-0.205489020604851,-0.0911867472951064,-0.229810472663185,3,"RI",30000,2016,"donor_3","CO"
0.219822773834927,0.393206473524959,-0.244663941495552,0.432057506734955,-0.205489020604851,-0.0911867472951064,-0.229810472663185,3,"RI",30000,2016,"donor_1","MD"
0.219822773834927,0.393206473524959,-0.244663941495552,0.432057506734955,-0.205489020604851,-0.0911867472951064,-0.229810472663185,3,"RI",30000,2016,"donor_2","TX"
0.219822773834927,0.393206473524959,-0.244663941495552,0.432057506734955,-0.205489020604851,-0.0911867472951064,-0.229810472663185,3,"RI",30000,2016,"donor_3","CO"
0.219822773834927,0.393206473524959,-0.244663941495552,0.432057506734955,-0.205489020604851,-0.0911867472951064,-0.229810472663185,3,"RI",30000,2016,"donor_1","CO"
0.219822773834927,0.393206473524959,-0.244663941495552,0.432057506734955,-0.205489020604851,-0.0911867472951064,-0.229810472663185,3,"RI",30000,2016,"donor_2","TX"
0.219822773834927,0.393206473524959,-0.244663941495552,0.432057506734955,-0.205489020604851,-0.0911867472951064,-0.229810472663185,3,"RI",30000,2016,"donor_3","MD"
0.219822773834927,0.393206473524959,-0.244663941495552,0.432057506734955,-0.205489020604851,-0.0911867472951064,-0.229810472663185,3,"RI",30000,2016,"donor_1","TX"
0.219822773834927,0.393206473524959,-0.244663941495552,0.432057506734955,-0.205489020604851,-0.0911867472951064,-0.229810472663185,3,"RI",30000,2016,"donor_2","MD"
0.219822773834927,0.393206473524959,-0.244663941495552,0.432057506734955,-0.205489020604851,-0.0911867472951064,-0.229810472663185,3,"RI",30000,2016,"donor_3","CO"
0.219822773834927,0.393206473524959,-0.244663941495552,0.432057506734955,-0.205489020604851,-0.0911867472951064,-0.229810472663185,3,"RI",30000,2016,"donor_1","CO"
0.219822773834927,0.393206473524959,-0.244663941495552,0.432057506734955,-0.205489020604851,-0.0911867472951064,-0.229810472663185,3,"RI",30000,2016,"donor_2","MD"
0.219822773834927,0.393206473524959,-0.244663941495552,0.432057506734955,-0.205489020604851,-0.0911867472951064,-0.229810472663185,3,"RI",30000,2016,"donor_3","TX"
0.219822773834927,0.393206473524959,-0.244663941495552,0.432057506734955,-0.205489020604851,-0.0911867472951064,-0.229810472663185,3,"RI",30000,2016,"donor_1","TX"
0.219822773834927,0.393206473524959,-0.244663941495552,0.432057506734955,-0.205489020604851,-0.0911867472951064,-0.229810472663185,3,"RI",30000,2016,"donor_2","MD"
0.219822773834927,0.393206473524959,-0.244663941495552,0.432057506734955,-0.205489020604851,-0.0911867472951064,-0.229810472663185,3,"RI",30000,2016,"donor_3","CO"
0.126434440009388,0.408620176687301,-0.295950667542979,0.463530890719738,-0.195519109537803,-0.150815485208233,-0.221926656688649,3,"RI",30000,2016,"donor_1","MD"
0.126434440009388,0.408620176687301,-0.295950667542979,0.463530890719738,-0.195519109537803,-0.150815485208233,-0.221926656688649,3,"RI",30000,2016,"donor_2","TX"
0.126434440009388,0.408620176687301,-0.295950667542979,0.463530890719738,-0.195519109537803,-0.150815485208233,-0.221926656688649,3,"RI",30000,2016,"donor_3","MO"
0.126434440009388,0.408620176687301,-0.29595066754298,0.463530890719738,-0.195519109537803,-0.150815485208233,-0.221926656688649,3,"RI",30000,2016,"donor_1","TX"
0.126434440009388,0.408620176687301,-0.29595066754298,0.463530890719738,-0.195519109537803,-0.150815485208233,-0.221926656688649,3,"RI",30000,2016,"donor_2","MO"
0.126434440009388,0.408620176687301,-0.29595066754298,0.463530890719738,-0.195519109537803,-0.150815485208233,-0.221926656688649,3,"RI",30000,2016,"donor_3","MD"
0.126434440009388,0.408620176687301,-0.29595066754298,0.463530890719738,-0.195519109537803,-0.150815485208233,-0.221926656688649,3,"RI",30000,2016,"donor_1","MO"
0.126434440009388,0.408620176687301,-0.29595066754298,0.463530890719738,-0.195519109537803,-0.150815485208233,-0.221926656688649,3,"RI",30000,2016,"donor_2","TX"
0.126434440009388,0.408620176687301,-0.29595066754298,0.463530890719738,-0.195519109537803,-0.150815485208233,-0.221926656688649,3,"RI",30000,2016,"donor_3","MD"
0.126434440009388,0.408620176687301,-0.29595066754298,0.463530890719738,-0.195519109537803,-0.150815485208234,-0.221926656688649,3,"RI",30000,2016,"donor_1","MO"
0.126434440009388,0.408620176687301,-0.29595066754298,0.463530890719738,-0.195519109537803,-0.150815485208234,-0.221926656688649,3,"RI",30000,2016,"donor_2","MD"
0.126434440009388,0.408620176687301,-0.29595066754298,0.463530890719738,-0.195519109537803,-0.150815485208234,-0.221926656688649,3,"RI",30000,2016,"donor_3","TX"
0.126434440009388,0.408620176687301,-0.29595066754298,0.463530890719738,-0.195519109537803,-0.150815485208234,-0.221926656688649,3,"RI",30000,2016,"donor_1","MD"
0.126434440009388,0.408620176687301,-0.29595066754298,0.463530890719738,-0.195519109537803,-0.150815485208234,-0.221926656688649,3,"RI",30000,2016,"donor_2","MO"
0.126434440009388,0.408620176687301,-0.29595066754298,0.463530890719738,-0.195519109537803,-0.150815485208234,-0.221926656688649,3,"RI",30000,2016,"donor_3","TX"
0.192453628214912,0.412954103696294,-0.291020385893625,0.460307472445145,-0.221425488374371,-0.143670049250625,-0.247827484849649,3,"RI",30000,2016,"donor_1","NC"
0.192453628214912,0.412954103696294,-0.291020385893625,0.460307472445145,-0.221425488374371,-0.143670049250625,-0.247827484849649,3,"RI",30000,2016,"donor_2","CO"
0.192453628214912,0.412954103696294,-0.291020385893625,0.460307472445145,-0.221425488374371,-0.143670049250625,-0.247827484849649,3,"RI",30000,2016,"donor_3","MD"
0.192453628214912,0.412954103696294,-0.291020385893625,0.460307472445145,-0.221425488374371,-0.143670049250625,-0.247827484849649,3,"RI",30000,2016,"donor_1","CO"
0.192453628214912,0.412954103696294,-0.291020385893625,0.460307472445145,-0.221425488374371,-0.143670049250625,-0.247827484849649,3,"RI",30000,2016,"donor_2","NC"
0.192453628214912,0.412954103696294,-0.291020385893625,0.460307472445145,-0.221425488374371,-0.143670049250625,-0.247827484849649,3,"RI",30000,2016,"donor_3","MD"
0.192453628214912,0.412954103696294,-0.291020385893625,0.460307472445145,-0.221425488374371,-0.143670049250625,-0.247827484849649,3,"RI",30000,2016,"donor_1","NC"
0.192453628214912,0.412954103696294,-0.291020385893625,0.460307472445145,-0.221425488374371,-0.143670049250625,-0.247827484849649,3,"RI",30000,2016,"donor_2","MD"
0.192453628214912,0.412954103696294,-0.291020385893625,0.460307472445145,-0.221425488374371,-0.143670049250625,-0.247827484849649,3,"RI",30000,2016,"donor_3","CO"
0.192453628214912,0.412954103696294,-0.291020385893625,0.460307472445145,-0.221425488374371,-0.143670049250625,-0.247827484849649,3,"RI",30000,2016,"donor_1","MD"
0.192453628214912,0.412954103696294,-0.291020385893625,0.460307472445145,-0.221425488374371,-0.143670049250625,-0.247827484849649,3,"RI",30000,2016,"donor_2","NC"
0.192453628214912,0.412954103696294,-0.291020385893625,0.460307472445145,-0.221425488374371,-0.143670049250625,-0.247827484849649,3,"RI",30000,2016,"donor_3","CO"
0.192453628214912,0.412954103696294,-0.291020385893625,0.460307472445145,-0.221425488374371,-0.143670049250625,-0.247827484849649,3,"RI",30000,2016,"donor_1","NC"
0.192453628214912,0.412954103696294,-0.291020385893625,0.460307472445145,-0.221425488374371,-0.143670049250625,-0.247827484849649,3,"RI",30000,2016,"donor_2","MD"
0.192453628214912,0.412954103696294,-0.291020385893625,0.460307472445145,-0.221425488374371,-0.143670049250625,-0.247827484849649,3,"RI",30000,2016,"donor_3","CO"
0.192453628214912,0.412954103696294,-0.291020385893625,0.460307472445145,-0.221425488374371,-0.143670049250625,-0.247827484849649,3,"RI",30000,2016,"donor_1","NC"
0.192453628214912,0.412954103696294,-0.291020385893625,0.460307472445145,-0.221425488374371,-0.143670049250625,-0.247827484849649,3,"RI",30000,2016,"donor_2","MD"
0.192453628214912,0.412954103696294,-0.291020385893625,0.460307472445145,-0.221425488374371,-0.143670049250625,-0.247827484849649,3,"RI",30000,2016,"donor_3","CO"
0.252923834367477,0.413647726602904,-0.261662865217557,0.44200487664839,-0.178336360246259,-0.101760692962537,-0.204564537737361,3,"RI",30000,2016,"donor_1","MD"
0.252923834367477,0.413647726602904,-0.261662865217557,0.44200487664839,-0.178336360246259,-0.101760692962537,-0.204564537737361,3,"RI",30000,2016,"donor_2","MI"
0.252923834367477,0.413647726602904,-0.261662865217557,0.44200487664839,-0.178336360246259,-0.101760692962537,-0.204564537737361,3,"RI",30000,2016,"donor_3","CO"
0.252923834367477,0.413647726602904,-0.261662865217557,0.44200487664839,-0.178336360246259,-0.101760692962537,-0.204564537737361,3,"RI",30000,2016,"donor_1","MI"
0.252923834367477,0.413647726602904,-0.261662865217557,0.44200487664839,-0.178336360246259,-0.101760692962537,-0.204564537737361,3,"RI",30000,2016,"donor_2","CO"
0.252923834367477,0.413647726602904,-0.261662865217557,0.44200487664839,-0.178336360246259,-0.101760692962537,-0.204564537737361,3,"RI",30000,2016,"donor_3","MD"
0.252923834367477,0.413647726602904,-0.261662865217557,0.44200487664839,-0.178336360246259,-0.101760692962537,-0.204564537737361,3,"RI",30000,2016,"donor_1","MI"
0.252923834367477,0.413647726602904,-0.261662865217557,0.44200487664839,-0.178336360246259,-0.101760692962537,-0.204564537737361,3,"RI",30000,2016,"donor_2","MD"
0.252923834367477,0.413647726602904,-0.261662865217557,0.44200487664839,-0.178336360246259,-0.101760692962537,-0.204564537737361,3,"RI",30000,2016,"donor_3","CO"
0.252923834367477,0.413647726602904,-0.261662865217556,0.44200487664839,-0.178336360246259,-0.101760692962537,-0.204564537737361,3,"RI",30000,2016,"donor_1","MD"
0.252923834367477,0.413647726602904,-0.261662865217556,0.44200487664839,-0.178336360246259,-0.101760692962537,-0.204564537737361,3,"RI",30000,2016,"donor_2","CO"
0.252923834367477,0.413647726602904,-0.261662865217556,0.44200487664839,-0.178336360246259,-0.101760692962537,-0.204564537737361,3,"RI",30000,2016,"donor_3","MI"
0.252923834367477,0.413647726602904,-0.261662865217556,0.44200487664839,-0.178336360246259,-0.101760692962537,-0.204564537737361,3,"RI",30000,2016,"donor_1","CO"
0.252923834367477,0.413647726602904,-0.261662865217556,0.44200487664839,-0.178336360246259,-0.101760692962537,-0.204564537737361,3,"RI",30000,2016,"donor_2","MD"
0.252923834367477,0.413647726602904,-0.261662865217556,0.44200487664839,-0.178336360246259,-0.101760692962537,-0.204564537737361,3,"RI",30000,2016,"donor_3","MI"
0.252923834367477,0.413647726602904,-0.261662865217556,0.44200487664839,-0.178336360246259,-0.101760692962537,-0.204564537737361,3,"RI",30000,2016,"donor_1","CO"
0.252923834367477,0.413647726602904,-0.261662865217556,0.44200487664839,-0.178336360246259,-0.101760692962537,-0.204564537737361,3,"RI",30000,2016,"donor_2","MD"
0.252923834367477,0.413647726602904,-0.261662865217556,0.44200487664839,-0.178336360246259,-0.101760692962537,-0.204564537737361,3,"RI",30000,2016,"donor_3","MI"
0.252923834367477,0.413647726602904,-0.261662865217557,0.44200487664839,-0.178336360246259,-0.101760692962537,-0.204564537737361,3,"RI",30000,2016,"donor_1","MI"
0.252923834367477,0.413647726602904,-0.261662865217557,0.44200487664839,-0.178336360246259,-0.101760692962537,-0.204564537737361,3,"RI",30000,2016,"donor_2","MD"
0.252923834367477,0.413647726602904,-0.261662865217557,0.44200487664839,-0.178336360246259,-0.101760692962537,-0.204564537737361,3,"RI",30000,2016,"donor_3","CO"
0.252923834367477,0.413647726602904,-0.261662865217557,0.44200487664839,-0.178336360246259,-0.101760692962537,-0.204564537737361,3,"RI",30000,2016,"donor_1","CO"
0.252923834367477,0.413647726602904,-0.261662865217557,0.44200487664839,-0.178336360246259,-0.101760692962537,-0.204564537737361,3,"RI",30000,2016,"donor_2","MI"
0.252923834367477,0.413647726602904,-0.261662865217557,0.44200487664839,-0.178336360246259,-0.101760692962537,-0.204564537737361,3,"RI",30000,2016,"donor_3","MD"
0.252923834367477,0.413647726602904,-0.261662865217557,0.44200487664839,-0.178336360246259,-0.101760692962537,-0.204564537737361,3,"RI",30000,2016,"donor_1","MI"
0.252923834367477,0.413647726602904,-0.261662865217557,0.44200487664839,-0.178336360246259,-0.101760692962537,-0.204564537737361,3,"RI",30000,2016,"donor_2","CO"
0.252923834367477,0.413647726602904,-0.261662865217557,0.44200487664839,-0.178336360246259,-0.101760692962537,-0.204564537737361,3,"RI",30000,2016,"donor_3","MD"
0.252923834367477,0.413647726602904,-0.261662865217556,0.44200487664839,-0.178336360246259,-0.101760692962537,-0.204564537737361,3,"RI",30000,2016,"donor_1","CO"
0.252923834367477,0.413647726602904,-0.261662865217556,0.44200487664839,-0.178336360246259,-0.101760692962537,-0.204564537737361,3,"RI",30000,2016,"donor_2","MD"
0.252923834367477,0.413647726602904,-0.261662865217556,0.44200487664839,-0.178336360246259,-0.101760692962537,-0.204564537737361,3,"RI",30000,2016,"donor_3","MI"
0.252923834367477,0.413647726602904,-0.261662865217557,0.44200487664839,-0.178336360246259,-0.101760692962537,-0.204564537737361,3,"RI",30000,2016,"donor_1","MI"
0.252923834367477,0.413647726602904,-0.261662865217557,0.44200487664839,-0.178336360246259,-0.101760692962537,-0.204564537737361,3,"RI",30000,2016,"donor_2","MD"
0.252923834367477,0.413647726602904,-0.261662865217557,0.44200487664839,-0.178336360246259,-0.101760692962537,-0.204564537737361,3,"RI",30000,2016,"donor_3","CO"
0.252923834367477,0.413647726602904,-0.261662865217557,0.44200487664839,-0.178336360246259,-0.101760692962537,-0.204564537737361,3,"RI",30000,2016,"donor_1","CO"
0.252923834367477,0.413647726602904,-0.261662865217557,0.44200487664839,-0.178336360246259,-0.101760692962537,-0.204564537737361,3,"RI",30000,2016,"donor_2","MI"
0.252923834367477,0.413647726602904,-0.261662865217557,0.44200487664839,-0.178336360246259,-0.101760692962537,-0.204564537737361,3,"RI",30000,2016,"donor_3","MD"
0.252923834367477,0.413647726602904,-0.261662865217556,0.44200487664839,-0.178336360246259,-0.101760692962537,-0.204564537737361,3,"RI",30000,2016,"donor_1","CO"
0.252923834367477,0.413647726602904,-0.261662865217556,0.44200487664839,-0.178336360246259,-0.101760692962537,-0.204564537737361,3,"RI",30000,2016,"donor_2","MD"
0.252923834367477,0.413647726602904,-0.261662865217556,0.44200487664839,-0.178336360246259,-0.101760692962537,-0.204564537737361,3,"RI",30000,2016,"donor_3","MI"
0.252923834367477,0.413647726602904,-0.261662865217556,0.44200487664839,-0.178336360246259,-0.101760692962537,-0.204564537737361,3,"RI",30000,2016,"donor_1","MD"
0.252923834367477,0.413647726602904,-0.261662865217556,0.44200487664839,-0.178336360246259,-0.101760692962537,-0.204564537737361,3,"RI",30000,2016,"donor_2","CO"
0.252923834367477,0.413647726602904,-0.261662865217556,0.44200487664839,-0.178336360246259,-0.101760692962537,-0.204564537737361,3,"RI",30000,2016,"donor_3","MI"
0.252923834367477,0.413647726602904,-0.261662865217557,0.44200487664839,-0.178336360246259,-0.101760692962537,-0.204564537737361,3,"RI",30000,2016,"donor_1","CO"
0.252923834367477,0.413647726602904,-0.261662865217557,0.44200487664839,-0.178336360246259,-0.101760692962537,-0.204564537737361,3,"RI",30000,2016,"donor_2","MI"
0.252923834367477,0.413647726602904,-0.261662865217557,0.44200487664839,-0.178336360246259,-0.101760692962537,-0.204564537737361,3,"RI",30000,2016,"donor_3","MD"
0.252923834367477,0.413647726602904,-0.261662865217557,0.44200487664839,-0.178336360246259,-0.101760692962537,-0.204564537737361,3,"RI",30000,2016,"donor_1","MD"
0.252923834367477,0.413647726602904,-0.261662865217557,0.44200487664839,-0.178336360246259,-0.101760692962537,-0.204564537737361,3,"RI",30000,2016,"donor_2","MI"
0.252923834367477,0.413647726602904,-0.261662865217557,0.44200487664839,-0.178336360246259,-0.101760692962537,-0.204564537737361,3,"RI",30000,2016,"donor_3","CO"
0.249726416053176,0.417986500603279,-0.279344352435437,0.452849589519386,-0.152635362496043,-0.122281127818822,-0.179647054983059,3,"RI",30000,2016,"donor_1","CO"
0.249726416053176,0.417986500603279,-0.279344352435437,0.452849589519386,-0.152635362496043,-0.122281127818822,-0.179647054983059,3,"RI",30000,2016,"donor_2","MD"
0.249726416053176,0.417986500603279,-0.279344352435437,0.452849589519386,-0.152635362496043,-0.122281127818822,-0.179647054983059,3,"RI",30000,2016,"donor_3","PA"
0.249726416053176,0.417986500603279,-0.279344352435437,0.452849589519386,-0.152635362496043,-0.122281127818822,-0.179647054983059,3,"RI",30000,2016,"donor_1","CO"
0.249726416053176,0.417986500603279,-0.279344352435437,0.452849589519386,-0.152635362496043,-0.122281127818822,-0.179647054983059,3,"RI",30000,2016,"donor_2","MD"
0.249726416053176,0.417986500603279,-0.279344352435437,0.452849589519386,-0.152635362496043,-0.122281127818822,-0.179647054983059,3,"RI",30000,2016,"donor_3","PA"
0.249726416053176,0.417986500603279,-0.279344352435437,0.452849589519386,-0.152635362496043,-0.122281127818822,-0.179647054983059,3,"RI",30000,2016,"donor_1","PA"
0.249726416053176,0.417986500603279,-0.279344352435437,0.452849589519386,-0.152635362496043,-0.122281127818822,-0.179647054983059,3,"RI",30000,2016,"donor_2","CO"
0.249726416053176,0.417986500603279,-0.279344352435437,0.452849589519386,-0.152635362496043,-0.122281127818822,-0.179647054983059,3,"RI",30000,2016,"donor_3","MD"
0.249726416053176,0.417986500603279,-0.279344352435437,0.452849589519386,-0.152635362496043,-0.122281127818822,-0.179647054983059,3,"RI",30000,2016,"donor_1","CO"
0.249726416053176,0.417986500603279,-0.279344352435437,0.452849589519386,-0.152635362496043,-0.122281127818822,-0.179647054983059,3,"RI",30000,2016,"donor_2","MD"
0.249726416053176,0.417986500603279,-0.279344352435437,0.452849589519386,-0.152635362496043,-0.122281127818822,-0.179647054983059,3,"RI",30000,2016,"donor_3","PA"
0.249726416053176,0.417986500603279,-0.279344352435437,0.452849589519386,-0.152635362496043,-0.122281127818822,-0.179647054983059,3,"RI",30000,2016,"donor_1","PA"
0.249726416053176,0.417986500603279,-0.279344352435437,0.452849589519386,-0.152635362496043,-0.122281127818822,-0.179647054983059,3,"RI",30000,2016,"donor_2","CO"
0.249726416053176,0.417986500603279,-0.279344352435437,0.452849589519386,-0.152635362496043,-0.122281127818822,-0.179647054983059,3,"RI",30000,2016,"donor_3","MD"
0.249726416053176,0.417986500603279,-0.279344352435437,0.452849589519386,-0.152635362496043,-0.122281127818822,-0.179647054983059,3,"RI",30000,2016,"donor_1","PA"
0.249726416053176,0.417986500603279,-0.279344352435437,0.452849589519386,-0.152635362496043,-0.122281127818822,-0.179647054983059,3,"RI",30000,2016,"donor_2","MD"
0.249726416053176,0.417986500603279,-0.279344352435437,0.452849589519386,-0.152635362496043,-0.122281127818822,-0.179647054983059,3,"RI",30000,2016,"donor_3","CO"
0.249726416053176,0.417986500603279,-0.279344352435437,0.452849589519386,-0.152635362496043,-0.122281127818822,-0.179647054983059,3,"RI",30000,2016,"donor_1","MD"
0.249726416053176,0.417986500603279,-0.279344352435437,0.452849589519386,-0.152635362496043,-0.122281127818822,-0.179647054983059,3,"RI",30000,2016,"donor_2","PA"
0.249726416053176,0.417986500603279,-0.279344352435437,0.452849589519386,-0.152635362496043,-0.122281127818822,-0.179647054983059,3,"RI",30000,2016,"donor_3","CO"
0.249726416053176,0.417986500603279,-0.279344352435437,0.452849589519386,-0.152635362496043,-0.122281127818822,-0.179647054983059,3,"RI",30000,2016,"donor_1","MD"
0.249726416053176,0.417986500603279,-0.279344352435437,0.452849589519386,-0.152635362496043,-0.122281127818822,-0.179647054983059,3,"RI",30000,2016,"donor_2","PA"
0.249726416053176,0.417986500603279,-0.279344352435437,0.452849589519386,-0.152635362496043,-0.122281127818822,-0.179647054983059,3,"RI",30000,2016,"donor_3","CO"
0.341461136018581,0.00905553994888111,0.0983247491015989,0.438791136091322,-0.115874603890661,0.101953296334818,-0.116356225742852,3,"CA",30000,2016,"donor_1","CO"
0.341461136018581,0.00905553994888111,0.0983247491015989,0.438791136091322,-0.115874603890661,0.101953296334818,-0.116356225742852,3,"CA",30000,2016,"donor_2","OH"
0.341461136018581,0.00905553994888111,0.0983247491015989,0.438791136091322,-0.115874603890661,0.101953296334818,-0.116356225742852,3,"CA",30000,2016,"donor_3","AZ"
0.341461136018581,0.00905553994888111,0.0983247491015989,0.438791136091322,-0.115874603890661,0.101953296334818,-0.116356225742852,3,"CA",30000,2016,"donor_1","OH"
0.341461136018581,0.00905553994888111,0.0983247491015989,0.438791136091322,-0.115874603890661,0.101953296334818,-0.116356225742852,3,"CA",30000,2016,"donor_2","CO"
0.341461136018581,0.00905553994888111,0.0983247491015989,0.438791136091322,-0.115874603890661,0.101953296334818,-0.116356225742852,3,"CA",30000,2016,"donor_3","AZ"
0.341461136018581,0.00905553994888111,0.0983247491015989,0.438791136091322,-0.115874603890661,0.101953296334818,-0.116356225742852,3,"CA",30000,2016,"donor_1","CO"
0.341461136018581,0.00905553994888111,0.0983247491015989,0.438791136091322,-0.115874603890661,0.101953296334818,-0.116356225742852,3,"CA",30000,2016,"donor_2","OH"
0.341461136018581,0.00905553994888111,0.0983247491015989,0.438791136091322,-0.115874603890661,0.101953296334818,-0.116356225742852,3,"CA",30000,2016,"donor_3","AZ"
0.341461136018581,0.00905553994888126,0.0983247491015989,0.438791136091322,-0.115874603890661,0.101953296334819,-0.116356225742852,3,"CA",30000,2016,"donor_1","AZ"
0.341461136018581,0.00905553994888126,0.0983247491015989,0.438791136091322,-0.115874603890661,0.101953296334819,-0.116356225742852,3,"CA",30000,2016,"donor_2","OH"
0.341461136018581,0.00905553994888126,0.0983247491015989,0.438791136091322,-0.115874603890661,0.101953296334819,-0.116356225742852,3,"CA",30000,2016,"donor_3","CO"
0.341461136018581,0.00905553994888126,0.0983247491015989,0.438791136091322,-0.115874603890661,0.101953296334819,-0.116356225742852,3,"CA",30000,2016,"donor_1","OH"
0.341461136018581,0.00905553994888126,0.0983247491015989,0.438791136091322,-0.115874603890661,0.101953296334819,-0.116356225742852,3,"CA",30000,2016,"donor_2","AZ"
0.341461136018581,0.00905553994888126,0.0983247491015989,0.438791136091322,-0.115874603890661,0.101953296334819,-0.116356225742852,3,"CA",30000,2016,"donor_3","CO"
0.341461136018581,0.00905553994888126,0.0983247491015989,0.438791136091322,-0.115874603890661,0.101953296334819,-0.116356225742852,3,"CA",30000,2016,"donor_1","OH"
0.341461136018581,0.00905553994888126,0.0983247491015989,0.438791136091322,-0.115874603890661,0.101953296334819,-0.116356225742852,3,"CA",30000,2016,"donor_2","AZ"
0.341461136018581,0.00905553994888126,0.0983247491015989,0.438791136091322,-0.115874603890661,0.101953296334819,-0.116356225742852,3,"CA",30000,2016,"donor_3","CO"
0.341461136018581,0.00905553994888126,0.0983247491015989,0.438791136091322,-0.115874603890661,0.101953296334819,-0.116356225742852,3,"CA",30000,2016,"donor_1","OH"
0.341461136018581,0.00905553994888126,0.0983247491015989,0.438791136091322,-0.115874603890661,0.101953296334819,-0.116356225742852,3,"CA",30000,2016,"donor_2","AZ"
0.341461136018581,0.00905553994888126,0.0983247491015989,0.438791136091322,-0.115874603890661,0.101953296334819,-0.116356225742852,3,"CA",30000,2016,"donor_3","CO"
0.34146113601858,0.0090555399488814,0.098324749101599,0.438791136091322,-0.115874603890661,0.101953296334818,-0.116356225742852,3,"CA",30000,2016,"donor_1","AZ"
0.34146113601858,0.0090555399488814,0.098324749101599,0.438791136091322,-0.115874603890661,0.101953296334818,-0.116356225742852,3,"CA",30000,2016,"donor_2","CO"
0.34146113601858,0.0090555399488814,0.098324749101599,0.438791136091322,-0.115874603890661,0.101953296334818,-0.116356225742852,3,"CA",30000,2016,"donor_3","OH"
0.34146113601858,0.0090555399488814,0.098324749101599,0.438791136091322,-0.115874603890661,0.101953296334818,-0.116356225742852,3,"CA",30000,2016,"donor_1","AZ"
0.34146113601858,0.0090555399488814,0.098324749101599,0.438791136091322,-0.115874603890661,0.101953296334818,-0.116356225742852,3,"CA",30000,2016,"donor_2","CO"
0.34146113601858,0.0090555399488814,0.098324749101599,0.438791136091322,-0.115874603890661,0.101953296334818,-0.116356225742852,3,"CA",30000,2016,"donor_3","OH"
0.34146113601858,0.0090555399488814,0.098324749101599,0.438791136091322,-0.115874603890661,0.101953296334818,-0.116356225742852,3,"CA",30000,2016,"donor_1","CO"
0.34146113601858,0.0090555399488814,0.098324749101599,0.438791136091322,-0.115874603890661,0.101953296334818,-0.116356225742852,3,"CA",30000,2016,"donor_2","AZ"
0.34146113601858,0.0090555399488814,0.098324749101599,0.438791136091322,-0.115874603890661,0.101953296334818,-0.116356225742852,3,"CA",30000,2016,"donor_3","OH"
0.34146113601858,0.0090555399488814,0.098324749101599,0.438791136091322,-0.115874603890661,0.101953296334818,-0.116356225742852,3,"CA",30000,2016,"donor_1","AZ"
0.34146113601858,0.0090555399488814,0.098324749101599,0.438791136091322,-0.115874603890661,0.101953296334818,-0.116356225742852,3,"CA",30000,2016,"donor_2","CO"
0.34146113601858,0.0090555399488814,0.098324749101599,0.438791136091322,-0.115874603890661,0.101953296334818,-0.116356225742852,3,"CA",30000,2016,"donor_3","OH"
0.159030657998502,0.014024024763281,0.15438219520085,0.417483192706082,-0.0978314172580391,0.152425322252585,-0.0975951151595035,3,"CA",30000,2016,"donor_1","OH"
0.159030657998502,0.014024024763281,0.15438219520085,0.417483192706082,-0.0978314172580391,0.152425322252585,-0.0975951151595035,3,"CA",30000,2016,"donor_2","CO"
0.159030657998502,0.014024024763281,0.15438219520085,0.417483192706082,-0.0978314172580391,0.152425322252585,-0.0975951151595035,3,"CA",30000,2016,"donor_3","PA"
0.159030657998502,0.014024024763281,0.15438219520085,0.417483192706082,-0.0978314172580391,0.152425322252585,-0.0975951151595035,3,"CA",30000,2016,"donor_1","PA"
0.159030657998502,0.014024024763281,0.15438219520085,0.417483192706082,-0.0978314172580391,0.152425322252585,-0.0975951151595035,3,"CA",30000,2016,"donor_2","OH"
0.159030657998502,0.014024024763281,0.15438219520085,0.417483192706082,-0.0978314172580391,0.152425322252585,-0.0975951151595035,3,"CA",30000,2016,"donor_3","CO"
0.159030657998502,0.014024024763281,0.15438219520085,0.417483192706082,-0.0978314172580391,0.152425322252585,-0.0975951151595035,3,"CA",30000,2016,"donor_1","OH"
0.159030657998502,0.014024024763281,0.15438219520085,0.417483192706082,-0.0978314172580391,0.152425322252585,-0.0975951151595035,3,"CA",30000,2016,"donor_2","CO"
0.159030657998502,0.014024024763281,0.15438219520085,0.417483192706082,-0.0978314172580391,0.152425322252585,-0.0975951151595035,3,"CA",30000,2016,"donor_3","PA"
0.159030657998502,0.014024024763281,0.15438219520085,0.417483192706082,-0.0978314172580391,0.152425322252585,-0.0975951151595035,3,"CA",30000,2016,"donor_1","OH"
0.159030657998502,0.014024024763281,0.15438219520085,0.417483192706082,-0.0978314172580391,0.152425322252585,-0.0975951151595035,3,"CA",30000,2016,"donor_2","CO"
0.159030657998502,0.014024024763281,0.15438219520085,0.417483192706082,-0.0978314172580391,0.152425322252585,-0.0975951151595035,3,"CA",30000,2016,"donor_3","PA"
0.159030657998502,0.014024024763281,0.15438219520085,0.417483192706082,-0.0978314172580391,0.152425322252585,-0.0975951151595035,3,"CA",30000,2016,"donor_1","CO"
0.159030657998502,0.014024024763281,0.15438219520085,0.417483192706082,-0.0978314172580391,0.152425322252585,-0.0975951151595035,3,"CA",30000,2016,"donor_2","OH"
0.159030657998502,0.014024024763281,0.15438219520085,0.417483192706082,-0.0978314172580391,0.152425322252585,-0.0975951151595035,3,"CA",30000,2016,"donor_3","PA"
0.159030657998502,0.014024024763281,0.15438219520085,0.417483192706082,-0.0978314172580391,0.152425322252585,-0.0975951151595035,3,"CA",30000,2016,"donor_1","OH"
0.159030657998502,0.014024024763281,0.15438219520085,0.417483192706082,-0.0978314172580391,0.152425322252585,-0.0975951151595035,3,"CA",30000,2016,"donor_2","PA"
0.159030657998502,0.014024024763281,0.15438219520085,0.417483192706082,-0.0978314172580391,0.152425322252585,-0.0975951151595035,3,"CA",30000,2016,"donor_3","CO"
0.159030657998502,0.014024024763281,0.15438219520085,0.417483192706082,-0.0978314172580391,0.152425322252585,-0.0975951151595035,3,"CA",30000,2016,"donor_1","CO"
0.159030657998502,0.014024024763281,0.15438219520085,0.417483192706082,-0.0978314172580391,0.152425322252585,-0.0975951151595035,3,"CA",30000,2016,"donor_2","OH"
0.159030657998502,0.014024024763281,0.15438219520085,0.417483192706082,-0.0978314172580391,0.152425322252585,-0.0975951151595035,3,"CA",30000,2016,"donor_3","PA"
0.159030657998502,0.014024024763281,0.15438219520085,0.417483192706082,-0.0978314172580391,0.152425322252585,-0.0975951151595035,3,"CA",30000,2016,"donor_1","OH"
0.159030657998502,0.014024024763281,0.15438219520085,0.417483192706082,-0.0978314172580391,0.152425322252585,-0.0975951151595035,3,"CA",30000,2016,"donor_2","CO"
0.159030657998502,0.014024024763281,0.15438219520085,0.417483192706082,-0.0978314172580391,0.152425322252585,-0.0975951151595035,3,"CA",30000,2016,"donor_3","PA"
0.159030657998504,0.0140240247632811,0.15438219520085,0.417483192706082,-0.0978314172580391,0.152425322252585,-0.0975951151595035,3,"CA",30000,2016,"donor_1","PA"
0.159030657998504,0.0140240247632811,0.15438219520085,0.417483192706082,-0.0978314172580391,0.152425322252585,-0.0975951151595035,3,"CA",30000,2016,"donor_2","CO"
0.159030657998504,0.0140240247632811,0.15438219520085,0.417483192706082,-0.0978314172580391,0.152425322252585,-0.0975951151595035,3,"CA",30000,2016,"donor_3","OH"
0.159030657998504,0.0140240247632811,0.15438219520085,0.417483192706082,-0.0978314172580391,0.152425322252585,-0.0975951151595035,3,"CA",30000,2016,"donor_1","CO"
0.159030657998504,0.0140240247632811,0.15438219520085,0.417483192706082,-0.0978314172580391,0.152425322252585,-0.0975951151595035,3,"CA",30000,2016,"donor_2","PA"
0.159030657998504,0.0140240247632811,0.15438219520085,0.417483192706082,-0.0978314172580391,0.152425322252585,-0.0975951151595035,3,"CA",30000,2016,"donor_3","OH"
0.0192741690501872,0.0166819426872084,0.359867897176815,0.354398515808807,-0.130427824967509,0.367132849387643,-0.13105558358465,3,"CA",30000,2016,"donor_1","IN"
0.0192741690501872,0.0166819426872084,0.359867897176815,0.354398515808807,-0.130427824967509,0.367132849387643,-0.13105558358465,3,"CA",30000,2016,"donor_2","OH"
0.0192741690501872,0.0166819426872084,0.359867897176815,0.354398515808807,-0.130427824967509,0.367132849387643,-0.13105558358465,3,"CA",30000,2016,"donor_3","CO"
0.0192741690501872,0.0166819426872084,0.359867897176815,0.354398515808807,-0.130427824967509,0.367132849387643,-0.13105558358465,3,"CA",30000,2016,"donor_1","IN"
0.0192741690501872,0.0166819426872084,0.359867897176815,0.354398515808807,-0.130427824967509,0.367132849387643,-0.13105558358465,3,"CA",30000,2016,"donor_2","CO"
0.0192741690501872,0.0166819426872084,0.359867897176815,0.354398515808807,-0.130427824967509,0.367132849387643,-0.13105558358465,3,"CA",30000,2016,"donor_3","OH"
0.0192741690501872,0.0166819426872084,0.359867897176815,0.354398515808807,-0.130427824967509,0.367132849387643,-0.13105558358465,3,"CA",30000,2016,"donor_1","OH"
0.0192741690501872,0.0166819426872084,0.359867897176815,0.354398515808807,-0.130427824967509,0.367132849387643,-0.13105558358465,3,"CA",30000,2016,"donor_2","IN"
0.0192741690501872,0.0166819426872084,0.359867897176815,0.354398515808807,-0.130427824967509,0.367132849387643,-0.13105558358465,3,"CA",30000,2016,"donor_3","CO"
0.0192741690501872,0.0166819426872084,0.359867897176815,0.354398515808807,-0.130427824967509,0.367132849387643,-0.13105558358465,3,"CA",30000,2016,"donor_1","OH"
0.0192741690501872,0.0166819426872084,0.359867897176815,0.354398515808807,-0.130427824967509,0.367132849387643,-0.13105558358465,3,"CA",30000,2016,"donor_2","IN"
0.0192741690501872,0.0166819426872084,0.359867897176815,0.354398515808807,-0.130427824967509,0.367132849387643,-0.13105558358465,3,"CA",30000,2016,"donor_3","CO"
0.0192741690501872,0.0166819426872084,0.359867897176815,0.354398515808807,-0.130427824967509,0.367132849387643,-0.13105558358465,3,"CA",30000,2016,"donor_1","IN"
0.0192741690501872,0.0166819426872084,0.359867897176815,0.354398515808807,-0.130427824967509,0.367132849387643,-0.13105558358465,3,"CA",30000,2016,"donor_2","OH"
0.0192741690501872,0.0166819426872084,0.359867897176815,0.354398515808807,-0.130427824967509,0.367132849387643,-0.13105558358465,3,"CA",30000,2016,"donor_3","CO"
0.0192741690501872,0.0166819426872084,0.359867897176815,0.354398515808807,-0.130427824967509,0.367132849387643,-0.13105558358465,3,"CA",30000,2016,"donor_1","IN"
0.0192741690501872,0.0166819426872084,0.359867897176815,0.354398515808807,-0.130427824967509,0.367132849387643,-0.13105558358465,3,"CA",30000,2016,"donor_2","CO"
0.0192741690501872,0.0166819426872084,0.359867897176815,0.354398515808807,-0.130427824967509,0.367132849387643,-0.13105558358465,3,"CA",30000,2016,"donor_3","OH"
0.019274169050194,0.0166819426872084,0.359867897176815,0.354398515808807,-0.130427824967509,0.367132849387643,-0.13105558358465,3,"CA",30000,2016,"donor_1","OH"
0.019274169050194,0.0166819426872084,0.359867897176815,0.354398515808807,-0.130427824967509,0.367132849387643,-0.13105558358465,3,"CA",30000,2016,"donor_2","CO"
0.019274169050194,0.0166819426872084,0.359867897176815,0.354398515808807,-0.130427824967509,0.367132849387643,-0.13105558358465,3,"CA",30000,2016,"donor_3","IN"
0.0192741690501872,0.0166819426872084,0.359867897176815,0.354398515808807,-0.130427824967509,0.367132849387643,-0.13105558358465,3,"CA",30000,2016,"donor_1","CO"
0.0192741690501872,0.0166819426872084,0.359867897176815,0.354398515808807,-0.130427824967509,0.367132849387643,-0.13105558358465,3,"CA",30000,2016,"donor_2","IN"
0.0192741690501872,0.0166819426872084,0.359867897176815,0.354398515808807,-0.130427824967509,0.367132849387643,-0.13105558358465,3,"CA",30000,2016,"donor_3","OH"
0.0192741690501872,0.0166819426872084,0.359867897176815,0.354398515808807,-0.130427824967509,0.367132849387643,-0.13105558358465,3,"CA",30000,2016,"donor_1","IN"
0.0192741690501872,0.0166819426872084,0.359867897176815,0.354398515808807,-0.130427824967509,0.367132849387643,-0.13105558358465,3,"CA",30000,2016,"donor_2","OH"
0.0192741690501872,0.0166819426872084,0.359867897176815,0.354398515808807,-0.130427824967509,0.367132849387643,-0.13105558358465,3,"CA",30000,2016,"donor_3","CO"
0.0192741690501872,0.0166819426872084,0.359867897176815,0.354398515808807,-0.130427824967509,0.367132849387643,-0.13105558358465,3,"CA",30000,2016,"donor_1","IN"
0.0192741690501872,0.0166819426872084,0.359867897176815,0.354398515808807,-0.130427824967509,0.367132849387643,-0.13105558358465,3,"CA",30000,2016,"donor_2","CO"
0.0192741690501872,0.0166819426872084,0.359867897176815,0.354398515808807,-0.130427824967509,0.367132849387643,-0.13105558358465,3,"CA",30000,2016,"donor_3","OH"
0.0192741690501872,0.0166819426872084,0.359867897176815,0.354398515808807,-0.130427824967509,0.367132849387643,-0.13105558358465,3,"CA",30000,2016,"donor_1","IN"
0.0192741690501872,0.0166819426872084,0.359867897176815,0.354398515808807,-0.130427824967509,0.367132849387643,-0.13105558358465,3,"CA",30000,2016,"donor_2","OH"
0.0192741690501872,0.0166819426872084,0.359867897176815,0.354398515808807,-0.130427824967509,0.367132849387643,-0.13105558358465,3,"CA",30000,2016,"donor_3","CO"
0.0192741690501872,0.0166819426872084,0.359867897176815,0.354398515808807,-0.130427824967509,0.367132849387643,-0.13105558358465,3,"CA",30000,2016,"donor_1","IN"
0.0192741690501872,0.0166819426872084,0.359867897176815,0.354398515808807,-0.130427824967509,0.367132849387643,-0.13105558358465,3,"CA",30000,2016,"donor_2","CO"
0.0192741690501872,0.0166819426872084,0.359867897176815,0.354398515808807,-0.130427824967509,0.367132849387643,-0.13105558358465,3,"CA",30000,2016,"donor_3","OH"
0.435439344404654,0.020654916380903,0.134122333876342,0.424941075631841,-0.166621543136367,0.127388914029411,-0.165775545026094,3,"CA",30000,2016,"donor_1","OH"
0.435439344404654,0.020654916380903,0.134122333876342,0.424941075631841,-0.166621543136367,0.127388914029411,-0.165775545026094,3,"CA",30000,2016,"donor_2","NC"
0.435439344404654,0.020654916380903,0.134122333876342,0.424941075631841,-0.166621543136367,0.127388914029411,-0.165775545026094,3,"CA",30000,2016,"donor_3","CO"
0.435439344404654,0.020654916380903,0.134122333876342,0.424941075631841,-0.166621543136367,0.127388914029411,-0.165775545026094,3,"CA",30000,2016,"donor_1","NC"
0.435439344404654,0.020654916380903,0.134122333876342,0.424941075631841,-0.166621543136367,0.127388914029411,-0.165775545026094,3,"CA",30000,2016,"donor_2","OH"
0.435439344404654,0.020654916380903,0.134122333876342,0.424941075631841,-0.166621543136367,0.127388914029411,-0.165775545026094,3,"CA",30000,2016,"donor_3","CO"
0.435439344404654,0.020654916380903,0.134122333876342,0.424941075631841,-0.166621543136367,0.127388914029411,-0.165775545026094,3,"CA",30000,2016,"donor_1","NC"
0.435439344404654,0.020654916380903,0.134122333876342,0.424941075631841,-0.166621543136367,0.127388914029411,-0.165775545026094,3,"CA",30000,2016,"donor_2","CO"
0.435439344404654,0.020654916380903,0.134122333876342,0.424941075631841,-0.166621543136367,0.127388914029411,-0.165775545026094,3,"CA",30000,2016,"donor_3","OH"
0.435439344404654,0.020654916380903,0.134122333876342,0.424941075631841,-0.166621543136367,0.127388914029411,-0.165775545026094,3,"CA",30000,2016,"donor_1","OH"
0.435439344404654,0.020654916380903,0.134122333876342,0.424941075631841,-0.166621543136367,0.127388914029411,-0.165775545026094,3,"CA",30000,2016,"donor_2","NC"
0.435439344404654,0.020654916380903,0.134122333876342,0.424941075631841,-0.166621543136367,0.127388914029411,-0.165775545026094,3,"CA",30000,2016,"donor_3","CO"
0.435439344404654,0.020654916380903,0.134122333876342,0.424941075631841,-0.166621543136367,0.127388914029411,-0.165775545026094,3,"CA",30000,2016,"donor_1","NC"
0.435439344404654,0.020654916380903,0.134122333876342,0.424941075631841,-0.166621543136367,0.127388914029411,-0.165775545026094,3,"CA",30000,2016,"donor_2","OH"
0.435439344404654,0.020654916380903,0.134122333876342,0.424941075631841,-0.166621543136367,0.127388914029411,-0.165775545026094,3,"CA",30000,2016,"donor_3","CO"
0.435439344404654,0.020654916380903,0.134122333876342,0.424941075631841,-0.166621543136367,0.127388914029411,-0.165775545026094,3,"CA",30000,2016,"donor_1","OH"
0.435439344404654,0.020654916380903,0.134122333876342,0.424941075631841,-0.166621543136367,0.127388914029411,-0.165775545026094,3,"CA",30000,2016,"donor_2","NC"
0.435439344404654,0.020654916380903,0.134122333876342,0.424941075631841,-0.166621543136367,0.127388914029411,-0.165775545026094,3,"CA",30000,2016,"donor_3","CO"
0.435439344404657,0.020654916380903,0.134122333876342,0.424941075631841,-0.166621543136367,0.127388914029411,-0.165775545026094,3,"CA",30000,2016,"donor_1","OH"
0.435439344404657,0.020654916380903,0.134122333876342,0.424941075631841,-0.166621543136367,0.127388914029411,-0.165775545026094,3,"CA",30000,2016,"donor_2","CO"
0.435439344404657,0.020654916380903,0.134122333876342,0.424941075631841,-0.166621543136367,0.127388914029411,-0.165775545026094,3,"CA",30000,2016,"donor_3","NC"
0.435439344404657,0.020654916380903,0.134122333876342,0.424941075631841,-0.166621543136367,0.127388914029411,-0.165775545026094,3,"CA",30000,2016,"donor_1","CO"
0.435439344404657,0.020654916380903,0.134122333876342,0.424941075631841,-0.166621543136367,0.127388914029411,-0.165775545026094,3,"CA",30000,2016,"donor_2","OH"
0.435439344404657,0.020654916380903,0.134122333876342,0.424941075631841,-0.166621543136367,0.127388914029411,-0.165775545026094,3,"CA",30000,2016,"donor_3","NC"
0.435439344404657,0.020654916380903,0.134122333876342,0.424941075631841,-0.166621543136367,0.127388914029411,-0.165775545026094,3,"CA",30000,2016,"donor_1","CO"
0.435439344404657,0.020654916380903,0.134122333876342,0.424941075631841,-0.166621543136367,0.127388914029411,-0.165775545026094,3,"CA",30000,2016,"donor_2","OH"
0.435439344404657,0.020654916380903,0.134122333876342,0.424941075631841,-0.166621543136367,0.127388914029411,-0.165775545026094,3,"CA",30000,2016,"donor_3","NC"
0.435439344404657,0.020654916380903,0.134122333876342,0.424941075631841,-0.166621543136367,0.127388914029411,-0.165775545026094,3,"CA",30000,2016,"donor_1","CO"
0.435439344404657,0.020654916380903,0.134122333876342,0.424941075631841,-0.166621543136367,0.127388914029411,-0.165775545026094,3,"CA",30000,2016,"donor_2","OH"
0.435439344404657,0.020654916380903,0.134122333876342,0.424941075631841,-0.166621543136367,0.127388914029411,-0.165775545026094,3,"CA",30000,2016,"donor_3","NC"
0.470067098803738,0.0212976346983186,0.178837484329968,0.408822395675203,-0.0999041904629095,0.184195456178561,-0.100520771922125,3,"CA",30000,2016,"donor_1","WI"
0.470067098803738,0.0212976346983186,0.178837484329968,0.408822395675203,-0.0999041904629095,0.184195456178561,-0.100520771922125,3,"CA",30000,2016,"donor_2","CO"
0.470067098803738,0.0212976346983186,0.178837484329968,0.408822395675203,-0.0999041904629095,0.184195456178561,-0.100520771922125,3,"CA",30000,2016,"donor_3","OH"
0.470067098803738,0.0212976346983186,0.178837484329968,0.408822395675203,-0.0999041904629095,0.184195456178561,-0.100520771922125,3,"CA",30000,2016,"donor_1","CO"
0.470067098803738,0.0212976346983186,0.178837484329968,0.408822395675203,-0.0999041904629095,0.184195456178561,-0.100520771922125,3,"CA",30000,2016,"donor_2","WI"
0.470067098803738,0.0212976346983186,0.178837484329968,0.408822395675203,-0.0999041904629095,0.184195456178561,-0.100520771922125,3,"CA",30000,2016,"donor_3","OH"
0.470067098803739,0.0212976346983186,0.178837484329968,0.408822395675203,-0.0999041904629095,0.184195456178561,-0.100520771922125,3,"CA",30000,2016,"donor_1","OH"
0.470067098803739,0.0212976346983186,0.178837484329968,0.408822395675203,-0.0999041904629095,0.184195456178561,-0.100520771922125,3,"CA",30000,2016,"donor_2","CO"
0.470067098803739,0.0212976346983186,0.178837484329968,0.408822395675203,-0.0999041904629095,0.184195456178561,-0.100520771922125,3,"CA",30000,2016,"donor_3","WI"
0.470067098803738,0.0212976346983186,0.178837484329968,0.408822395675203,-0.0999041904629095,0.184195456178561,-0.100520771922125,3,"CA",30000,2016,"donor_1","CO"
0.470067098803738,0.0212976346983186,0.178837484329968,0.408822395675203,-0.0999041904629095,0.184195456178561,-0.100520771922125,3,"CA",30000,2016,"donor_2","WI"
0.470067098803738,0.0212976346983186,0.178837484329968,0.408822395675203,-0.0999041904629095,0.184195456178561,-0.100520771922125,3,"CA",30000,2016,"donor_3","OH"
0.470067098803739,0.0212976346983186,0.178837484329968,0.408822395675203,-0.0999041904629095,0.184195456178561,-0.100520771922125,3,"CA",30000,2016,"donor_1","CO"
0.470067098803739,0.0212976346983186,0.178837484329968,0.408822395675203,-0.0999041904629095,0.184195456178561,-0.100520771922125,3,"CA",30000,2016,"donor_2","OH"
0.470067098803739,0.0212976346983186,0.178837484329968,0.408822395675203,-0.0999041904629095,0.184195456178561,-0.100520771922125,3,"CA",30000,2016,"donor_3","WI"
0.470067098803737,0.0212976346983188,0.178837484329968,0.408822395675203,-0.0999041904629095,0.184195456178561,-0.100520771922125,3,"CA",30000,2016,"donor_1","OH"
0.470067098803737,0.0212976346983188,0.178837484329968,0.408822395675203,-0.0999041904629095,0.184195456178561,-0.100520771922125,3,"CA",30000,2016,"donor_2","WI"
0.470067098803737,0.0212976346983188,0.178837484329968,0.408822395675203,-0.0999041904629095,0.184195456178561,-0.100520771922125,3,"CA",30000,2016,"donor_3","CO"
0.470067098803737,0.0212976346983188,0.178837484329968,0.408822395675203,-0.0999041904629095,0.184195456178561,-0.100520771922125,3,"CA",30000,2016,"donor_1","OH"
0.470067098803737,0.0212976346983188,0.178837484329968,0.408822395675203,-0.0999041904629095,0.184195456178561,-0.100520771922125,3,"CA",30000,2016,"donor_2","WI"
0.470067098803737,0.0212976346983188,0.178837484329968,0.408822395675203,-0.0999041904629095,0.184195456178561,-0.100520771922125,3,"CA",30000,2016,"donor_3","CO"
0.5789585676306,0.0758670084917039,-0.196619760940498,0.952528958068494,-0.150513426625214,-0.193963331435554,-0.151141270525426,2,"VT",20000,2014,"donor_1","NM"
0.5789585676306,0.0758670084917039,-0.196619760940498,0.952528958068494,-0.150513426625214,-0.193963331435554,-0.151141270525426,2,"VT",20000,2014,"donor_2","CO"
0.5789585676306,0.0758670084917039,-0.196619760940498,0.952528958068494,-0.150513426625214,-0.193963331435554,-0.151141270525426,2,"VT",20000,2014,"donor_1","NM"
0.5789585676306,0.0758670084917039,-0.196619760940498,0.952528958068494,-0.150513426625214,-0.193963331435554,-0.151141270525426,2,"VT",20000,2014,"donor_2","CO"
0.5789585676306,0.0758670084917039,-0.196619760940498,0.952528958068494,-0.150513426625214,-0.193963331435554,-0.151141270525426,2,"VT",20000,2014,"donor_1","CO"
0.5789585676306,0.0758670084917039,-0.196619760940498,0.952528958068494,-0.150513426625214,-0.193963331435554,-0.151141270525426,2,"VT",20000,2014,"donor_2","NM"
0.5789585676306,0.0758670084917039,-0.196619760940498,0.952528958068494,-0.150513426625214,-0.193963331435554,-0.151141270525426,2,"VT",20000,2014,"donor_1","CO"
0.5789585676306,0.0758670084917039,-0.196619760940498,0.952528958068494,-0.150513426625214,-0.193963331435554,-0.151141270525426,2,"VT",20000,2014,"donor_2","NM"
0.5789585676306,0.0758670084917039,-0.196619760940498,0.952528958068494,-0.150513426625214,-0.193963331435554,-0.151141270525426,2,"VT",20000,2014,"donor_1","NM"
0.5789585676306,0.0758670084917039,-0.196619760940498,0.952528958068494,-0.150513426625214,-0.193963331435554,-0.151141270525426,2,"VT",20000,2014,"donor_2","CO"
0.5789585676306,0.0758670084917039,-0.196619760940498,0.952528958068494,-0.150513426625214,-0.193963331435554,-0.151141270525426,2,"VT",20000,2014,"donor_1","NM"
0.5789585676306,0.0758670084917039,-0.196619760940498,0.952528958068494,-0.150513426625214,-0.193963331435554,-0.151141270525426,2,"VT",20000,2014,"donor_2","CO"
0.5789585676306,0.0758670084917039,-0.196619760940498,0.952528958068494,-0.150513426625214,-0.193963331435554,-0.151141270525426,2,"VT",20000,2014,"donor_1","NM"
0.5789585676306,0.0758670084917039,-0.196619760940498,0.952528958068494,-0.150513426625214,-0.193963331435554,-0.151141270525426,2,"VT",20000,2014,"donor_2","CO"
0.5789585676306,0.0758670084917039,-0.196619760940498,0.952528958068494,-0.150513426625214,-0.193963331435554,-0.151141270525426,2,"VT",20000,2014,"donor_1","CO"
0.5789585676306,0.0758670084917039,-0.196619760940498,0.952528958068494,-0.150513426625214,-0.193963331435554,-0.151141270525426,2,"VT",20000,2014,"donor_2","NM"
0.5789585676306,0.0758670084917039,-0.196619760940498,0.952528958068494,-0.150513426625214,-0.193963331435554,-0.151141270525426,2,"VT",20000,2014,"donor_1","CO"
0.5789585676306,0.0758670084917039,-0.196619760940498,0.952528958068494,-0.150513426625214,-0.193963331435554,-0.151141270525426,2,"VT",20000,2014,"donor_2","NM"
0.5789585676306,0.0758670084917039,-0.196619760940498,0.952528958068494,-0.150513426625214,-0.193963331435554,-0.151141270525426,2,"VT",20000,2014,"donor_1","NM"
0.5789585676306,0.0758670084917039,-0.196619760940498,0.952528958068494,-0.150513426625214,-0.193963331435554,-0.151141270525426,2,"VT",20000,2014,"donor_2","CO"
0.5789585676306,0.0758670084917039,-0.196619760940498,0.952528958068494,-0.150513426625214,-0.193963331435554,-0.151141270525426,2,"VT",20000,2014,"donor_1","CO"
0.5789585676306,0.0758670084917039,-0.196619760940498,0.952528958068494,-0.150513426625214,-0.193963331435554,-0.151141270525426,2,"VT",20000,2014,"donor_2","NM"
0.5789585676306,0.0758670084917039,-0.196619760940498,0.952528958068494,-0.150513426625214,-0.193963331435554,-0.151141270525426,2,"VT",20000,2014,"donor_1","NM"
0.5789585676306,0.0758670084917039,-0.196619760940498,0.952528958068494,-0.150513426625214,-0.193963331435554,-0.151141270525426,2,"VT",20000,2014,"donor_2","CO"
0.5789585676306,0.0758670084917039,-0.196619760940498,0.952528958068494,-0.150513426625214,-0.193963331435554,-0.151141270525426,2,"VT",20000,2014,"donor_1","CO"
0.5789585676306,0.0758670084917039,-0.196619760940498,0.952528958068494,-0.150513426625214,-0.193963331435554,-0.151141270525426,2,"VT",20000,2014,"donor_2","NM"
0.5789585676306,0.0758670084917039,-0.196619760940498,0.952528958068494,-0.150513426625214,-0.193963331435554,-0.151141270525426,2,"VT",20000,2014,"donor_1","CO"
0.5789585676306,0.0758670084917039,-0.196619760940498,0.952528958068494,-0.150513426625214,-0.193963331435554,-0.151141270525426,2,"VT",20000,2014,"donor_2","NM"
0.5789585676306,0.0758670084917039,-0.196619760940498,0.952528958068494,-0.150513426625214,-0.193963331435554,-0.151141270525426,2,"VT",20000,2014,"donor_1","CO"
0.5789585676306,0.0758670084917039,-0.196619760940498,0.952528958068494,-0.150513426625214,-0.193963331435554,-0.151141270525426,2,"VT",20000,2014,"donor_2","NM"
0.5789585676306,0.0758670084917039,-0.196619760940498,0.952528958068494,-0.150513426625214,-0.193963331435554,-0.151141270525426,2,"VT",20000,2014,"donor_1","NM"
0.5789585676306,0.0758670084917039,-0.196619760940498,0.952528958068494,-0.150513426625214,-0.193963331435554,-0.151141270525426,2,"VT",20000,2014,"donor_2","CO"
0.5789585676306,0.0758670084917039,-0.196619760940498,0.952528958068494,-0.150513426625214,-0.193963331435554,-0.151141270525426,2,"VT",20000,2014,"donor_1","CO"
0.5789585676306,0.0758670084917039,-0.196619760940498,0.952528958068494,-0.150513426625214,-0.193963331435554,-0.151141270525426,2,"VT",20000,2014,"donor_2","NM"
0.5789585676306,0.0758670084917039,-0.196619760940498,0.952528958068494,-0.150513426625214,-0.193963331435554,-0.151141270525426,2,"VT",20000,2014,"donor_1","NM"
0.5789585676306,0.0758670084917039,-0.196619760940498,0.952528958068494,-0.150513426625214,-0.193963331435554,-0.151141270525426,2,"VT",20000,2014,"donor_2","CO"
0.5789585676306,0.0758670084917039,-0.196619760940498,0.952528958068494,-0.150513426625214,-0.193963331435554,-0.151141270525426,2,"VT",20000,2014,"donor_1","NM"
0.5789585676306,0.0758670084917039,-0.196619760940498,0.952528958068494,-0.150513426625214,-0.193963331435554,-0.151141270525426,2,"VT",20000,2014,"donor_2","CO"
0.5789585676306,0.0758670084917039,-0.196619760940498,0.952528958068494,-0.150513426625214,-0.193963331435554,-0.151141270525426,2,"VT",20000,2014,"donor_1","NM"
0.5789585676306,0.0758670084917039,-0.196619760940498,0.952528958068494,-0.150513426625214,-0.193963331435554,-0.151141270525426,2,"VT",20000,2014,"donor_2","CO"
0.5789585676306,0.0758670084917039,-0.196619760940498,0.952528958068494,-0.150513426625214,-0.193963331435554,-0.151141270525426,2,"VT",20000,2014,"donor_1","NM"
0.5789585676306,0.0758670084917039,-0.196619760940498,0.952528958068494,-0.150513426625214,-0.193963331435554,-0.151141270525426,2,"VT",20000,2014,"donor_2","CO"
0.5789585676306,0.0758670084917039,-0.196619760940498,0.952528958068494,-0.150513426625214,-0.193963331435554,-0.151141270525426,2,"VT",20000,2014,"donor_1","NM"
0.5789585676306,0.0758670084917039,-0.196619760940498,0.952528958068494,-0.150513426625214,-0.193963331435554,-0.151141270525426,2,"VT",20000,2014,"donor_2","CO"
0.5789585676306,0.0758670084917039,-0.196619760940498,0.952528958068494,-0.150513426625214,-0.193963331435554,-0.151141270525426,2,"VT",20000,2014,"donor_1","CO"
0.5789585676306,0.0758670084917039,-0.196619760940498,0.952528958068494,-0.150513426625214,-0.193963331435554,-0.151141270525426,2,"VT",20000,2014,"donor_2","NM"
0.5789585676306,0.0758670084917039,-0.196619760940498,0.952528958068494,-0.150513426625214,-0.193963331435554,-0.151141270525426,2,"VT",20000,2014,"donor_1","CO"
0.5789585676306,0.0758670084917039,-0.196619760940498,0.952528958068494,-0.150513426625214,-0.193963331435554,-0.151141270525426,2,"VT",20000,2014,"donor_2","NM"
0.5789585676306,0.0758670084917039,-0.196619760940498,0.952528958068494,-0.150513426625214,-0.193963331435554,-0.151141270525426,2,"VT",20000,2014,"donor_1","NM"
0.5789585676306,0.0758670084917039,-0.196619760940498,0.952528958068494,-0.150513426625214,-0.193963331435554,-0.151141270525426,2,"VT",20000,2014,"donor_2","CO"
0.5789585676306,0.0758670084917039,-0.196619760940498,0.952528958068494,-0.150513426625214,-0.193963331435554,-0.151141270525426,2,"VT",20000,2014,"donor_1","CO"
0.5789585676306,0.0758670084917039,-0.196619760940498,0.952528958068494,-0.150513426625214,-0.193963331435554,-0.151141270525426,2,"VT",20000,2014,"donor_2","NM"
0.5789585676306,0.0758670084917039,-0.196619760940498,0.952528958068494,-0.150513426625214,-0.193963331435554,-0.151141270525426,2,"VT",20000,2014,"donor_1","CO"
0.5789585676306,0.0758670084917039,-0.196619760940498,0.952528958068494,-0.150513426625214,-0.193963331435554,-0.151141270525426,2,"VT",20000,2014,"donor_2","NM"
0.5789585676306,0.0758670084917039,-0.196619760940498,0.952528958068494,-0.150513426625214,-0.193963331435554,-0.151141270525426,2,"VT",20000,2014,"donor_1","CO"
0.5789585676306,0.0758670084917039,-0.196619760940498,0.952528958068494,-0.150513426625214,-0.193963331435554,-0.151141270525426,2,"VT",20000,2014,"donor_2","NM"
0.5789585676306,0.0758670084917039,-0.196619760940498,0.952528958068494,-0.150513426625214,-0.193963331435554,-0.151141270525426,2,"VT",20000,2014,"donor_1","NM"
0.5789585676306,0.0758670084917039,-0.196619760940498,0.952528958068494,-0.150513426625214,-0.193963331435554,-0.151141270525426,2,"VT",20000,2014,"donor_2","CO"
0.5789585676306,0.0758670084917039,-0.196619760940498,0.952528958068494,-0.150513426625214,-0.193963331435554,-0.151141270525426,2,"VT",20000,2014,"donor_1","CO"
0.5789585676306,0.0758670084917039,-0.196619760940498,0.952528958068494,-0.150513426625214,-0.193963331435554,-0.151141270525426,2,"VT",20000,2014,"donor_2","NM"
0.5789585676306,0.0758670084917039,-0.196619760940498,0.952528958068494,-0.150513426625214,-0.193963331435554,-0.151141270525426,2,"VT",20000,2014,"donor_1","NM"
0.5789585676306,0.0758670084917039,-0.196619760940498,0.952528958068494,-0.150513426625214,-0.193963331435554,-0.151141270525426,2,"VT",20000,2014,"donor_2","CO"
0.5789585676306,0.0758670084917039,-0.196619760940498,0.952528958068494,-0.150513426625214,-0.193963331435554,-0.151141270525426,2,"VT",20000,2014,"donor_1","NM"
0.5789585676306,0.0758670084917039,-0.196619760940498,0.952528958068494,-0.150513426625214,-0.193963331435554,-0.151141270525426,2,"VT",20000,2014,"donor_2","CO"
0.5789585676306,0.0758670084917039,-0.196619760940498,0.952528958068494,-0.150513426625214,-0.193963331435554,-0.151141270525426,2,"VT",20000,2014,"donor_1","CO"
0.5789585676306,0.0758670084917039,-0.196619760940498,0.952528958068494,-0.150513426625214,-0.193963331435554,-0.151141270525426,2,"VT",20000,2014,"donor_2","NM"
0.5789585676306,0.0758670084917039,-0.196619760940498,0.952528958068494,-0.150513426625214,-0.193963331435554,-0.151141270525426,2,"VT",20000,2014,"donor_1","NM"
0.5789585676306,0.0758670084917039,-0.196619760940498,0.952528958068494,-0.150513426625214,-0.193963331435554,-0.151141270525426,2,"VT",20000,2014,"donor_2","CO"
0.5789585676306,0.0758670084917039,-0.196619760940498,0.952528958068494,-0.150513426625214,-0.193963331435554,-0.151141270525426,2,"VT",20000,2014,"donor_1","CO"
0.5789585676306,0.0758670084917039,-0.196619760940498,0.952528958068494,-0.150513426625214,-0.193963331435554,-0.151141270525426,2,"VT",20000,2014,"donor_2","NM"
0.5789585676306,0.0758670084917039,-0.196619760940498,0.952528958068494,-0.150513426625214,-0.193963331435554,-0.151141270525426,2,"VT",20000,2014,"donor_1","NM"
0.5789585676306,0.0758670084917039,-0.196619760940498,0.952528958068494,-0.150513426625214,-0.193963331435554,-0.151141270525426,2,"VT",20000,2014,"donor_2","CO"
0.5789585676306,0.0758670084917039,-0.196619760940498,0.952528958068494,-0.150513426625214,-0.193963331435554,-0.151141270525426,2,"VT",20000,2014,"donor_1","NM"
0.5789585676306,0.0758670084917039,-0.196619760940498,0.952528958068494,-0.150513426625214,-0.193963331435554,-0.151141270525426,2,"VT",20000,2014,"donor_2","CO"
0.5789585676306,0.0758670084917039,-0.196619760940498,0.952528958068494,-0.150513426625214,-0.193963331435554,-0.151141270525426,2,"VT",20000,2014,"donor_1","NM"
0.5789585676306,0.0758670084917039,-0.196619760940498,0.952528958068494,-0.150513426625214,-0.193963331435554,-0.151141270525426,2,"VT",20000,2014,"donor_2","CO"
0.5789585676306,0.0758670084917039,-0.196619760940498,0.952528958068494,-0.150513426625214,-0.193963331435554,-0.151141270525426,2,"VT",20000,2014,"donor_1","NM"
0.5789585676306,0.0758670084917039,-0.196619760940498,0.952528958068494,-0.150513426625214,-0.193963331435554,-0.151141270525426,2,"VT",20000,2014,"donor_2","CO"
0.5789585676306,0.0758670084917039,-0.196619760940498,0.952528958068494,-0.150513426625214,-0.193963331435554,-0.151141270525426,2,"VT",20000,2014,"donor_1","NM"
0.5789585676306,0.0758670084917039,-0.196619760940498,0.952528958068494,-0.150513426625214,-0.193963331435554,-0.151141270525426,2,"VT",20000,2014,"donor_2","CO"
0.5789585676306,0.0758670084917039,-0.196619760940498,0.952528958068494,-0.150513426625214,-0.193963331435554,-0.151141270525426,2,"VT",20000,2014,"donor_1","NM"
0.5789585676306,0.0758670084917039,-0.196619760940498,0.952528958068494,-0.150513426625214,-0.193963331435554,-0.151141270525426,2,"VT",20000,2014,"donor_2","CO"
0.5789585676306,0.0758670084917039,-0.196619760940498,0.952528958068494,-0.150513426625214,-0.193963331435554,-0.151141270525426,2,"VT",20000,2014,"donor_1","NM"
0.5789585676306,0.0758670084917039,-0.196619760940498,0.952528958068494,-0.150513426625214,-0.193963331435554,-0.151141270525426,2,"VT",20000,2014,"donor_2","CO"
0.5789585676306,0.0758670084917039,-0.196619760940498,0.952528958068494,-0.150513426625214,-0.193963331435554,-0.151141270525426,2,"VT",20000,2014,"donor_1","CO"
0.5789585676306,0.0758670084917039,-0.196619760940498,0.952528958068494,-0.150513426625214,-0.193963331435554,-0.151141270525426,2,"VT",20000,2014,"donor_2","NM"
0.5789585676306,0.0758670084917039,-0.196619760940498,0.952528958068494,-0.150513426625214,-0.193963331435554,-0.151141270525426,2,"VT",20000,2014,"donor_1","NM"
0.5789585676306,0.0758670084917039,-0.196619760940498,0.952528958068494,-0.150513426625214,-0.193963331435554,-0.151141270525426,2,"VT",20000,2014,"donor_2","CO"
0.5789585676306,0.0758670084917039,-0.196619760940498,0.952528958068494,-0.150513426625214,-0.193963331435554,-0.151141270525426,2,"VT",20000,2014,"donor_1","NM"
0.5789585676306,0.0758670084917039,-0.196619760940498,0.952528958068494,-0.150513426625214,-0.193963331435554,-0.151141270525426,2,"VT",20000,2014,"donor_2","CO"
0.5789585676306,0.0758670084917039,-0.196619760940498,0.952528958068494,-0.150513426625214,-0.193963331435554,-0.151141270525426,2,"VT",20000,2014,"donor_1","CO"
0.5789585676306,0.0758670084917039,-0.196619760940498,0.952528958068494,-0.150513426625214,-0.193963331435554,-0.151141270525426,2,"VT",20000,2014,"donor_2","NM"
0.5789585676306,0.0758670084917039,-0.196619760940498,0.952528958068494,-0.150513426625214,-0.193963331435554,-0.151141270525426,2,"VT",20000,2014,"donor_1","CO"
0.5789585676306,0.0758670084917039,-0.196619760940498,0.952528958068494,-0.150513426625214,-0.193963331435554,-0.151141270525426,2,"VT",20000,2014,"donor_2","NM"
0.5789585676306,0.0758670084917039,-0.196619760940498,0.952528958068494,-0.150513426625214,-0.193963331435554,-0.151141270525426,2,"VT",20000,2014,"donor_1","CO"
0.5789585676306,0.0758670084917039,-0.196619760940498,0.952528958068494,-0.150513426625214,-0.193963331435554,-0.151141270525426,2,"VT",20000,2014,"donor_2","NM"
0.5789585676306,0.0758670084917039,-0.196619760940498,0.952528958068494,-0.150513426625214,-0.193963331435554,-0.151141270525426,2,"VT",20000,2014,"donor_1","CO"
0.5789585676306,0.0758670084917039,-0.196619760940498,0.952528958068494,-0.150513426625214,-0.193963331435554,-0.151141270525426,2,"VT",20000,2014,"donor_2","NM"
0.5789585676306,0.0758670084917039,-0.196619760940498,0.952528958068494,-0.150513426625214,-0.193963331435554,-0.151141270525426,2,"VT",20000,2014,"donor_1","CO"
0.5789585676306,0.0758670084917039,-0.196619760940498,0.952528958068494,-0.150513426625214,-0.193963331435554,-0.151141270525426,2,"VT",20000,2014,"donor_2","NM"
