"sample_size","county_id","ban_year","att","rsq","mape","attempt"
3,"boulderM2",2016,0.288018842411747,0.0317946349505257,0.38643355744947,1
3,"seattleM1",2015,0.0618863950796099,0.738959313529671,1.15204144855664e-05,1
4,"boulderM2",2016,0.175973233598422,0.0642184476388676,0.394628895008412,1
4,"seattleM1",2015,-0.216652722976898,0.103248085640124,2.35208103677169e-05,1
5,"boulderM2",2016,0.40581758784141,0.0156950639889958,0.496241106877323,1
5,"seattleM1",2015,0.0887091309002667,0.237274483312404,7.96116512937802e-05,1
6,"boulderM2",2016,0.5838977070835,0.0825954490879116,0.476383256004171,1
6,"seattleM1",2015,-0.0609596735278647,0.0949212154241164,8.69266267354669e-05,1
7,"boulderM2",2016,0.555026001663525,0.195045421626954,0.478761023883186,1
7,"seattleM1",2015,0.0656184508015988,0.171564569866059,0.000102399153825633,1
8,"boulderM2",2016,0.500439849113225,0.00889682479526122,0.496516794766286,1
8,"seattleM1",2015,0.17437101837213,0.0961317847531252,5.50302916072837e-05,1
9,"boulderM2",2016,0.540336258536341,0.0386531336174264,0.504384140689098,1
9,"seattleM1",2015,0.0375666480107112,0.775437381610244,2.7837087224805e-06,1
10,"boulderM2",2016,0.460877907475446,0.0338572328376787,0.511837320171621,1
10,"seattleM1",2015,0.0712496309289584,0.601528329409111,1.44333531220303e-05,1
3,"boulderM2",2016,0.537045992622501,0.0131068431086357,0.426131054140827,2
3,"seattleM1",2015,0.0474760856089138,0.797912960688104,1.26479377431107e-05,2
4,"boulderM2",2016,0.446787865926195,0.000301961726362876,0.450955370242274,2
4,"seattleM1",2015,0.114486527668656,0.540512077575056,0.00015107526504102,2
5,"boulderM2",2016,0.437519411057658,0.271751682909532,0.431026057452636,2
5,"seattleM1",2015,0.146043311860555,0.521069877065773,1.11382682985871e-05,2
6,"boulderM2",2016,0.57192064277993,0.106055110211301,0.475504790707875,2
6,"seattleM1",2015,0.106556273830072,0.242703673100469,2.19336970760777e-05,2
7,"boulderM2",2016,0.398666224777782,0.024910058348354,0.489500686052989,2
7,"seattleM1",2015,0.161188787377937,0.877275212802747,4.21462493843698e-06,2
8,"boulderM2",2016,0.538291261307147,0.12061921418581,0.485140082625053,2
8,"seattleM1",2015,0.200124592076476,0.0142445441613906,0.000243332716686625,2
9,"boulderM2",2016,0.554810104069578,0.10849210306061,0.483369896967123,2
9,"seattleM1",2015,0.0767697962813965,0.769746713912815,3.81075412660344e-05,2
10,"boulderM2",2016,0.430944467198084,0.0768257522165259,0.513618393207813,2
10,"seattleM1",2015,0.0564308474483338,0.301628572403,4.98282575815158e-05,2
3,"boulderM2",2016,0.413473135585358,0.157934202382591,0.419762666016655,3
3,"seattleM1",2015,0.167206750351351,0.557018239138325,1.86133748272323e-05,3
4,"boulderM2",2016,0.522370115103357,0.197429062432823,0.486785854623432,3
4,"seattleM1",2015,0.120391870768778,0.84358714990522,4.84707278917318e-05,3
5,"boulderM2",2016,0.50596385815671,0.0880811119221319,0.463720362084795,3
5,"seattleM1",2015,0.100700106465968,0.653153450873884,0.000130176315739645,3
6,"boulderM2",2016,0.608199743926609,0.0381884808423436,0.468482490040236,3
6,"seattleM1",2015,0.123300273852634,0.408455259859082,9.19737384849841e-05,3
7,"boulderM2",2016,0.445357978654867,0.12654833465112,0.493918553072317,3
7,"seattleM1",2015,0.000351055211113467,0.794715324527493,1.35439165785859e-05,3
8,"boulderM2",2016,0.417035683950792,0.0659105622872684,0.486152723766505,3
8,"seattleM1",2015,0.0760895569981274,0.402062582725629,5.32473774751243e-05,3
9,"boulderM2",2016,0.550341033903146,0.0855661035976937,0.48830966373886,3
9,"seattleM1",2015,0.144109244068667,0.836364351155478,7.46323975109223e-06,3
10,"boulderM2",2016,0.48713331003948,0.00930318136288222,0.493601558645493,3
10,"seattleM1",2015,0.0605514884865066,0.924366963800725,9.99172170291816e-08,3
3,"boulderM2",2016,0.465453397265979,0.076247197773977,0.424640517957649,4
3,"seattleM1",2015,0.13810167528939,0.184414584814642,0.000157360742257951,4
4,"boulderM2",2016,0.365958703872553,0.118107694558713,0.406012091293967,4
4,"seattleM1",2015,0.134903310468933,0.360503280699538,0.000163708719836093,4
5,"boulderM2",2016,0.508234949903219,0.0397506277517,0.480468019130926,4
5,"seattleM1",2015,0.164864348716759,0.846540152844063,1.42182038154719e-05,4
6,"boulderM2",2016,0.45890000323769,0.0342466415850564,0.473602336033462,4
6,"seattleM1",2015,0.100051643602943,0.424196799416483,8.83086373746884e-05,4
7,"boulderM2",2016,0.496123203040777,0.0728146217019375,0.486712728901995,4
7,"seattleM1",2015,0.10986535875597,0.492508645528199,1.82200618250766e-05,4
8,"boulderM2",2016,0.495944291820479,0.117575095357854,0.478618522136606,4
8,"seattleM1",2015,0.0686560882204731,0.153603904665154,1.84989869983059e-05,4
9,"boulderM2",2016,0.561440985697243,0.0760890523413962,0.480644224223613,4
9,"seattleM1",2015,0.014221533694716,0.807347044638644,1.29169316000389e-05,4
10,"boulderM2",2016,0.489703434253944,0.00379354495173745,0.488729494178784,4
10,"seattleM1",2015,0.00363368834890678,0.00977945119590551,1.17458554151405e-05,4
3,"boulderM2",2016,0.391792568902865,0.0259402845117397,0.408265090510445,5
3,"seattleM1",2015,0.053739298161568,0.822396951982667,1.76946566879928e-05,5
4,"boulderM2",2016,0.507095209811535,0.238812008263913,0.435292864690065,5
4,"seattleM1",2015,0.115236395210729,0.263324239168266,0.00011430571131041,5
5,"boulderM2",2016,0.455640917574191,0.153783318501961,0.474611529552738,5
5,"seattleM1",2015,0.163734707361354,0.0521485943309973,1.39762743693098e-05,5
6,"boulderM2",2016,0.463322601132474,0.174564047081889,0.480194314799784,5
6,"seattleM1",2015,0.12374676829708,0.518154657157925,1.37183131169983e-05,5
7,"boulderM2",2016,0.497661430682774,0.157760054365692,0.483741550397734,5
7,"seattleM1",2015,0.130111278282708,0.905123418892266,4.00452247449486e-05,5
8,"boulderM2",2016,0.443954370467425,0.115117177174937,0.490301392239962,5
8,"seattleM1",2015,0.146616341747579,0.379047581394171,3.94033767277948e-05,5
9,"boulderM2",2016,0.473921317061957,0.209223007054196,0.509674893213972,5
9,"seattleM1",2015,0.11303262873988,0.520833217105414,2.91703705480137e-05,5
10,"boulderM2",2016,0.406934842158643,0.015291307935376,0.52044040180994,5
10,"seattleM1",2015,0.0267753083806977,0.14911145121502,8.68442212087225e-06,5
3,"boulderM2",2016,0.463851590285669,0.0772300930037207,0.41231168196826,6
3,"seattleM1",2015,0.0708571628967268,0.778741407893532,3.73403564217372e-05,6
4,"boulderM2",2016,0.494054405864221,0.0758360746642841,0.455058458179906,6
4,"seattleM1",2015,0.16694329750518,0.620383503879851,1.65962182081306e-05,6
5,"boulderM2",2016,0.50232756003645,0.0811560923760019,0.424478514134182,6
5,"seattleM1",2015,0.182781244646594,0.10536823221,5.86171574916712e-05,6
6,"boulderM2",2016,0.431993527450702,0.0708871781736197,0.479637869032455,6
6,"seattleM1",2015,0.101404685235551,0.410708492449164,3.19633515424127e-05,6
7,"boulderM2",2016,0.457274311858222,0.0357233800167103,0.476647652566472,6
7,"seattleM1",2015,0.246470913669575,0.8325373919878,2.23523775258243e-05,6
8,"boulderM2",2016,0.458332357099181,0.0314342701122494,0.479625131174124,6
8,"seattleM1",2015,0.104873080161182,0.447784719261787,8.0533503691088e-05,6
9,"boulderM2",2016,0.450489506676343,0.0715528501028093,0.493212185311425,6
9,"seattleM1",2015,0.0815021582959435,0.230402637862473,3.13156278342734e-05,6
10,"boulderM2",2016,0.421229776949071,0.0798943233778807,0.490758377255907,6
10,"seattleM1",2015,0.150687998139942,0.532118876439692,5.37920873136242e-06,6
3,"boulderM2",2016,0.419467104852384,0.0653935664857962,0.416742978125019,7
3,"seattleM1",2015,0.0725669753656965,0.452105361569905,3.17281079198554e-05,7
4,"boulderM2",2016,0.38191426049891,0.0465278648149652,0.443584433296148,7
4,"seattleM1",2015,0.116680782330212,0.183475204875998,3.46210656045071e-05,7
5,"boulderM2",2016,0.596422717673549,0.0313505840281093,0.468607511764074,7
5,"seattleM1",2015,0.145227457276385,0.697053485541936,7.61360959126736e-05,7
6,"boulderM2",2016,0.448353929052534,0.0240915052051245,0.494087243527094,7
6,"seattleM1",2015,0.13806375526705,0.624073127879307,6.1928048201991e-05,7
7,"boulderM2",2016,0.498231263906346,0.00588620769952652,0.483623670886906,7
7,"seattleM1",2015,0.1246970496207,0.760516997021987,2.98406496937195e-05,7
8,"boulderM2",2016,0.542062167532369,0.161044242446881,0.493585561264263,7
8,"seattleM1",2015,0.139892920624605,0.635960859960751,1.58511202128057e-05,7
9,"boulderM2",2016,0.511219167812846,0.0073522052152093,0.494317442679303,7
9,"seattleM1",2015,0.121363801936568,0.458529040347542,9.64090899144884e-06,7
10,"boulderM2",2016,0.552277062003863,0.0152081150761315,0.504905776732771,7
10,"seattleM1",2015,0.190400172866652,0.157926678333463,3.42519333060211e-05,7
3,"boulderM2",2016,0.400284173326258,0.122660193016559,0.427487937894474,8
3,"seattleM1",2015,0.0210051985547834,0.188215892954371,0.000115483290101587,8
4,"boulderM2",2016,0.518600621347751,0.170426423905176,0.452128447521805,8
4,"seattleM1",2015,0.154758939319603,0.67389354145791,4.71026657261781e-05,8
5,"boulderM2",2016,0.333224889691275,0.0886822140087944,0.486490094339853,8
5,"seattleM1",2015,0.111347448009819,0.582014889538904,8.9187372125131e-05,8
6,"boulderM2",2016,0.568929711242837,0.0219778857760551,0.440859804243389,8
6,"seattleM1",2015,0.167031172554352,0.208465296358098,3.14110667685365e-05,8
7,"boulderM2",2016,0.386423401688073,0.0470996969693425,0.473609246241467,8
7,"seattleM1",2015,0.16257182272787,0.759020433575971,5.83747598662464e-05,8
8,"boulderM2",2016,0.422062451962608,0.102816578260329,0.495454347487373,8
8,"seattleM1",2015,0.0249609243351513,0.352416355783866,1.53912032341589e-05,8
9,"boulderM2",2016,0.419647846385227,0.0387405156928069,0.477715241565731,8
9,"seattleM1",2015,0.103850493829331,0.442147174095167,1.9714254502596e-05,8
10,"boulderM2",2016,0.519736321156155,0.0159897820755593,0.514074650608694,8
10,"seattleM1",2015,0.0605834335079934,0.806004043624463,1.07937006722242e-05,8
3,"boulderM2",2016,0.421124363054196,0.140762952594496,0.430720186439607,9
3,"seattleM1",2015,0.249283669179075,0.647678252678806,3.31987358558577e-06,9
4,"boulderM2",2016,0.389528806878993,0.214069473919699,0.431330259454154,9
4,"seattleM1",2015,0.12717433552699,0.384955973302031,0.000101373356583715,9
5,"boulderM2",2016,0.335459228402547,0.112295754155045,0.461348319816428,9
5,"seattleM1",2015,0.134417952954663,0.644581824584764,0.000114805047834245,9
6,"boulderM2",2016,0.438299020792073,0.0261658903225425,0.444846542343985,9
6,"seattleM1",2015,0.0722601196641237,0.343915208667362,2.96903835674567e-05,9
7,"boulderM2",2016,0.297484522698481,0.196482689358152,0.47159213809889,9
7,"seattleM1",2015,0.150919766763472,0.727121571627836,5.55168661892242e-06,9
8,"boulderM2",2016,0.533307752688339,0.118191234216948,0.477498914667339,9
8,"seattleM1",2015,-0.0570850158338076,0.601517634771731,2.02816054461308e-05,9
9,"boulderM2",2016,0.412698009559756,0.0962326087565024,0.490684829838335,9
9,"seattleM1",2015,0.0247853482345432,0.0298028474200144,5.3291317601889e-06,9
10,"boulderM2",2016,0.463017642103428,0.151563054709787,0.472872288175808,9
10,"seattleM1",2015,0.104427035194412,0.991043191480511,9.80052455752181e-06,9
3,"boulderM2",2016,0.414588236172806,0.133704767698146,0.430108293796711,10
3,"seattleM1",2015,0.0462539530327186,0.784317170855688,8.36690816962567e-05,10
4,"boulderM2",2016,0.42134944999598,0.0715874135795063,0.457162456275187,10
4,"seattleM1",2015,0.170905340172822,0.745796353662856,5.95221703706026e-05,10
5,"boulderM2",2016,0.288817406179067,0.163687762747961,0.399532450320842,10
5,"seattleM1",2015,0.0904893981557731,0.666769192960933,4.54750417358975e-05,10
6,"boulderM2",2016,0.565403459311955,0.00422219298653981,0.43741736190048,10
6,"seattleM1",2015,0.243566704798709,0.425967421430771,2.29378717763931e-06,10
7,"boulderM2",2016,0.510981092315016,0.00896951362727572,0.448102834636416,10
7,"seattleM1",2015,0.0993163890844186,0.737700787003184,5.5497358945606e-07,10
8,"boulderM2",2016,0.6012154886648,0.0506866463725223,0.482772364261156,10
8,"seattleM1",2015,0.153028238443974,0.791192782471004,2.91765840118245e-05,10
9,"boulderM2",2016,0.376068689350221,0.058201602503711,0.485029507148445,10
9,"seattleM1",2015,0.0903033582351127,0.295168859007309,1.72852180354694e-06,10
10,"boulderM2",2016,0.560036527154822,0.0219308037687732,0.50638756757987,10
10,"seattleM1",2015,0.0389641624603196,0.885733318881249,2.52578841514171e-05,10
3,"boulderM2",2016,0.385420003996862,0.0651688320538185,0.406064394298817,11
3,"seattleM1",2015,0.156004424782228,0.19979780914781,7.61594652475939e-05,11
4,"boulderM2",2016,0.34030402722856,0.128856458923851,0.374300774364823,11
4,"seattleM1",2015,0.147995685549502,0.543175967397887,6.1839557653672e-06,11
5,"boulderM2",2016,0.463800504462515,0.0187238313661211,0.475926268381736,11
5,"seattleM1",2015,0.179852661258389,0.476299443308291,3.67827662381534e-05,11
6,"boulderM2",2016,0.34377996346246,0.0269122222329985,0.49414983570313,11
6,"seattleM1",2015,0.152357895904954,0.0341743313921546,0.000370696447137656,11
7,"boulderM2",2016,0.493189233676089,0.0211094699210091,0.497760490690997,11
7,"seattleM1",2015,0.0836680949480403,0.617551220992985,4.18296235588114e-05,11
8,"boulderM2",2016,0.48679040726646,0.0723659683924096,0.47747999549879,11
8,"seattleM1",2015,0.0739104406309785,0.727761479498699,9.32645940171621e-06,11
9,"boulderM2",2016,0.596140915041956,0.0392991974828539,0.498204358130333,11
9,"seattleM1",2015,0.0485849851104342,0.427685664901258,4.38760935785452e-05,11
10,"boulderM2",2016,0.381576538881747,0.00496812136181346,0.467446154009762,11
10,"seattleM1",2015,0.0025362872782743,0.254425498491921,7.72693487407355e-06,11
3,"boulderM2",2016,0.538915958955686,0.097795745801324,0.398739685844084,12
3,"seattleM1",2015,0.16916147759971,0.0375594726181468,8.6455617598819e-05,12
4,"boulderM2",2016,0.379426467645572,0.00396464858408907,0.393111884147468,12
4,"seattleM1",2015,0.185484883294638,0.569900118917769,0.000127990847511019,12
5,"boulderM2",2016,0.377388365259041,0.0220239417736092,0.431181353948712,12
5,"seattleM1",2015,0.122467257898396,0.210611101093199,1.06662726906108e-05,12
6,"boulderM2",2016,0.501044245762512,0.0301405449565931,0.45164442824153,12
6,"seattleM1",2015,0.165164086783495,0.241224601270814,9.50416530130881e-05,12
7,"boulderM2",2016,0.55648555797902,0.0907447547148227,0.466671213491137,12
7,"seattleM1",2015,0.276739020776877,0.565831350618221,4.54334284652828e-05,12
8,"boulderM2",2016,0.436115656900835,0.0692622658105712,0.46937628539854,12
8,"seattleM1",2015,0.12237281612976,0.882752306025153,7.67807932212943e-05,12
9,"boulderM2",2016,0.426804333680712,0.0932488795797095,0.426475509247425,12
9,"seattleM1",2015,0.192051326706482,0.1416133195337,2.09792925485222e-05,12
10,"boulderM2",2016,0.502675729380387,0.0327020782095228,0.48568956971077,12
10,"seattleM1",2015,0.100933586141855,0.800704002166394,1.25632796309532e-05,12
3,"boulderM2",2016,0.390931161045876,0.00782477003998994,0.406769798722338,13
3,"seattleM1",2015,0.0256591088301735,0.552722736874848,3.9887769118206e-06,13
4,"boulderM2",2016,0.444888761815432,0.153339526836825,0.378134429398968,13
4,"seattleM1",2015,0.148819617388162,0.477484232938199,0.000141975014178039,13
5,"boulderM2",2016,0.483362975484805,0.0075519318157079,0.478976174918415,13
5,"seattleM1",2015,0.179662650126331,0.624619090902258,1.00680354884545e-05,13
6,"boulderM2",2016,0.518098205911095,0.00665711894473231,0.437926680650615,13
6,"seattleM1",2015,0.0988934773105236,0.276915270253797,2.24070093437067e-05,13
7,"boulderM2",2016,0.502643082560572,0.0493980947626131,0.485368384142284,13
7,"seattleM1",2015,0.0290027568821785,0.433793192670617,5.72346458769785e-07,13
8,"boulderM2",2016,0.51493535318304,0.0197907319067788,0.448593137020419,13
8,"seattleM1",2015,0.0616137374670314,0.163796079127197,7.75041748032772e-05,13
9,"boulderM2",2016,0.475817878431456,0.0172683318731552,0.49018613217904,13
9,"seattleM1",2015,0.127552280556113,0.4616798394845,6.74611855404494e-06,13
10,"boulderM2",2016,0.50038529078009,0.0267669666511523,0.515737948449487,13
10,"seattleM1",2015,0.0701849840036934,0.49050672417882,6.15319788045218e-05,13
3,"boulderM2",2016,0.555440344865138,0.104277292538557,0.431794198361704,14
3,"seattleM1",2015,0.147754036294301,0.457786553109974,0.000101407943014484,14
4,"boulderM2",2016,0.516523194187046,0.136785832913514,0.445809525092722,14
4,"seattleM1",2015,0.0379878814329655,0.117082317346204,2.30807002080268e-05,14
5,"boulderM2",2016,0.488783806161204,0.0477693791918303,0.421057700724858,14
5,"seattleM1",2015,0.16672255080201,0.771055817424487,4.36491620819166e-06,14
6,"boulderM2",2016,0.491694227910337,0.0813109296203275,0.45931910990508,14
6,"seattleM1",2015,0.172919455128338,0.0960441079723565,1.98109960350776e-05,14
7,"boulderM2",2016,0.613991242807299,0.0170740747293712,0.485106565133101,14
7,"seattleM1",2015,0.131740796638108,0.264303943416899,1.64579872788942e-05,14
8,"boulderM2",2016,0.362803663116586,0.0472601145414164,0.468656946103185,14
8,"seattleM1",2015,0.014318383640043,0.158941782570028,1.12891945937643e-05,14
9,"boulderM2",2016,0.401452245155521,0.0985949336745578,0.482945949721381,14
9,"seattleM1",2015,-0.0102841023728073,0.244181610459581,4.21327881094638e-05,14
10,"boulderM2",2016,0.532214581963577,0.0668825576066424,0.491519924575,14
10,"seattleM1",2015,0.0923832823917325,0.374722982576779,3.69221398986951e-05,14
3,"boulderM2",2016,0.414952603230792,0.124824531027056,0.433336628907209,15
3,"seattleM1",2015,0.153005474635624,0.530597301687415,7.61020422566348e-05,15
4,"boulderM2",2016,0.228722369696666,0.0386850839254838,0.43564608392507,15
4,"seattleM1",2015,0.131038733229683,0.484682365773333,0.000218409076284515,15
5,"boulderM2",2016,0.466705450338343,0.216941131357877,0.424446300733812,15
5,"seattleM1",2015,0.0848603454176802,0.924508689141124,5.78681597531713e-05,15
6,"boulderM2",2016,0.48332375303264,0.0157032923635999,0.476342764135967,15
6,"seattleM1",2015,0.0940728319357108,0.28637700922878,5.24866170648058e-05,15
7,"boulderM2",2016,0.432787084584158,0.127547726415919,0.459586814683972,15
7,"seattleM1",2015,0.0601438142371363,0.334792876513612,9.1587714418661e-05,15
8,"boulderM2",2016,0.389833512119235,0.0616406585522331,0.485755572862843,15
8,"seattleM1",2015,0.155775936453315,0.813800051964852,4.27404096864076e-05,15
9,"boulderM2",2016,0.489334472873222,0.0763699600773566,0.516827776532445,15
9,"seattleM1",2015,0.0909936780044941,0.317748469264653,2.77063086180355e-05,15
10,"boulderM2",2016,0.489458870469675,0.04382047865836,0.481689135435427,15
10,"seattleM1",2015,0.119644542658571,0.849873608418231,7.54804665873936e-06,15
3,"boulderM2",2016,0.393150542225931,0.0784063682001749,0.407856933963313,16
3,"seattleM1",2015,0.083712393692013,0.153309728146164,0.000174653439755521,16
4,"boulderM2",2016,0.487485780902374,0.000735500355272034,0.423101322391289,16
4,"seattleM1",2015,0.0912441037397071,0.865637193238386,9.59558558806193e-05,16
5,"boulderM2",2016,0.392792899346029,0.022574870847527,0.418773410526306,16
5,"seattleM1",2015,0.111670658998167,0.458753358541888,0.000135469017006459,16
6,"boulderM2",2016,0.558389786508529,0.0720911980523538,0.490934661481611,16
6,"seattleM1",2015,-0.145703226666879,0.955952601593037,3.53438077396111e-05,16
7,"boulderM2",2016,0.50047465196407,0.0235630912871879,0.461695543154724,16
7,"seattleM1",2015,0.107580835418319,0.169890218649047,1.93913203134147e-05,16
8,"boulderM2",2016,0.530708851608353,0.111768538435773,0.485850008371863,16
8,"seattleM1",2015,0.0601532375199824,0.814185923271066,3.14742157320827e-05,16
9,"boulderM2",2016,0.499370725919445,0.279646182201754,0.509346517495723,16
9,"seattleM1",2015,0.0949621219612597,0.227326641707713,6.68519168157939e-08,16
10,"boulderM2",2016,0.468354946612536,0.065916592174277,0.499729125627945,16
10,"seattleM1",2015,0.0367144536487672,0.96348368260774,1.8960772283514e-05,16
3,"boulderM2",2016,0.389183859939628,0.011316512464835,0.404182220479821,17
3,"seattleM1",2015,0.08704321487169,0.121701213735316,9.78342350882238e-05,17
4,"boulderM2",2016,0.54350078012191,0.230499419139247,0.452729630098922,17
4,"seattleM1",2015,0.0208012323614295,0.826116266985086,0.000159611900793834,17
5,"boulderM2",2016,0.393319821166666,0.0929955447805243,0.455005365074019,17
5,"seattleM1",2015,0.132444450125196,0.0372762471627165,3.83860219446707e-05,17
6,"boulderM2",2016,0.444249494332958,0.0809496285679164,0.457665305469775,17
6,"seattleM1",2015,0.110155113162758,0.778062852622508,1.80719231985755e-05,17
7,"boulderM2",2016,0.44443193633424,0.0150432143327079,0.452690954129193,17
7,"seattleM1",2015,0.209264281413285,0.272146778935671,3.29507396886344e-06,17
8,"boulderM2",2016,0.53470479056694,0.058629145366909,0.482417042876009,17
8,"seattleM1",2015,0.0697460974164425,0.842255648580787,1.83029352348461e-06,17
9,"boulderM2",2016,0.480866667330156,0.0640102951547139,0.499621265787065,17
9,"seattleM1",2015,0.169910012220136,0.618624351610378,2.22341712677902e-05,17
10,"boulderM2",2016,0.594412789183211,0.213196122622511,0.5185233354514,17
10,"seattleM1",2015,0.0465721129234068,0.308645562118172,1.64314530401242e-05,17
3,"boulderM2",2016,0.39810368473587,0.126653382975813,0.436922291110544,18
3,"seattleM1",2015,0.205544094059023,0.907676206871276,0.000257085565421838,18
4,"boulderM2",2016,0.376984839250138,0.0025570773647694,0.465462808135531,18
4,"seattleM1",2015,0.0731295842913696,0.0655548387865911,8.03004911988658e-05,18
5,"boulderM2",2016,0.467930409144376,0.151855879616841,0.389002421698273,18
5,"seattleM1",2015,0.113982811254377,0.330344770321612,4.12529066572264e-06,18
6,"boulderM2",2016,0.436414284271807,0.00951128705883153,0.453551352398983,18
6,"seattleM1",2015,0.133187886767159,0.905893426220691,8.70694326776453e-06,18
7,"boulderM2",2016,0.409895568979819,0.0683840047518602,0.488957659963406,18
7,"seattleM1",2015,0.0913000251246494,0.475131738121964,9.01937592658113e-06,18
8,"boulderM2",2016,0.362093079065614,0.138729064757589,0.481232317954429,18
8,"seattleM1",2015,0.153765984107781,0.0924564580838247,1.70775151952498e-05,18
9,"boulderM2",2016,0.36253555172851,0.0219934972164569,0.504600267551011,18
9,"seattleM1",2015,0.124998246748929,0.46943455712107,9.0605959272875e-05,18
10,"boulderM2",2016,0.482271960360686,0.0031509983321506,0.47327982775896,18
10,"seattleM1",2015,0.0205193722037602,0.781416398970494,6.61144560347453e-05,18
3,"boulderM2",2016,0.393437935473657,0.0118047225795432,0.409664109429334,19
3,"seattleM1",2015,0.150114904961445,0.559024842559899,1.47822090170162e-05,19
4,"boulderM2",2016,0.482490270179966,0.150966208220381,0.402873591569178,19
4,"seattleM1",2015,0.157733425878908,0.00536059109112708,0.000140640144209092,19
5,"boulderM2",2016,0.574941605290645,0.0347792659881524,0.461559921177693,19
5,"seattleM1",2015,0.172986907244313,0.483314541459893,0.000133614697620047,19
6,"boulderM2",2016,0.612533455096446,0.0954157798981228,0.476562120513745,19
6,"seattleM1",2015,0.1105821796258,0.653207621443437,4.44118228792037e-06,19
7,"boulderM2",2016,0.564629724114298,0.0567011966922385,0.468615826689979,19
7,"seattleM1",2015,0.112792667636594,0.526158753646868,3.29812732900315e-05,19
8,"boulderM2",2016,0.503215302880727,0.114249209237788,0.435841724234567,19
8,"seattleM1",2015,-0.0349074316657078,0.368723912846412,1.13134372249841e-05,19
9,"boulderM2",2016,0.489933037287551,0.00747325278368316,0.496832392488938,19
9,"seattleM1",2015,0.0754738519236106,0.870897319683488,5.2202924512833e-06,19
10,"boulderM2",2016,0.436674277965722,0.0372673228896556,0.451540870842297,19
10,"seattleM1",2015,0.104610024179786,0.173718424399839,7.22146964701559e-05,19
3,"boulderM2",2016,0.324099818865581,0.0289114993283909,0.411967106905767,20
3,"seattleM1",2015,0.0421298066418757,0.869314148194707,6.3826082084137e-05,20
4,"boulderM2",2016,0.376653722072832,0.0856840513212354,0.440482610776544,20
4,"seattleM1",2015,0.124100945111628,0.768653325161003,7.93115448956537e-05,20
5,"boulderM2",2016,0.547181073664549,0.135270666636082,0.459331417214419,20
5,"seattleM1",2015,-0.109860822011233,0.657978702340025,3.48029958932532e-05,20
6,"boulderM2",2016,0.500891756218848,0.125866326845932,0.501894881759104,20
6,"seattleM1",2015,0.0961544426302687,0.697647588636617,0.000171211367520767,20
7,"boulderM2",2016,0.455909751628461,0.0190757680968614,0.485189469895305,20
7,"seattleM1",2015,0.123109006498223,0.452785793244543,5.30391234894025e-06,20
8,"boulderM2",2016,0.510706026935082,0.144624019247663,0.484149122841317,20
8,"seattleM1",2015,0.191084316845378,0.199957050417583,7.08375673059297e-05,20
9,"boulderM2",2016,0.514157577226184,0.00772102373343531,0.504982471965663,20
9,"seattleM1",2015,0.0710230329985194,0.310916915004262,6.62242799556361e-05,20
10,"boulderM2",2016,0.541648711242444,0.128227236417203,0.515450666115053,20
10,"seattleM1",2015,-0.0104822893932807,0.989362541697818,2.29570944808253e-05,20
3,"boulderM2",2016,0.222947692337864,0.113104539610511,0.335263335351529,21
3,"seattleM1",2015,0.120405698919644,0.90677663451809,7.43210929076857e-05,21
4,"boulderM2",2016,0.481261485780182,0.0584285355991246,0.439167938690703,21
4,"seattleM1",2015,0.0471922118087291,0.925249710108603,9.06348069877596e-06,21
5,"boulderM2",2016,0.567971700605786,0.149116807121718,0.475520727324844,21
5,"seattleM1",2015,0.128070512120298,0.210373589250885,9.72591511319198e-06,21
6,"boulderM2",2016,0.368637886155787,0.109078354810517,0.40796436487155,21
6,"seattleM1",2015,0.158975926904401,0.172850424736182,7.84802436539526e-05,21
7,"boulderM2",2016,0.498405974070093,0.0494078197531954,0.488020945656582,21
7,"seattleM1",2015,0.137211449312352,0.986109362143218,2.21021580307003e-05,21
8,"boulderM2",2016,0.479306579785035,0.0759112618830842,0.500496545883526,21
8,"seattleM1",2015,0.0712651315522324,0.622803825817673,1.67734510076708e-05,21
9,"boulderM2",2016,0.362358825777981,0.0773783883306667,0.497676346300538,21
9,"seattleM1",2015,0.0481972952334037,0.374805325249447,2.06070009312202e-05,21
10,"boulderM2",2016,0.552383815635948,0.0561056147953696,0.516712185305467,21
10,"seattleM1",2015,0.0463279208030696,0.91527764175524,5.06704570123294e-06,21
3,"boulderM2",2016,0.489866533619054,0.224515746027965,0.404571937037218,22
3,"seattleM1",2015,0.112339047027757,0.264017323050363,5.74203448719294e-05,22
4,"boulderM2",2016,0.354634631088984,0.0259288879442366,0.417741180513349,22
4,"seattleM1",2015,0.178564427582964,0.0859109949782747,0.000317752138615615,22
5,"boulderM2",2016,0.503516067467184,0.0145917738267504,0.470189893080752,22
5,"seattleM1",2015,-0.000446133026878627,0.050082710633407,8.64695849936329e-05,22
6,"boulderM2",2016,0.376998607107484,0.00512862903998312,0.442350284811644,22
6,"seattleM1",2015,0.152321386762763,0.66992780850717,6.89877855029386e-05,22
7,"boulderM2",2016,0.415339560385981,0.0229976524933867,0.505605612888247,22
7,"seattleM1",2015,0.163464375970098,0.342009476549072,1.96137779646578e-05,22
8,"boulderM2",2016,0.50393281255339,0.0575251776393499,0.47764621132305,22
8,"seattleM1",2015,0.138061815013762,0.316578663309348,2.55515722126445e-05,22
9,"boulderM2",2016,0.425837826400014,0.119547173799102,0.493675515165084,22
9,"seattleM1",2015,0.11138605196392,0.58227571402286,1.86019619479002e-05,22
10,"boulderM2",2016,0.33611012722158,0.00515778301328407,0.505710395698936,22
10,"seattleM1",2015,-0.0371425273825452,0.0361659847069563,8.0333409911753e-06,22
3,"boulderM2",2016,0.414952603230792,0.124824531027056,0.433336628907209,23
3,"seattleM1",2015,0.0331037129053209,0.83865575071805,2.09168635864141e-05,23
4,"boulderM2",2016,0.405674036945128,0.0395121751876576,0.472886499774353,23
4,"seattleM1",2015,0.0940211779653637,0.072932987227299,1.7500430193158e-05,23
5,"boulderM2",2016,0.499606362818338,0.0162449412434511,0.494650768121803,23
5,"seattleM1",2015,0.219460492545871,0.407150743136423,2.22529868060653e-05,23
6,"boulderM2",2016,0.392120386875038,0.0389665899981121,0.442685742631321,23
6,"seattleM1",2015,0.0703635913635559,0.825556268413694,3.9597999494471e-06,23
7,"boulderM2",2016,0.534459053526882,0.0200041912595432,0.494289816166492,23
7,"seattleM1",2015,0.150368856076124,0.622106618697488,3.17199719805123e-05,23
8,"boulderM2",2016,0.520188121246488,0.0587670803451501,0.492690394958963,23
8,"seattleM1",2015,0.195054533729422,0.710466889921182,1.88551902587303e-05,23
9,"boulderM2",2016,0.508145327399848,0.166380978651165,0.519958582748177,23
9,"seattleM1",2015,0.150168740085861,0.511021853941941,7.59617214409152e-06,23
10,"boulderM2",2016,0.526003439953097,0.152836200769335,0.4953916822886,23
10,"seattleM1",2015,0.146971325424229,0.473547238020608,4.34277724155761e-06,23
3,"boulderM2",2016,0.389371387111062,0.0158561689819501,0.405346712166093,24
3,"seattleM1",2015,0.173562370685405,0.687616135279788,5.62771664011969e-05,24
4,"boulderM2",2016,0.520974968632945,0.191143345927285,0.486380154150228,24
4,"seattleM1",2015,0.153289509659943,0.834461268295895,3.07261366774639e-06,24
5,"boulderM2",2016,0.345514447213922,0.0924289737635476,0.403519860656829,24
5,"seattleM1",2015,0.194156965349565,0.746690105302047,0.000255832958383139,24
6,"boulderM2",2016,0.493578707358317,0.0408248708419928,0.489861345689286,24
6,"seattleM1",2015,0.0881874560761027,0.403023872214329,8.76063947943497e-06,24
7,"boulderM2",2016,0.373819803792312,0.141818596718512,0.439485372642661,24
7,"seattleM1",2015,0.266685802647972,0.891828664061841,1.26896740120284e-05,24
8,"boulderM2",2016,0.30338014355791,0.0251806997857583,0.458439693742279,24
8,"seattleM1",2015,-0.0549192728839192,0.491589057432176,1.44820361020693e-05,24
9,"boulderM2",2016,0.504660944182818,0.0333890813443171,0.494556650092394,24
9,"seattleM1",2015,0.218408249901631,0.695433704067833,1.92685521125628e-06,24
10,"boulderM2",2016,0.505728602662815,0.0194626261892242,0.514811171456754,24
10,"seattleM1",2015,0.131075309778478,0.295544524033694,3.10569530740921e-05,24
3,"boulderM2",2016,0.422048740891197,0.194999517788743,0.432517231500089,25
3,"seattleM1",2015,0.18128284332707,0.79748941630605,8.81295899359581e-05,25
4,"boulderM2",2016,0.324789836341927,0.1139393012267,0.445367710345799,25
4,"seattleM1",2015,0.0552184530650672,0.297465091208293,2.59136826978344e-05,25
5,"boulderM2",2016,0.416852197933546,0.0101697009499264,0.46970408610682,25
5,"seattleM1",2015,0.124184195854375,0.326898901386064,2.78475034853919e-05,25
6,"boulderM2",2016,0.427306927752333,0.0227079729035463,0.419768498550399,25
6,"seattleM1",2015,0.128543536145382,0.518944074449727,1.50928824305469e-05,25
7,"boulderM2",2016,0.467923899980078,0.0130059096107076,0.457547866029406,25
7,"seattleM1",2015,-0.00639127208728331,0.470755907195447,2.0927916553086e-05,25
8,"boulderM2",2016,0.570974505397837,0.0226167576203401,0.459263545967338,25
8,"seattleM1",2015,0.0990966072049149,0.2520756242635,2.39644468411753e-05,25
9,"boulderM2",2016,0.632780575275639,0.176609975242544,0.504041940638328,25
9,"seattleM1",2015,0.104363811042326,0.200581140683718,9.70323459095646e-07,25
10,"boulderM2",2016,0.530251857380484,0.0266047154341982,0.516681555588728,25
10,"seattleM1",2015,0.062290142746418,0.664207072254138,5.27779176765795e-06,25
3,"boulderM2",2016,0.422316586618095,0.137708525270065,0.425731578997857,26
3,"seattleM1",2015,0.197218299097236,0.670816238066813,2.3961726596321e-05,26
4,"boulderM2",2016,0.363217873486308,0.158545620921495,0.446586295840176,26
4,"seattleM1",2015,0.135778327564644,0.552731847455215,8.27382790689452e-05,26
5,"boulderM2",2016,0.344927905075252,0.0425828352774478,0.447477292605469,26
5,"seattleM1",2015,0.0930101174318656,0.54182673287271,4.71547585427829e-05,26
6,"boulderM2",2016,0.370478502837054,0.202131660584698,0.450516499685326,26
6,"seattleM1",2015,0.129748286847144,0.994311839922324,5.25867069501504e-05,26
7,"boulderM2",2016,0.479002766261528,0.00601201992412304,0.505311211564103,26
7,"seattleM1",2015,-0.0790608775514388,0.0434518996098975,1.86608282305767e-05,26
8,"boulderM2",2016,0.523450404883348,0.170015791241061,0.491257081662792,26
8,"seattleM1",2015,0.0205595297702319,0.349238716455493,7.17715864081791e-05,26
9,"boulderM2",2016,0.516891808354152,0.0122101255653019,0.507451014572062,26
9,"seattleM1",2015,0.107715866919166,0.649151061823773,9.96059439251189e-06,26
10,"boulderM2",2016,0.485487843854346,0.00751409340308928,0.5113320289967,26
10,"seattleM1",2015,0.131364480130854,0.4593934198817,3.23092174955383e-05,26
3,"boulderM2",2016,0.470947630161114,0.0705240351629778,0.443538277918552,27
3,"seattleM1",2015,0.192124282347004,0.0447043747570294,8.81633887197821e-05,27
4,"boulderM2",2016,0.296181452391516,0.0390867993179566,0.427580449495353,27
4,"seattleM1",2015,-0.210825232063108,0.387238717723799,3.10061295483567e-05,27
5,"boulderM2",2016,0.572207414727274,0.202637938741662,0.490436850356034,27
5,"seattleM1",2015,0.16068519990515,0.297584986662009,3.01033617543177e-06,27
6,"boulderM2",2016,0.496724381627462,0.095580180874086,0.448698149585713,27
6,"seattleM1",2015,0.0878850962563836,0.288718872487044,4.27473800845526e-05,27
7,"boulderM2",2016,0.569858596841441,0.103757213927483,0.457169365225995,27
7,"seattleM1",2015,0.10178203694658,0.709195903316656,6.14988164013865e-05,27
8,"boulderM2",2016,0.412334300870248,0.184361972564915,0.501352926959,27
8,"seattleM1",2015,0.0364649296020319,0.413850878196509,5.98556853100393e-05,27
9,"boulderM2",2016,0.450648779856957,0.00433381182482195,0.497979826054392,27
9,"seattleM1",2015,0.174780471287565,0.645371228727849,2.36923983120701e-05,27
10,"boulderM2",2016,0.52003255281441,0.28802778690371,0.4963387032894,27
10,"seattleM1",2015,0.0751000929832912,0.0711139126100282,7.8801299004742e-06,27
3,"boulderM2",2016,0.0872432584878345,0.121155961999866,0.340313224608446,28
3,"seattleM1",2015,0.161424898287739,0.101833266763903,4.46427095936969e-06,28
4,"boulderM2",2016,0.43060035053894,0.0426766831835853,0.37542511289017,28
4,"seattleM1",2015,0.0454992994381333,0.28125015621989,5.19781044527332e-05,28
5,"boulderM2",2016,0.352625308609123,0.191672709641825,0.453407088335889,28
5,"seattleM1",2015,0.076489276791784,0.874924005062159,2.21276875499168e-05,28
6,"boulderM2",2016,0.29783920349213,0.0636520959166744,0.448404286771444,28
6,"seattleM1",2015,0.0955720678905272,0.907670452831364,6.08287643961546e-06,28
7,"boulderM2",2016,0.52211898568231,0.189509349433626,0.444326180239437,28
7,"seattleM1",2015,0.0852040930681368,0.613687092001451,2.68875653088294e-05,28
8,"boulderM2",2016,0.340119715184291,0.0318717424069829,0.489204391447625,28
8,"seattleM1",2015,-0.0851498080820711,0.355167053817485,1.05841783042642e-06,28
9,"boulderM2",2016,0.550772155330429,0.0213417910893967,0.476732811468785,28
9,"seattleM1",2015,0.0795929012966882,0.266359987276541,6.16093403569404e-06,28
10,"boulderM2",2016,0.589023871723083,0.0546697799913416,0.473415197348953,28
10,"seattleM1",2015,0.214661739958051,0.825830756179267,1.53281221503457e-05,28
3,"boulderM2",2016,0.520220201597325,0.242043403258088,0.436829160758116,29
3,"seattleM1",2015,0.18128284332707,0.797489416306051,8.81295899358272e-05,29
4,"boulderM2",2016,0.214869609970254,0.0114995031681396,0.450080063719999,29
4,"seattleM1",2015,0.126839237776458,0.772884032218721,2.47268949114335e-05,29
5,"boulderM2",2016,0.531238641840771,0.12194007084868,0.483607116959133,29
5,"seattleM1",2015,0.182348594324356,0.534443150843846,6.90908120509444e-05,29
6,"boulderM2",2016,0.356062753656192,0.150829514854266,0.473049959404143,29
6,"seattleM1",2015,-0.137843322176871,0.228840054800609,0.000193412341188112,29
7,"boulderM2",2016,0.482627794647129,0.139750102007125,0.483407363406181,29
7,"seattleM1",2015,0.0468704424120848,0.0964249458298964,4.41614228704237e-06,29
8,"boulderM2",2016,0.456796318203357,0.0445453760108161,0.497420638666168,29
8,"seattleM1",2015,0.0755525380642459,0.0588867272068735,3.98080080764729e-05,29
9,"boulderM2",2016,0.572053082480565,0.11635679814876,0.5212277842458,29
9,"seattleM1",2015,0.163654726642267,0.0641523704099808,2.13859761097436e-05,29
10,"boulderM2",2016,0.486852212132011,0.0328272700288877,0.505267568981077,29
10,"seattleM1",2015,0.0220064967409649,0.647791052220537,1.88798367955562e-05,29
3,"boulderM2",2016,0.502542156962573,0.189445573506134,0.443762098747777,30
3,"seattleM1",2015,0.160069461136358,0.347134338279739,0.000172565034396787,30
4,"boulderM2",2016,0.36195467398517,0.0964759573979126,0.448700499350568,30
4,"seattleM1",2015,0.123397594914814,0.17484228781061,3.5520231159465e-05,30
5,"boulderM2",2016,0.548321352762692,0.0748711585242752,0.478059437746697,30
5,"seattleM1",2015,0.0820835310902691,0.964452274056272,2.87941505063743e-05,30
6,"boulderM2",2016,0.45838818658855,0.0459374328496015,0.453558878813333,30
6,"seattleM1",2015,0.139532076817009,0.0785826951476366,1.60021666986518e-05,30
7,"boulderM2",2016,0.498021001150827,0.0929246291083436,0.460188594002473,30
7,"seattleM1",2015,0.104329274546428,0.367195203860114,1.16594373550982e-05,30
8,"boulderM2",2016,0.391497792250793,0.0672480779180522,0.459062838143454,30
8,"seattleM1",2015,0.20053245185677,0.408377327339617,3.23208592279549e-05,30
9,"boulderM2",2016,0.57036175587922,0.00912863653687568,0.481165060009361,30
9,"seattleM1",2015,0.0708160025132988,0.5677412134541,9.04712579912577e-06,30
10,"boulderM2",2016,0.353146908140125,0.116260070780514,0.49343929376246,30
10,"seattleM1",2015,0.00814776343422189,0.104655519573411,2.61709746212556e-05,30
3,"boulderM2",2016,0.416956928733404,0.065985513824211,0.37781478410037,31
3,"seattleM1",2015,0.185204372105796,0.365387185870799,1.17009189842787e-05,31
4,"boulderM2",2016,0.315380947431723,0.170924719854509,0.408635110562024,31
4,"seattleM1",2015,0.161150468461078,0.0385011517359573,2.2977206896758e-05,31
5,"boulderM2",2016,0.560266021925131,0.0564443697661846,0.464184058029873,31
5,"seattleM1",2015,0.126915117093222,0.325815016613863,0.000143000499137243,31
6,"boulderM2",2016,0.434217053346551,0.101869761488267,0.479619955578025,31
6,"seattleM1",2015,0.019185571999944,0.84464094904769,0.000218103171024978,31
7,"boulderM2",2016,0.483059682087468,0.00410387738949158,0.45963978713639,31
7,"seattleM1",2015,0.147728203867944,0.724800011910179,7.16010184291407e-05,31
8,"boulderM2",2016,0.573877639098931,0.022013330795593,0.488997102246266,31
8,"seattleM1",2015,0.104255074336292,0.30622727675009,1.0721047333374e-05,31
9,"boulderM2",2016,0.456037851539325,0.034946420785937,0.491548085272035,31
9,"seattleM1",2015,0.189746976659135,0.873518753027418,2.13442757912261e-05,31
10,"boulderM2",2016,0.557948790612389,0.0482728107494954,0.460656255070296,31
10,"seattleM1",2015,0.0410905729545601,0.893279363236501,1.83567650320374e-05,31
3,"boulderM2",2016,0.148126850074144,0.199001052892775,0.40798895106448,32
3,"seattleM1",2015,0.146307905142556,0.53470995608835,4.99731633381366e-05,32
4,"boulderM2",2016,0.589166726618751,0.088734762558706,0.464702201784151,32
4,"seattleM1",2015,0.0932911585233108,0.188548545637413,7.93331777697352e-05,32
5,"boulderM2",2016,0.505239624566157,0.000834427259549186,0.413059360428296,32
5,"seattleM1",2015,0.116235454393896,0.427501057967897,6.19488154019053e-05,32
6,"boulderM2",2016,0.414028863828639,0.0757567067764409,0.469657413111558,32
6,"seattleM1",2015,0.11651669330833,0.853127621167744,5.28792117948877e-05,32
7,"boulderM2",2016,0.627243105113141,0.0171577403098013,0.492645901539362,32
7,"seattleM1",2015,0.0956933061728099,0.710992916119286,4.54501683586732e-05,32
8,"boulderM2",2016,0.494876027603208,0.0803497324550677,0.487507441719176,32
8,"seattleM1",2015,0.179535802975637,0.0209317106068135,2.11145632428799e-05,32
9,"boulderM2",2016,0.571471401433786,0.0882750592046762,0.470741317553911,32
9,"seattleM1",2015,0.156634547264638,0.862057533830827,6.45549206092262e-05,32
10,"boulderM2",2016,0.527988027902668,0.0262822118886129,0.519342694055281,32
10,"seattleM1",2015,0.0514292800537369,0.704302623683191,2.945772550128e-06,32
3,"boulderM2",2016,0.508559488308549,0.0497230550371968,0.434646957215084,33
3,"seattleM1",2015,0.146529647715123,0.0504847920843648,0.00018565054866382,33
4,"boulderM2",2016,0.365641666651154,0.174942029579194,0.454217268106446,33
4,"seattleM1",2015,0.152741608645784,0.136660283803536,0.000105371811833218,33
5,"boulderM2",2016,0.452405042026576,0.0600940340155343,0.456142276459464,33
5,"seattleM1",2015,0.11918443839714,0.0183645791572714,4.82557297264114e-05,33
6,"boulderM2",2016,0.312337919709167,0.149575131670783,0.458582786113724,33
6,"seattleM1",2015,0.172327983194626,0.877537817652964,1.26931794551386e-05,33
7,"boulderM2",2016,0.611187921189788,0.0207445292066968,0.468321734897199,33
7,"seattleM1",2015,0.15587041354499,0.164166083987855,7.75816806018994e-06,33
8,"boulderM2",2016,0.393007197319671,0.0683539596514954,0.489859020364859,33
8,"seattleM1",2015,0.1706702494962,0.255616433604187,4.77740331168245e-06,33
9,"boulderM2",2016,0.384143067114645,0.240263799587251,0.464612599191165,33
9,"seattleM1",2015,0.141376210797845,0.364145364923521,9.98673553154142e-05,33
10,"boulderM2",2016,0.565215814517496,0.0227476818738813,0.516913508245279,33
10,"seattleM1",2015,0.0925803354134337,0.141963858580384,7.58379759870894e-08,33
3,"boulderM2",2016,0.381844616321582,0.0124346238001511,0.405049752289786,34
3,"seattleM1",2015,0.0708571628967268,0.778741407893532,3.73403564217372e-05,34
4,"boulderM2",2016,0.561871298802509,0.0631060577391724,0.448595288021608,34
4,"seattleM1",2015,0.126394493083781,0.303449012346723,1.22281420797664e-05,34
5,"boulderM2",2016,0.516310330657457,0.0179079199733474,0.484878152814539,34
5,"seattleM1",2015,0.148655316348441,0.747781991583296,0.000166023073917289,34
6,"boulderM2",2016,0.310926611564108,0.125273913798912,0.430542856551992,34
6,"seattleM1",2015,0.0931772831110937,0.517396820900324,3.70916082968187e-05,34
7,"boulderM2",2016,0.467994119064167,0.0398934250966495,0.458887208090386,34
7,"seattleM1",2015,0.0506375719662027,0.0807435053521659,1.78447397559364e-05,34
8,"boulderM2",2016,0.563615869772847,0.10404378723964,0.513211806730905,34
8,"seattleM1",2015,0.135777944202808,0.767252616082554,1.53214479506499e-05,34
9,"boulderM2",2016,0.477280207848858,0.215020584195047,0.494683532657449,34
9,"seattleM1",2015,0.181871306263449,0.0709501135719781,1.67450912960674e-05,34
10,"boulderM2",2016,0.550419035666211,0.00136694548788152,0.514967913450747,34
10,"seattleM1",2015,0.0578168994553837,0.747343920134867,6.51496077232351e-06,34
3,"boulderM2",2016,0.122135278055084,0.0939482036812027,0.430937282497757,35
3,"seattleM1",2015,0.233967026308537,0.70192271378921,0.000197135893266444,35
4,"boulderM2",2016,0.167042617502495,0.125817725610817,0.445124532268754,35
4,"seattleM1",2015,0.0397465915149036,0.754682429441001,0.000181021913297631,35
5,"boulderM2",2016,0.439826737221031,0.0251602053178437,0.431087934092374,35
5,"seattleM1",2015,0.140828815289657,0.811399192754708,2.86290313630022e-05,35
6,"boulderM2",2016,0.623031857113025,0.0130814335673949,0.50331536892095,35
6,"seattleM1",2015,0.0587213598791494,0.278089038596781,5.85350710237755e-06,35
7,"boulderM2",2016,0.558292174311334,0.00516990549120944,0.477921593931756,35
7,"seattleM1",2015,0.120512204195722,0.286481558882553,2.22690641536375e-05,35
8,"boulderM2",2016,0.508547536155686,0.0170612780171981,0.463315249785546,35
8,"seattleM1",2015,0.110388612686631,0.906390059794024,7.10162557686069e-05,35
9,"boulderM2",2016,0.577025144502261,0.0389160255434512,0.486009386702571,35
9,"seattleM1",2015,0.162275451812868,0.112436695732667,0.000113603493017232,35
10,"boulderM2",2016,0.369785074028754,0.0385363088756483,0.492614594222086,35
10,"seattleM1",2015,0.0865075101052052,0.727547947796946,2.17299025826263e-05,35
3,"boulderM2",2016,0.288509085146278,0.0656657252418518,0.351155598242902,36
3,"seattleM1",2015,0.139318439046609,0.332218807134062,4.31837918684137e-05,36
4,"boulderM2",2016,0.477890642514547,0.000561675805812567,0.480535762753218,36
4,"seattleM1",2015,0.117731522921528,0.267837097149639,1.32130188489356e-05,36
5,"boulderM2",2016,0.57426036902671,0.141901422162287,0.430983000190772,36
5,"seattleM1",2015,0.161459874652604,0.793972548587175,1.14695200333559e-05,36
6,"boulderM2",2016,0.573340505837751,0.0688367090962264,0.456831583053441,36
6,"seattleM1",2015,0.10776981711744,0.0562496466216403,0.000110105475465213,36
7,"boulderM2",2016,0.520312514142092,0.0551566898756167,0.503983194423236,36
7,"seattleM1",2015,0.15319916523583,0.394226376257481,0.00011949022882116,36
8,"boulderM2",2016,0.478210389981922,0.007933853954457,0.504934138628772,36
8,"seattleM1",2015,0.186809706170609,0.573114515766269,2.6953230685534e-05,36
9,"boulderM2",2016,0.422093851377175,0.00405274079496309,0.495186220662736,36
9,"seattleM1",2015,-0.0488626106359342,0.106916973067535,3.41568465772366e-06,36
10,"boulderM2",2016,0.494658927659486,0.0251038190333484,0.493243253457085,36
10,"seattleM1",2015,0.0677140174226399,0.715667485404747,4.54018906253173e-07,36
3,"boulderM2",2016,0.597210957524126,0.0618234089434652,0.430954602699457,37
3,"seattleM1",2015,0.130158872817393,0.767029706175581,3.06228266554661e-05,37
4,"boulderM2",2016,0.481905500893587,0.0434055043972009,0.471968641860922,37
4,"seattleM1",2015,0.133889579456979,0.00562871625098693,8.11157256025935e-06,37
5,"boulderM2",2016,0.411963284425733,0.0130553523929616,0.428257919161918,37
5,"seattleM1",2015,0.131321326277801,0.460233435176418,1.14324608987979e-05,37
6,"boulderM2",2016,0.398721244005998,0.0354149435065328,0.485752523236766,37
6,"seattleM1",2015,0.142983432153318,0.723761124352078,6.94169002850708e-06,37
7,"boulderM2",2016,0.54120822754741,0.0043206417481555,0.485043576433473,37
7,"seattleM1",2015,0.0936490797604237,0.680558368186627,0.000102889139745649,37
8,"boulderM2",2016,0.453586330003773,0.0450745943009769,0.480973429782564,37
8,"seattleM1",2015,0.160477548007915,0.537611731566868,2.07228644441249e-05,37
9,"boulderM2",2016,0.489075759352467,0.0361612904310875,0.484905084141036,37
9,"seattleM1",2015,0.222211513511756,0.458463529082508,2.61313369104673e-05,37
10,"boulderM2",2016,0.518107782549941,0.0492405495758871,0.458718647978186,37
10,"seattleM1",2015,0.0332195965974513,0.0356874336428529,6.38964670045013e-05,37
3,"boulderM2",2016,0.387253099227668,0.0221372457858191,0.405352691408854,38
3,"seattleM1",2015,0.144338213663881,0.113944420485973,0.000294265404854898,38
4,"boulderM2",2016,0.3972780249515,0.249552976511099,0.422169893682789,38
4,"seattleM1",2015,0.060293490988339,0.706839447835728,0.000144697477037438,38
5,"boulderM2",2016,0.335865970585562,0.0448051955899966,0.458090820918777,38
5,"seattleM1",2015,0.230700867030619,0.0866076338365832,0.000129053074465629,38
6,"boulderM2",2016,0.471445718541653,0.0131123377793425,0.467193205242241,38
6,"seattleM1",2015,0.107792572756738,0.826917843757763,5.12113004060208e-05,38
7,"boulderM2",2016,0.325347611343833,0.0501504960404285,0.454012550187997,38
7,"seattleM1",2015,0.148918031399667,0.770898283406493,4.15816142744972e-05,38
8,"boulderM2",2016,0.303405536027887,0.0117784587512061,0.478298909211891,38
8,"seattleM1",2015,0.130995754329632,0.266769929651214,8.20176635440528e-07,38
9,"boulderM2",2016,0.529491646517012,0.0523564510911221,0.507844847583364,38
9,"seattleM1",2015,0.0450400907148708,0.976515975296322,3.24670977098502e-05,38
10,"boulderM2",2016,0.469536267760597,0.0199913250784614,0.478366818154606,38
10,"seattleM1",2015,0.179789318069625,0.453518179517527,3.60634855728514e-05,38
3,"boulderM2",2016,0.260816179111643,0.0372325961866765,0.362869584106794,39
3,"seattleM1",2015,0.144535504808305,0.142688940794131,2.81811756418364e-05,39
4,"boulderM2",2016,0.521866384084887,0.0567120974002103,0.473561399223086,39
4,"seattleM1",2015,0.140639179179706,0.646154351971116,4.93540186615089e-05,39
5,"boulderM2",2016,0.383209858226952,0.191321478441261,0.472169361253969,39
5,"seattleM1",2015,0.136742348083957,0.884448794470289,7.6255644738485e-05,39
6,"boulderM2",2016,0.397380885675,0.255487624647419,0.461129356940935,39
6,"seattleM1",2015,0.0608914924826532,0.57071413987153,0.000197765580245047,39
7,"boulderM2",2016,0.401666771919807,0.0028806819321614,0.464987955903471,39
7,"seattleM1",2015,0.0978673304834235,0.511663566650863,6.77207780756925e-05,39
8,"boulderM2",2016,0.373439432631735,0.00203455904091654,0.444016704207212,39
8,"seattleM1",2015,0.130483007717756,0.204056089259014,4.11743043338014e-05,39
9,"boulderM2",2016,0.463849911084317,0.0233312819740507,0.484638980790373,39
9,"seattleM1",2015,0.140284267712876,0.792121706903279,1.07857602432141e-05,39
10,"boulderM2",2016,0.509830266397916,0.167515105461839,0.508219465488904,39
10,"seattleM1",2015,0.0525132121586715,0.0710246751488554,1.06269849534122e-05,39
3,"boulderM2",2016,0.0920397505993432,0.27020083104006,0.40053537345893,40
3,"seattleM1",2015,0.139526346696363,0.126289541985241,0.000113237431722232,40
4,"boulderM2",2016,0.427244454260399,0.219187402902521,0.453655067257343,40
4,"seattleM1",2015,0.0998652217246357,0.144476248088193,0.000271796400556106,40
5,"boulderM2",2016,0.565225357673067,0.121644136262278,0.471004236752187,40
5,"seattleM1",2015,0.14561985856269,0.212294267630894,6.70321976256035e-06,40
6,"boulderM2",2016,0.508097027477714,0.0554073725852448,0.448893682996679,40
6,"seattleM1",2015,-0.0827661222192512,0.493935387858656,3.97380134863919e-06,40
7,"boulderM2",2016,0.542666476781577,0.0234338484845208,0.50949878221874,40
7,"seattleM1",2015,0.183763668956745,0.491622285368472,6.27258412651211e-05,40
8,"boulderM2",2016,0.436254625126023,0.0187589755816051,0.492525002201091,40
8,"seattleM1",2015,0.101763993186665,0.297863504386953,1.31199136715321e-05,40
9,"boulderM2",2016,0.424431820717867,0.0219093512831808,0.514182456766771,40
9,"seattleM1",2015,0.0690070902016346,0.152212422834993,1.30328896661162e-05,40
10,"boulderM2",2016,0.429569752118347,0.00585103839368906,0.453843209406145,40
10,"seattleM1",2015,-0.000802027889665782,0.438080163597805,1.57223255349306e-05,40
3,"boulderM2",2016,0.421237758042799,0.110888787523041,0.426348672119025,41
3,"seattleM1",2015,0.178892673718159,0.581966125432052,2.78083640034407e-06,41
4,"boulderM2",2016,0.51978781897805,0.0804615344283913,0.481705539177727,41
4,"seattleM1",2015,0.11616706627113,0.764834578036752,8.16857928202018e-05,41
5,"boulderM2",2016,0.464399006873708,0.110688959647338,0.448817093816608,41
5,"seattleM1",2015,0.228784395770875,0.563117015381009,0.000121891333335615,41
6,"boulderM2",2016,0.602469860233484,0.0865903552518192,0.44203001156557,41
6,"seattleM1",2015,0.174296843233025,0.532619009917641,3.24202729466457e-05,41
7,"boulderM2",2016,0.513868553574524,0.118788526462777,0.50031455278066,41
7,"seattleM1",2015,0.187377413389609,0.158589961208647,1.66165344315774e-06,41
8,"boulderM2",2016,0.531298877746513,0.015209361304904,0.4882219174273,41
8,"seattleM1",2015,0.0876510634875834,0.141655665537948,2.57383316472642e-05,41
9,"boulderM2",2016,0.527544396278469,0.0287900833753831,0.488858115516303,41
9,"seattleM1",2015,0.16314572905708,0.662585906299882,6.64406138504678e-06,41
10,"boulderM2",2016,0.387978008296323,0.00100961749093453,0.476330696508741,41
10,"seattleM1",2015,0.141480957561988,0.633230657187863,2.66507337639001e-05,41
3,"boulderM2",2016,0.260816179111643,0.0372325961866765,0.362869584106794,42
3,"seattleM1",2015,0.0376844873072735,0.422821013324993,0.000120325918608537,42
4,"boulderM2",2016,0.527504610363165,0.0127575057843176,0.406182957651351,42
4,"seattleM1",2015,0.135179679667828,0.822347040069334,8.26241102838495e-05,42
5,"boulderM2",2016,0.181308426389423,0.186902174283946,0.41187224357931,42
5,"seattleM1",2015,0.184260240852719,0.896281048227181,3.04170157482104e-05,42
6,"boulderM2",2016,0.44499270709874,0.0722457295274259,0.425365996302501,42
6,"seattleM1",2015,0.14122716550076,0.177213935093549,9.59826133802783e-05,42
7,"boulderM2",2016,0.41255730902879,0.100864757488824,0.466435450316473,42
7,"seattleM1",2015,0.0676385857376539,0.362988646318919,5.77207019220794e-06,42
8,"boulderM2",2016,0.608413000241365,0.120227314070544,0.48656081075926,42
8,"seattleM1",2015,0.144998844352004,0.0152569727559256,4.58838601114322e-05,42
9,"boulderM2",2016,0.576360906053996,0.0823503200839786,0.518422442039772,42
9,"seattleM1",2015,0.0203835182479981,0.33638051707193,7.07616301063225e-06,42
10,"boulderM2",2016,0.464947716683674,0.0129823390885786,0.50856252391087,42
10,"seattleM1",2015,0.137893481612824,0.174488949300042,8.13540868548192e-06,42
3,"boulderM2",2016,0.421612177647572,0.11848458475843,0.429442279566575,43
3,"seattleM1",2015,0.126962039564867,0.832616226609908,0.000213577833307932,43
4,"boulderM2",2016,0.509702819385999,0.196743085547628,0.45286475262583,43
4,"seattleM1",2015,0.0287376473471121,0.809224883950256,3.12429140746304e-06,43
5,"boulderM2",2016,0.521899875590756,0.112017479757844,0.450839709340025,43
5,"seattleM1",2015,0.142004508723631,0.352584397434249,5.8845133512532e-05,43
6,"boulderM2",2016,0.56103035139907,0.0678389416726329,0.44759216178291,43
6,"seattleM1",2015,0.13146704563012,0.781220458551617,9.12775051826904e-05,43
7,"boulderM2",2016,0.466488310284698,0.146085210987285,0.46316647880139,43
7,"seattleM1",2015,0.122074613577043,0.814364213080684,2.64398700008199e-05,43
8,"boulderM2",2016,0.584283743306469,0.0974273497248628,0.483970632632804,43
8,"seattleM1",2015,0.0861579798220142,0.658217825801973,4.6871305645572e-05,43
9,"boulderM2",2016,0.535807742762472,0.00918810116718638,0.490428416764153,43
9,"seattleM1",2015,0.091628552743577,0.929955228757914,5.9516328980506e-05,43
10,"boulderM2",2016,0.520208279351891,0.0250571544144245,0.501768568454539,43
10,"seattleM1",2015,0.14995380711036,0.300232336460403,3.33797326234393e-06,43
3,"boulderM2",2016,0.394566606332881,0.0425207333100716,0.419568445765309,44
3,"seattleM1",2015,0.154617235523125,0.583402179203426,0.000190282827308963,44
4,"boulderM2",2016,0.306186773651236,0.0873449732470123,0.407738500156654,44
4,"seattleM1",2015,0.0717826526690791,0.215466347118354,2.92887712872538e-05,44
5,"boulderM2",2016,0.460310278718945,0.065016754342783,0.449998519015851,44
5,"seattleM1",2015,0.159300009314038,0.487646632331711,0.000142322546971776,44
6,"boulderM2",2016,0.52321507472106,0.028328965719059,0.467914283744444,44
6,"seattleM1",2015,0.159815801455108,0.349834744687649,1.42262856115629e-05,44
7,"boulderM2",2016,0.404702253486084,0.0148057425966505,0.486991355690998,44
7,"seattleM1",2015,-0.0476511964774321,0.553623296627677,9.60746194481803e-05,44
8,"boulderM2",2016,0.5173996322791,0.0738815958564901,0.500475758710034,44
8,"seattleM1",2015,0.0509269842498424,0.431302399266744,6.13355494604988e-06,44
9,"boulderM2",2016,0.595726712683468,0.182977492733235,0.471627999278903,44
9,"seattleM1",2015,0.0995623493498839,0.232752209626611,2.79103309125441e-06,44
10,"boulderM2",2016,0.614603536769347,0.0686187519575424,0.503692201825203,44
10,"seattleM1",2015,0.083134917068629,0.284718713074198,2.8213055675126e-05,44
3,"boulderM2",2016,0.389218397188203,0.00915305613379302,0.400824845889621,45
3,"seattleM1",2015,0.13785781394827,0.365009461904941,3.25418961819525e-05,45
4,"boulderM2",2016,0.401047895517148,0.00781539542656751,0.411826524472403,45
4,"seattleM1",2015,0.0824493554525263,0.028094978971281,5.10980959964685e-05,45
5,"boulderM2",2016,0.463034458280675,0.184188172389391,0.468053739184656,45
5,"seattleM1",2015,0.0648024052747772,0.27719191292999,0.000191865231128893,45
6,"boulderM2",2016,0.402216583291605,0.0574984157866699,0.470200936254336,45
6,"seattleM1",2015,0.173564271728242,0.0614806037352694,5.28293885546924e-05,45
7,"boulderM2",2016,0.56486393612162,0.0289709179581558,0.50257301032065,45
7,"seattleM1",2015,0.142607325814073,0.750023649005673,1.52323764957844e-05,45
8,"boulderM2",2016,0.464655579413073,0.151107671979019,0.500389543792424,45
8,"seattleM1",2015,0.0283181196905891,0.699172117674114,3.16622980128757e-05,45
9,"boulderM2",2016,0.568908477914449,0.0880182524383148,0.487328969884795,45
9,"seattleM1",2015,0.0549562249777026,0.400654833141328,3.85810612035279e-06,45
10,"boulderM2",2016,0.498960252661878,0.0452901922487986,0.502722418587176,45
10,"seattleM1",2015,0.180048397035889,0.52986928140496,5.22111728167715e-05,45
3,"boulderM2",2016,0.416956928733404,0.065985513824211,0.37781478410037,46
3,"seattleM1",2015,0.148487238209215,0.47473342301115,0.000177373028950709,46
4,"boulderM2",2016,0.41187046992822,0.0678160985865728,0.463811061419834,46
4,"seattleM1",2015,0.153028074577501,0.189295138491607,6.68205387640378e-05,46
5,"boulderM2",2016,0.649603987140596,0.135333177162864,0.463578667972456,46
5,"seattleM1",2015,0.120906144126717,0.453765485865832,0.000120845583099581,46
6,"boulderM2",2016,0.410291569412094,0.0969256436305878,0.477739031560081,46
6,"seattleM1",2015,0.0757967648903339,0.1272819304367,7.38642313048423e-05,46
7,"boulderM2",2016,0.513456411141065,0.00340544038321944,0.485705909001409,46
7,"seattleM1",2015,0.179417748570559,0.513363311235533,8.88904623217619e-05,46
8,"boulderM2",2016,0.504681203743865,0.00823154049987329,0.48324076196498,46
8,"seattleM1",2015,0.0933720941132047,0.150016454018103,6.6426210298498e-05,46
9,"boulderM2",2016,0.57750402091241,0.0524580112839386,0.498338234089898,46
9,"seattleM1",2015,0.101364053468095,0.797160724317155,2.10014412100524e-06,46
10,"boulderM2",2016,0.412550110747703,0.0446460593889991,0.515744716897308,46
10,"seattleM1",2015,0.172860300065543,0.639219323372086,5.59681147734811e-07,46
3,"boulderM2",2016,0.386357877900751,0.0976214341772033,0.407658316130644,47
3,"seattleM1",2015,0.156182844349655,0.811904249713077,7.88652116155842e-05,47
4,"boulderM2",2016,0.541193516616951,0.159353272104069,0.432410527660941,47
4,"seattleM1",2015,0.188852777732507,0.19321843988711,0.000103525464826144,47
5,"boulderM2",2016,0.557144635665772,0.169707919737766,0.478323993033928,47
5,"seattleM1",2015,0.0349663875223019,0.51907708025715,6.95876160901793e-05,47
6,"boulderM2",2016,0.555387293099518,0.0713513649921302,0.419527488778324,47
6,"seattleM1",2015,0.0894480224421059,0.711261192014298,1.30323556830618e-05,47
7,"boulderM2",2016,0.287917721205327,0.122285797374906,0.491185328855638,47
7,"seattleM1",2015,0.175161299059676,0.434347541235912,1.97941920826317e-05,47
8,"boulderM2",2016,0.48399111328189,0.0117817568977191,0.495799534482899,47
8,"seattleM1",2015,0.158467960643905,0.758522044085981,8.82421558334034e-06,47
9,"boulderM2",2016,0.310824627155848,0.00567693792085511,0.451251094008541,47
9,"seattleM1",2015,0.0676252789759429,0.166918417441479,4.19647066852922e-06,47
10,"boulderM2",2016,0.445357149168499,0.0269078491611711,0.481348845913418,47
10,"seattleM1",2015,0.0216871232260069,0.941885369045356,1.80539369396183e-05,47
3,"boulderM2",2016,0.408489021392418,0.0677116248177032,0.461337196995687,48
3,"seattleM1",2015,0.141372566293533,0.676026866341399,3.5432821863116e-05,48
4,"boulderM2",2016,0.477153725627702,0.0368137167052316,0.439251085416954,48
4,"seattleM1",2015,0.134002195755507,0.760374626296328,0.000289600629515058,48
5,"boulderM2",2016,0.30032960547456,0.00443200402100397,0.463507066981035,48
5,"seattleM1",2015,-0.152308941894628,0.0244307460860467,0.000303040168017267,48
6,"boulderM2",2016,0.52973206648526,0.0117565395596064,0.482566213856986,48
6,"seattleM1",2015,0.0984183972588395,0.082261177085855,3.84871978802749e-05,48
7,"boulderM2",2016,0.537529704455268,0.00116715525987732,0.462989934702851,48
7,"seattleM1",2015,0.110329198936891,0.735703120786588,0.000183277657647048,48
8,"boulderM2",2016,0.318981318225686,0.221808929056617,0.481069769280685,48
8,"seattleM1",2015,0.111134170844103,0.768217605161212,1.66369832409886e-05,48
9,"boulderM2",2016,0.331336874697535,0.0511712428041312,0.429241749510482,48
9,"seattleM1",2015,0.170526809367536,0.543819465918887,1.2637203760179e-05,48
10,"boulderM2",2016,0.625610769638116,0.0246533794255861,0.501904578939327,48
10,"seattleM1",2015,0.101299950785279,0.930184834274989,1.40621987835731e-05,48
3,"boulderM2",2016,0.388069331302289,0.0237515542637883,0.405450592378446,49
3,"seattleM1",2015,0.175648676537624,0.406991619527543,5.09420560724259e-05,49
4,"boulderM2",2016,0.563890373862168,0.103561198801532,0.461919335441623,49
4,"seattleM1",2015,0.16244918343331,0.859519107649414,4.03039048431634e-05,49
5,"boulderM2",2016,0.275088233602693,0.105099546748814,0.409451283992786,49
5,"seattleM1",2015,0.202832774641919,0.727616504316779,2.5373753247807e-05,49
6,"boulderM2",2016,0.558432447299558,0.00631864327581044,0.491873613162738,49
6,"seattleM1",2015,0.128426078277171,0.782525478083134,6.87096190523295e-05,49
7,"boulderM2",2016,0.447503159731807,0.00671951069775667,0.470115639837001,49
7,"seattleM1",2015,0.0537455949861712,0.66175969153232,2.76435575026451e-05,49
8,"boulderM2",2016,0.462600845619055,0.143351535514675,0.490681207859228,49
8,"seattleM1",2015,0.151606051854624,0.174477911926535,8.79110532487847e-05,49
9,"boulderM2",2016,0.516181306765244,0.0546213520301613,0.528121296976726,49
9,"seattleM1",2015,0.123265238619057,0.943347942949304,6.05937362157597e-05,49
10,"boulderM2",2016,0.440130644941279,0.0350703306204381,0.471713971506555,49
10,"seattleM1",2015,0.0578171851873089,0.333278081013021,2.46793989586537e-05,49
3,"boulderM2",2016,0.360276818553786,0.143105581643532,0.410885927711437,50
3,"seattleM1",2015,0.151320591528526,0.109683535459794,2.19759389328587e-06,50
4,"boulderM2",2016,0.458311824758238,0.00411995155725742,0.465461250157127,50
4,"seattleM1",2015,0.121680419832152,0.904564309674616,3.97877682979001e-05,50
5,"boulderM2",2016,0.575181130818615,0.00459972824648647,0.455597210854012,50
5,"seattleM1",2015,0.0816293161188452,0.541420670368495,3.51331083167115e-05,50
6,"boulderM2",2016,0.510304193274343,0.0748478703190562,0.496538998872554,50
6,"seattleM1",2015,0.0451961597674556,0.572279876313542,5.88537667728589e-05,50
7,"boulderM2",2016,0.340048190720501,0.0216606002258063,0.482587456098406,50
7,"seattleM1",2015,0.139744910690683,0.873772545209012,3.52222084427941e-05,50
8,"boulderM2",2016,0.491261622447035,0.107228745518764,0.471461202042794,50
8,"seattleM1",2015,0.030459392184177,0.721867728297157,7.24177488308708e-05,50
9,"boulderM2",2016,0.526280469099764,0.0385865043431196,0.507612688416854,50
9,"seattleM1",2015,0.243367041971426,0.897705637918718,2.22082620062153e-05,50
10,"boulderM2",2016,0.521794568889246,0.0537945013048906,0.499693455388151,50
10,"seattleM1",2015,0.0542112161956771,0.635287073538905,5.39938352631974e-05,50
