"sample_size","county_id","ban_year","att","rsq","mape","attempt"
3,"boulderM2",2016,0.343315262807884,0.115270992878712,0.387998626381272,1
3,"seattleM1",2015,0.144535504808305,0.14268894079413,2.81811756419674e-05,1
4,"boulderM2",2016,0.538530384823715,0.0273351936591678,0.418825992758075,1
4,"seattleM1",2015,0.163197009814873,0.65538664065401,4.49165503882053e-05,1
5,"boulderM2",2016,0.415273783963009,0.0567251353272457,0.482279387119153,1
5,"seattleM1",2015,0.14005688768423,0.744405222914142,3.63532617847077e-05,1
6,"boulderM2",2016,0.515139622601167,0.0324487343484594,0.487629423553249,1
6,"seattleM1",2015,0.133587582596602,0.908060907989251,2.14373447475433e-05,1
7,"boulderM2",2016,0.47158271037256,0.0188176261549846,0.483090672249201,1
7,"seattleM1",2015,0.0533212102215536,0.341725462514855,4.72143518717374e-05,1
8,"boulderM2",2016,0.554184222016953,0.0644332994557545,0.502718193170161,1
8,"seattleM1",2015,0.07965416969927,0.914826307100796,3.95109489322457e-05,1
9,"boulderM2",2016,0.540336258536341,0.0386531336174266,0.504384140689098,1
9,"seattleM1",2015,0.154187891959616,0.813485506784462,1.49317185955213e-05,1
10,"boulderM2",2016,0.460877907475446,0.0338572328376793,0.511837320171621,1
10,"seattleM1",2015,0.0924165644544588,0.412143734226009,3.24706512611287e-05,1
3,"boulderM2",2016,0.419083080464761,0.123322056341527,0.430990955702835,2
3,"seattleM1",2015,0.116951041384897,0.609006448636739,4.2079200448025e-06,2
4,"boulderM2",2016,0.452756217568982,0.086330949183721,0.446329297475915,2
4,"seattleM1",2015,0.00530463540337128,0.268010380376623,2.78671906211019e-05,2
5,"boulderM2",2016,0.45751063803166,0.181740037822728,0.420917032630048,2
5,"seattleM1",2015,0.152891529573108,0.645433452439484,7.19311255967871e-05,2
6,"boulderM2",2016,0.576429382644865,0.218273221530529,0.458830478117036,2
6,"seattleM1",2015,0.157991374582648,0.309898761318435,8.55882400180727e-06,2
7,"boulderM2",2016,0.338186909974715,0.0412724573962003,0.479556828008913,2
7,"seattleM1",2015,0.169361548894832,0.787251936088995,5.4195601991784e-05,2
8,"boulderM2",2016,0.539044999243148,0.0111230936068365,0.485716426916172,2
8,"seattleM1",2015,0.0714791597771209,0.475454453777196,5.62093140663999e-05,2
9,"boulderM2",2016,0.489152171372992,0.0444621341992357,0.479340450709615,2
9,"seattleM1",2015,0.109656510968931,0.125257550814448,0.000117907305956139,2
10,"boulderM2",2016,0.430944467198084,0.0768257522165261,0.513618393207813,2
10,"seattleM1",2015,0.134719917279372,0.816387460680087,1.11505526107513e-05,2
3,"boulderM2",2016,0.419083080464761,0.123322056341527,0.430990955702835,3
3,"seattleM1",2015,0.167206750351351,0.557018239138325,1.86133748272323e-05,3
4,"boulderM2",2016,0.580023244998197,0.0415782106921653,0.465065334296629,3
4,"seattleM1",2015,0.12568230695146,0.916133510995552,7.14349225026222e-06,3
5,"boulderM2",2016,0.573077421596485,0.0439042730298888,0.471559084971885,3
5,"seattleM1",2015,0.179455711264638,0.552786308065534,1.65814374977767e-05,3
6,"boulderM2",2016,0.433629617823366,0.0932264636519872,0.446463191025709,3
6,"seattleM1",2015,0.0515294695590969,0.732743285802911,2.29304509573597e-05,3
7,"boulderM2",2016,0.388949178250163,0.0578036261371008,0.489699066522581,3
7,"seattleM1",2015,0.073476767620689,0.222250936948007,1.98630303945652e-05,3
8,"boulderM2",2016,0.40205783262691,0.280413178929317,0.482960865081763,3
8,"seattleM1",2015,0.160440853463955,0.829769408439808,6.95360731481813e-08,3
9,"boulderM2",2016,0.556609484238237,0.0178927603388797,0.463338222556402,3
9,"seattleM1",2015,0.102990361140275,0.0997697285065595,2.29097030606836e-05,3
10,"boulderM2",2016,0.36093259990961,0.040386683917766,0.489184385160461,3
10,"seattleM1",2015,0.124950755061936,0.836739681022045,2.49764513697124e-06,3
3,"boulderM2",2016,0.465453397265979,0.076247197773977,0.424640517957649,4
3,"seattleM1",2015,0.13810167528939,0.184414584814642,0.000157360742257951,4
4,"boulderM2",2016,0.521754344859438,0.00636299000677754,0.433970962015366,4
4,"seattleM1",2015,0.163197009814873,0.655386640654012,4.49165503884673e-05,4
5,"boulderM2",2016,0.609770309331595,0.0339530669339363,0.43819075429425,4
5,"seattleM1",2015,0.151830677193961,0.843172191599324,0.000150618672160826,4
6,"boulderM2",2016,0.417832488852956,0.0277961536961242,0.43468272351509,4
6,"seattleM1",2015,0.201033725215376,0.136116088415453,0.00012217706243545,4
7,"boulderM2",2016,0.488076065210539,0.0135034401648108,0.47046928086193,4
7,"seattleM1",2015,0.10686322472896,0.320931732609869,1.05893119204423e-05,4
8,"boulderM2",2016,0.397608913747655,0.00065486569557649,0.491788110229959,4
8,"seattleM1",2015,0.0972923094771295,0.0524108205548955,2.63192573935067e-05,4
9,"boulderM2",2016,0.615372797414048,0.0136548146571343,0.476735231140196,4
9,"seattleM1",2015,0.071473460788757,0.290728239538529,6.624003895054e-05,4
10,"boulderM2",2016,0.491533464581927,0.0375682763587016,0.496022149369173,4
10,"seattleM1",2015,0.160682417817892,0.295103684080336,5.12452356661857e-06,4
3,"boulderM2",2016,0.391792568902865,0.0259402845117397,0.408265090510445,5
3,"seattleM1",2015,0.152414264048534,0.0857445962405768,2.14802691861702e-06,5
4,"boulderM2",2016,0.156773235179168,0.126565989823119,0.410152645187393,5
4,"seattleM1",2015,0.00529018888871024,0.414792784590886,0.00014504808142093,5
5,"boulderM2",2016,0.383583037216221,0.242247953229374,0.378672434602157,5
5,"seattleM1",2015,0.125194864853446,0.740123371102767,0.000117351592017569,5
6,"boulderM2",2016,0.463322601132474,0.174564047081888,0.480194314799784,5
6,"seattleM1",2015,0.0486724186616351,0.515264655761375,1.28955935117107e-05,5
7,"boulderM2",2016,0.513772448425194,0.0791651174443518,0.492481728874454,5
7,"seattleM1",2015,0.128525701958656,0.557417003568283,1.27743139657596e-05,5
8,"boulderM2",2016,0.536192557193936,0.0167239770968499,0.47636978064032,5
8,"seattleM1",2015,0.187195894561736,0.398782894127114,8.45821489748689e-06,5
9,"boulderM2",2016,0.540543045540795,0.0724544339352168,0.508313570560797,5
9,"seattleM1",2015,0.12472822163768,0.922049761751098,2.08660896990691e-06,5
10,"boulderM2",2016,0.501880438627687,0.0157935309636408,0.520898610828706,5
10,"seattleM1",2015,-0.0260526687012766,0.342047107305686,5.13853244835539e-07,5
3,"boulderM2",2016,0.463851590285669,0.0772300930037207,0.41231168196826,6
3,"seattleM1",2015,0.138608241538768,0.0990748744243546,0.00031835362163289,6
4,"boulderM2",2016,0.528885884239908,0.0119118913233142,0.45567538164078,6
4,"seattleM1",2015,0.16694329750518,0.620383503879851,1.65962182081306e-05,6
5,"boulderM2",2016,0.50232756003645,0.081156092376002,0.424478514134182,6
5,"seattleM1",2015,0.150527262739815,0.904901701382313,0.000111056301577861,6
6,"boulderM2",2016,0.491749990895753,0.128376779813881,0.46937023181718,6
6,"seattleM1",2015,-0.16813230608024,0.476473446339807,0.0001587756061934,6
7,"boulderM2",2016,0.61734493646763,0.0249675623966572,0.467721614880645,6
7,"seattleM1",2015,0.257081578725161,0.193032102956862,0.000138693635794846,6
8,"boulderM2",2016,0.458332357099181,0.0314342701122502,0.479625131174123,6
8,"seattleM1",2015,0.0210301695979683,0.540393412612523,0.000185994119180695,6
9,"boulderM2",2016,0.572589769501591,0.0304179998886118,0.47603053203846,6
9,"seattleM1",2015,0.0490760592810232,0.620344531667826,6.21903306335149e-05,6
10,"boulderM2",2016,0.382193698152516,0.124475910182553,0.51127066597729,6
10,"seattleM1",2015,0.129629552810034,0.378139261576941,1.59761534443078e-05,6
3,"boulderM2",2016,0.414138272848654,0.226905691646472,0.425631325854493,7
3,"seattleM1",2015,0.144535504808305,0.142688940794131,2.81811756418364e-05,7
4,"boulderM2",2016,0.234957304838898,0.328584409939557,0.44061870462837,7
4,"seattleM1",2015,0.139129683414016,0.787082644947253,0.000251052312132368,7
5,"boulderM2",2016,0.576607440684798,0.0088254756930185,0.463196886043023,7
5,"seattleM1",2015,0.121008633463966,0.575553086324382,0.000211613825103851,7
6,"boulderM2",2016,0.283154772989211,0.0436032092690692,0.491968551458639,7
6,"seattleM1",2015,0.102286502761569,0.164416171785326,0.000375802900213695,7
7,"boulderM2",2016,0.427428458439385,0.106729163177063,0.457991327563124,7
7,"seattleM1",2015,0.113691177266961,0.261670833667639,3.48596288068079e-05,7
8,"boulderM2",2016,0.362106869867017,0.0479495809263218,0.483950062399196,7
8,"seattleM1",2015,0.165734709500858,0.763832201946943,6.45882048790615e-06,7
9,"boulderM2",2016,0.465202914889151,0.174579850509519,0.481317449504532,7
9,"seattleM1",2015,0.167265516213567,0.662759129555661,4.41632163580072e-05,7
10,"boulderM2",2016,0.475691492387177,0.102773661557178,0.50820077655668,7
10,"seattleM1",2015,0.138129115630723,0.191953991096248,1.51908361020505e-05,7
3,"boulderM2",2016,0.386133468205725,0.0316035152695988,0.405901743750243,8
3,"seattleM1",2015,0.0421298066418758,0.869314148194708,6.3826082084268e-05,8
4,"boulderM2",2016,0.519767561333729,0.13775645898027,0.41938350531308,8
4,"seattleM1",2015,0.154124366063042,0.631547481216659,0.000274011106664077,8
5,"boulderM2",2016,0.231399026165688,0.269103924223962,0.452189938687487,8
5,"seattleM1",2015,0.14200915408702,0.776277354664211,7.71934333670277e-05,8
6,"boulderM2",2016,0.54036585284178,0.00368330385734328,0.482132269458942,8
6,"seattleM1",2015,0.0303472299104025,0.620391024239384,3.30076494367921e-05,8
7,"boulderM2",2016,0.463618155574179,0.0274201273854702,0.468347179041646,8
7,"seattleM1",2015,0.0503679179435068,0.650855003656329,4.39012631350676e-05,8
8,"boulderM2",2016,0.59766560253748,0.0260313905794227,0.490781030772687,8
8,"seattleM1",2015,-0.150453281476212,0.789730439873096,6.92500282321024e-06,8
9,"boulderM2",2016,0.331261448091755,0.00163532122917309,0.490784957852884,8
9,"seattleM1",2015,0.165313744482572,0.160536851959242,3.27219293171942e-06,8
10,"boulderM2",2016,0.393373321729466,0.149570613314711,0.505592196009904,8
10,"seattleM1",2015,0.129999877494467,0.678173594889814,8.799913177277e-05,8
3,"boulderM2",2016,0.337694442407769,0.0211785994059566,0.397755125585808,9
3,"seattleM1",2015,0.156630009219917,0.397478757009646,6.16843105955362e-05,9
4,"boulderM2",2016,0.531835288619768,0.17012961535999,0.423288914049197,9
4,"seattleM1",2015,0.0644943656830984,0.537254260962086,8.74745740900659e-08,9
5,"boulderM2",2016,0.361781210600149,0.0991301774141589,0.437274794517176,9
5,"seattleM1",2015,0.153284739127177,0.273752725409808,0.000102239419155843,9
6,"boulderM2",2016,0.469547272964873,0.0564161548207192,0.481172209461787,9
6,"seattleM1",2015,-0.114322894587652,0.0335537521414141,5.8902635118371e-05,9
7,"boulderM2",2016,0.441796074144212,0.0858196267744953,0.464482145771811,9
7,"seattleM1",2015,0.160621342557974,0.542648884356415,5.9203378489664e-05,9
8,"boulderM2",2016,0.590143478429433,0.0241421205227639,0.498161328248877,9
8,"seattleM1",2015,0.0596200213908251,0.64248650013703,9.35258120498535e-06,9
9,"boulderM2",2016,0.452253282904045,0.00237305100328122,0.52491869614735,9
9,"seattleM1",2015,-0.00315885648435803,0.077128256772084,5.63865303149788e-06,9
10,"boulderM2",2016,0.359413257894795,0.0220396187186804,0.456397312808316,9
10,"seattleM1",2015,0.0664046254468982,0.51281282681973,7.27518400953199e-06,9
3,"boulderM2",2016,0.386133468205725,0.0316035152695983,0.405901743750243,10
3,"seattleM1",2015,0.14885084636758,0.0741460127487922,2.92733293793571e-05,10
4,"boulderM2",2016,0.450068515070238,0.0475249615377435,0.452162267193732,10
4,"seattleM1",2015,0.103605855210299,0.699839980606466,1.87411420647542e-06,10
5,"boulderM2",2016,0.436410286518899,0.00199009260274263,0.428582790666657,10
5,"seattleM1",2015,0.142851994500377,0.148640365269116,2.02787365119967e-05,10
6,"boulderM2",2016,0.414952571846928,0.17705870151749,0.452217787019897,10
6,"seattleM1",2015,0.243566704798709,0.425967421430773,2.29378717750833e-06,10
7,"boulderM2",2016,0.334408971373073,0.0921339530303348,0.444942413446017,10
7,"seattleM1",2015,0.2102556980367,0.877642551099681,2.03599096444748e-05,10
8,"boulderM2",2016,0.628798429617225,0.116907307454421,0.49979907605486,10
8,"seattleM1",2015,0.151406369593153,0.72216800028682,7.52001927423138e-05,10
9,"boulderM2",2016,0.464002450093618,0.0136958591536429,0.482998043565786,10
9,"seattleM1",2015,0.087266528803424,0.866062544308176,5.82486881492833e-06,10
10,"boulderM2",2016,0.526481574548444,0.329479818043202,0.459081977102406,10
10,"seattleM1",2015,0.228672501942049,0.64419827306041,1.69808598519809e-05,10
3,"boulderM2",2016,0.385420003996862,0.0651688320538181,0.406064394298817,11
3,"seattleM1",2015,0.150114904961445,0.559024842559899,1.47822090170162e-05,11
4,"boulderM2",2016,0.459275060933964,0.163780047640171,0.447387273687216,11
4,"seattleM1",2015,0.198140725611491,0.261762995875784,1.89899103157784e-05,11
5,"boulderM2",2016,0.522338791912015,0.0350122395125002,0.484867199801826,11
5,"seattleM1",2015,0.13795293082908,0.120638129015391,2.51221537840204e-05,11
6,"boulderM2",2016,0.538335627915801,0.175266737553768,0.475433873879183,11
6,"seattleM1",2015,0.130416620465566,0.881530511780244,3.17034935146451e-05,11
7,"boulderM2",2016,0.480842164774758,0.0411025919691447,0.489864573168119,11
7,"seattleM1",2015,0.0594418041038492,0.715279955481526,3.4087126396986e-05,11
8,"boulderM2",2016,0.48679040726646,0.0723659683924096,0.47747999549879,11
8,"seattleM1",2015,0.148104767310941,0.224678471458595,3.10674518560249e-05,11
9,"boulderM2",2016,0.456879488896022,0.035207443410479,0.491098271997352,11
9,"seattleM1",2015,0.0872888742883419,0.161660355093974,3.26481837069526e-05,11
10,"boulderM2",2016,0.477156293733659,0.0530543404684931,0.486352369554729,11
10,"seattleM1",2015,0.152363234926095,0.537331370851694,1.21515904295778e-06,11
3,"boulderM2",2016,0.538915958955686,0.097795745801325,0.398739685844084,12
3,"seattleM1",2015,0.188274247663223,0.285012679803146,4.96156663650609e-05,12
4,"boulderM2",2016,0.312396048217263,0.0234486733083392,0.441102070117407,12
4,"seattleM1",2015,0.145397046360389,0.429915910022738,6.99653812664189e-05,12
5,"boulderM2",2016,0.428407070208997,0.0525047111499444,0.449710036699465,12
5,"seattleM1",2015,0.145859206217961,0.246638498414616,7.26094905193423e-05,12
6,"boulderM2",2016,0.437650196333941,0.0207134766531706,0.498797511056771,12
6,"seattleM1",2015,0.103222170400991,0.677466891104694,8.12885448842194e-05,12
7,"boulderM2",2016,0.583192824787901,0.272520780877449,0.481799996049939,12
7,"seattleM1",2015,0.211320367448185,0.364253444500346,1.69188946410655e-05,12
8,"boulderM2",2016,0.580112748964368,0.0201532974257222,0.479816789745792,12
8,"seattleM1",2015,0.166957092975179,0.235433226742847,2.82938974814543e-05,12
9,"boulderM2",2016,0.496714897685877,0.0385617230008639,0.487394884757467,12
9,"seattleM1",2015,0.226626637325564,0.463487453303151,1.91658471700574e-05,12
10,"boulderM2",2016,0.535300357442605,0.0793151291667652,0.497288537285148,12
10,"seattleM1",2015,0.20702448937646,0.214828281123522,1.58949067612328e-05,12
3,"boulderM2",2016,0.37917887703982,0.0118121175457128,0.408797280168102,13
3,"seattleM1",2015,0.0256591088301735,0.552722736874851,3.9887769118206e-06,13
4,"boulderM2",2016,0.433317507306145,0.0157926658088681,0.370052644827745,13
4,"seattleM1",2015,0.170905340172822,0.745796353662856,5.95221703704716e-05,13
5,"boulderM2",2016,0.288356773242172,0.0920902595144721,0.430995367913729,13
5,"seattleM1",2015,0.140017605621639,0.74156707236282,2.14965044442495e-05,13
6,"boulderM2",2016,0.540260264709188,0.00106059692703442,0.440957733659566,13
6,"seattleM1",2015,0.180947960449496,0.763591954399057,2.79229540534211e-05,13
7,"boulderM2",2016,0.501814390235205,0.0391577165121544,0.486032685354228,13
7,"seattleM1",2015,0.147037369235447,0.155861632342126,4.41031223703375e-05,13
8,"boulderM2",2016,0.354287746403783,0.0349522920576864,0.466790164551177,13
8,"seattleM1",2015,0.039021788411261,0.228926554091998,1.7592715945176e-05,13
9,"boulderM2",2016,0.416623235250711,0.00613574439960707,0.494053412220501,13
9,"seattleM1",2015,0.0479703189448164,0.137117271228239,0.000112697682498948,13
10,"boulderM2",2016,0.579589187346941,0.0242300619040814,0.491155643220184,13
10,"seattleM1",2015,-0.0370351464705561,0.47395690796038,2.96647080220702e-05,13
3,"boulderM2",2016,0.382616332583026,0.100513370790818,0.375742950818972,14
3,"seattleM1",2015,0.180448872294495,0.470129211215629,0.000123156031237738,14
4,"boulderM2",2016,0.453298712895996,0.0371938326271959,0.467850172569205,14
4,"seattleM1",2015,0.157666074151511,0.529037864018755,9.68713195704754e-05,14
5,"boulderM2",2016,0.308320068953578,0.075593995319838,0.481751833250924,14
5,"seattleM1",2015,0.0629031063585199,0.277428234613178,6.21413526468865e-06,14
6,"boulderM2",2016,0.470308979199305,0.171474074175539,0.5103238439945,14
6,"seattleM1",2015,0.125071632589764,0.20211940155473,6.73799704421246e-06,14
7,"boulderM2",2016,0.613991242807299,0.0170740747293704,0.485106565133101,14
7,"seattleM1",2015,0.0575576583311012,0.788472634264278,1.39859637329046e-05,14
8,"boulderM2",2016,0.541877242806892,0.0290290177954204,0.489892172460011,14
8,"seattleM1",2015,0.150761606991403,0.597645998973723,5.58342431142716e-05,14
9,"boulderM2",2016,0.4328444758204,0.168740654408472,0.498756524721646,14
9,"seattleM1",2015,0.163499964484344,0.031178875407364,0.000105600944564728,14
10,"boulderM2",2016,0.532214581963576,0.0668825576066419,0.491519924575,14
10,"seattleM1",2015,-0.132766679715884,0.840938343269042,3.45414216551072e-06,14
3,"boulderM2",2016,0.492097256741382,0.144983103204464,0.364443742766409,15
3,"seattleM1",2015,0.15978751157159,0.383099604341096,6.29420106231603e-05,15
4,"boulderM2",2016,0.452959363734138,0.0727276900354933,0.463520141586708,15
4,"seattleM1",2015,0.196281843466848,0.789082388561397,0.000131257340737195,15
5,"boulderM2",2016,0.602475391150549,0.0235078765389156,0.467161403143616,15
5,"seattleM1",2015,0.0703240114382364,0.699193559978649,8.12330049240053e-06,15
6,"boulderM2",2016,0.386878807693465,0.0359217043574576,0.460540396350894,15
6,"seattleM1",2015,0.139666496665349,0.473417672016828,5.82429960041612e-05,15
7,"boulderM2",2016,0.531638445655517,0.0745191460415167,0.478069931076257,15
7,"seattleM1",2015,0.340721454232913,0.717438682169006,4.47274198887961e-06,15
8,"boulderM2",2016,0.449744945137238,0.090206786066134,0.481279975852341,15
8,"seattleM1",2015,0.100654577331292,0.527172568533004,7.62302186041677e-06,15
9,"boulderM2",2016,0.421836495343122,0.0490045972481088,0.498781870516415,15
9,"seattleM1",2015,0.0904127094514623,0.0236226990159628,1.91324400489696e-05,15
10,"boulderM2",2016,0.489458870469675,0.0438204786583599,0.481689135435427,15
10,"seattleM1",2015,0.0463144195946773,0.251631059469465,7.12504520821339e-06,15
3,"boulderM2",2016,0.317310276191361,0.0605997764095728,0.416699737411012,16
3,"seattleM1",2015,0.0445025028900469,0.856090927638915,0.000125151930290994,16
4,"boulderM2",2016,0.388449421624046,0.105054897428889,0.431264089226276,16
4,"seattleM1",2015,0.142635067350659,0.383859789448514,2.05343516412171e-05,16
5,"boulderM2",2016,0.38151622822214,0.125015341599084,0.456462243336554,16
5,"seattleM1",2015,0.0535526168510125,0.271026119047296,7.86705653815537e-05,16
6,"boulderM2",2016,0.338618223913022,0.0641716081835969,0.463270469738257,16
6,"seattleM1",2015,0.134458690324925,0.303245949055678,1.1142035314903e-05,16
7,"boulderM2",2016,0.370053562944054,0.04212791502621,0.435075130396746,16
7,"seattleM1",2015,0.139722981833623,0.575790751382457,1.7732023780828e-05,16
8,"boulderM2",2016,0.459141258486308,0.0162663024671474,0.483761355321591,16
8,"seattleM1",2015,0.149346009848327,0.725364346558939,3.57354347040597e-05,16
9,"boulderM2",2016,0.390760870087893,0.116318887290672,0.499211576344317,16
9,"seattleM1",2015,0.22267224926946,0.585201843057706,8.95520190824186e-05,16
10,"boulderM2",2016,0.401864432749603,0.156160652668872,0.478796274796138,16
10,"seattleM1",2015,-0.00109168895062667,0.530560347188662,4.20671557177894e-05,16
3,"boulderM2",2016,0.454254984202084,0.00192755520482779,0.460397293368039,17
3,"seattleM1",2015,0.156470874518684,0.270094225334419,3.5601397551426e-05,17
4,"boulderM2",2016,0.513830657100305,0.0523211133225787,0.483954150832378,17
4,"seattleM1",2015,0.147291841081439,0.385364179527766,7.96406606504964e-05,17
5,"boulderM2",2016,0.458986385250788,0.0179843552155853,0.431485401900124,17
5,"seattleM1",2015,0.118163781108755,0.872047294217182,1.82443421380134e-05,17
6,"boulderM2",2016,0.507338137037718,0.0304854472524504,0.421303667350381,17
6,"seattleM1",2015,0.1261091125062,0.800275610853875,7.01052586796719e-05,17
7,"boulderM2",2016,0.452557033573634,0.0136966951337776,0.463959918025016,17
7,"seattleM1",2015,0.0149536483786392,0.66549595651928,6.28714112441652e-05,17
8,"boulderM2",2016,0.588401364473152,0.0407654808573777,0.500558291362516,17
8,"seattleM1",2015,0.130392390962256,0.506616543931072,1.44432181177045e-06,17
9,"boulderM2",2016,0.505046755887001,0.038429239646431,0.475688422732655,17
9,"seattleM1",2015,0.0277750568710314,0.844615924477112,3.41725133236314e-05,17
10,"boulderM2",2016,0.517772210419533,0.00928635460669502,0.479925557073738,17
10,"seattleM1",2015,0.199253570489321,0.699731032602415,6.05208154111701e-05,17
3,"boulderM2",2016,0.39041215059334,0.00919043526083996,0.405384078898107,18
3,"seattleM1",2015,0.217475981150482,0.390839626171845,1.83967714691841e-05,18
4,"boulderM2",2016,0.42717991031999,0.0493731870079454,0.471687528594809,18
4,"seattleM1",2015,0.11113945849657,0.0953592825141775,8.03527944736251e-06,18
5,"boulderM2",2016,0.467930409144376,0.151855879616841,0.389002421698273,18
5,"seattleM1",2015,0.210640036342847,0.614310895543838,4.30646254808523e-06,18
6,"boulderM2",2016,0.518575573444478,0.134155863450628,0.452416301380709,18
6,"seattleM1",2015,0.146066987753269,0.601066251062519,0.00010029812002045,18
7,"boulderM2",2016,0.507323807318767,0.0773715358431036,0.47594292771315,18
7,"seattleM1",2015,0.148972766632673,0.618739522677349,1.50813673927377e-05,18
8,"boulderM2",2016,0.287056657246495,0.036259417631567,0.443970931579783,18
8,"seattleM1",2015,0.109210250164917,0.863772247612133,6.35871488257885e-05,18
9,"boulderM2",2016,0.4502651905993,0.00793831027625325,0.508504707429581,18
9,"seattleM1",2015,-0.00483409737634506,0.360042579293559,3.11034508042539e-06,18
10,"boulderM2",2016,0.617809356881629,0.00329429704792472,0.486624535047921,18
10,"seattleM1",2015,0.106236799525958,0.781566259347431,3.21928465424086e-05,18
3,"boulderM2",2016,0.354134283587389,0.168396138414942,0.437275214835869,19
3,"seattleM1",2015,0.148184194961988,0.41516710299227,1.43640329636622e-05,19
4,"boulderM2",2016,0.489543994478296,0.183106473746049,0.407752579343296,19
4,"seattleM1",2015,0.117480701240202,0.83293351440796,3.53619560386259e-06,19
5,"boulderM2",2016,0.477267400635437,0.00702476274154351,0.478324399141349,19
5,"seattleM1",2015,0.0701643891627986,0.329999086075434,7.2411931760986e-05,19
6,"boulderM2",2016,0.406711090478785,0.00473299287051665,0.444990506696884,19
6,"seattleM1",2015,0.0798722793665275,0.406312539541874,3.92702137474639e-05,19
7,"boulderM2",2016,0.493639641283294,0.0721003414220199,0.44144411838471,19
7,"seattleM1",2015,0.036163047837192,0.410846681922247,3.20672834459687e-05,19
8,"boulderM2",2016,0.505751057664818,0.0773920264264871,0.434682016033315,19
8,"seattleM1",2015,0.10239214610599,0.879156079349719,5.95145132005796e-07,19
9,"boulderM2",2016,0.433650965053605,0.0141029017268913,0.4721458262969,19
9,"seattleM1",2015,0.133501627038073,0.299930845739596,6.99929147303555e-06,19
10,"boulderM2",2016,0.537435039256157,0.075535187715676,0.49203243397958,19
10,"seattleM1",2015,0.150499787695058,0.770506048198291,3.78367011348676e-05,19
3,"boulderM2",2016,0.324099818865581,0.0289114993283911,0.411967106905767,20
3,"seattleM1",2015,-0.0150038521159748,0.241545187183293,7.42901897100297e-05,20
4,"boulderM2",2016,0.560869371223503,0.202809863566286,0.429355627327641,20
4,"seattleM1",2015,0.173359173310971,0.891490660030032,2.72461469642111e-05,20
5,"boulderM2",2016,0.406676227312748,0.0564784674736994,0.38452893914246,20
5,"seattleM1",2015,0.155880578188176,0.723510245167855,4.95873532435757e-05,20
6,"boulderM2",2016,0.624073962177003,0.0888071787238915,0.487412362337911,20
6,"seattleM1",2015,-0.0311463254027242,0.0835527850111297,2.66227100597718e-05,20
7,"boulderM2",2016,0.523160374948405,0.246351847672495,0.459019436617859,20
7,"seattleM1",2015,0.149113051715138,0.464726667751178,4.0842294667657e-05,20
8,"boulderM2",2016,0.566483459295469,0.0106394746638866,0.50911509023227,20
8,"seattleM1",2015,0.0983930137568085,0.667225987150267,3.45818600647267e-05,20
9,"boulderM2",2016,0.412713669462673,0.00300853920828359,0.509873491999966,20
9,"seattleM1",2015,0.161896208990505,0.601883847392848,1.22072215755098e-05,20
10,"boulderM2",2016,0.541648711242444,0.128227236417203,0.515450666115053,20
10,"seattleM1",2015,0.12284152584156,0.202910235286365,2.55252335737337e-06,20
3,"boulderM2",2016,0.426380191582114,0.108106974551658,0.434471417330719,21
3,"seattleM1",2015,0.130553987987014,0.908059012468323,2.26152965786628e-05,21
4,"boulderM2",2016,0.311396525396874,0.00881865318452979,0.430899363529735,21
4,"seattleM1",2015,0.105207073958264,0.531681180086294,0.000474013480043285,21
5,"boulderM2",2016,0.478513933197769,0.0543772459766425,0.422528924437012,21
5,"seattleM1",2015,0.121471823796703,0.300159152052313,1.26116571492738e-05,21
6,"boulderM2",2016,0.405073626885006,0.089354543861213,0.427454275461884,21
6,"seattleM1",2015,0.0363066271152003,0.507999514822553,7.25772544976342e-06,21
7,"boulderM2",2016,0.444132406918608,0.161170384307092,0.465134960770768,21
7,"seattleM1",2015,0.131412844579167,0.736437553666952,2.89942211914374e-06,21
8,"boulderM2",2016,0.31426645244563,0.092413605271004,0.47913731391613,21
8,"seattleM1",2015,0.157614779440615,0.531467106186714,4.97892367833398e-06,21
9,"boulderM2",2016,0.403878284606923,0.0962760322430056,0.467048197616158,21
9,"seattleM1",2015,0.0588234502177686,0.579370264997747,2.7238027503406e-06,21
10,"boulderM2",2016,0.38218212681088,0.0673420230722789,0.466673942592343,21
10,"seattleM1",2015,-0.059665590922432,0.701200086011234,3.11421692467156e-05,21
3,"boulderM2",2016,0.537045992622502,0.0131068431086356,0.426131054140827,22
3,"seattleM1",2015,0.127029828932384,0.547971994043616,1.47311656985309e-05,22
4,"boulderM2",2016,0.325695918880853,0.238892553874093,0.462026096339958,22
4,"seattleM1",2015,0.128375482754402,0.362584380075485,2.42671948405237e-05,22
5,"boulderM2",2016,0.385360528777293,0.0650952270542066,0.46846135330105,22
5,"seattleM1",2015,0.149568918447239,0.63582670459021,3.59344307724467e-05,22
6,"boulderM2",2016,0.592664195516446,0.0553181006761239,0.472719131283286,22
6,"seattleM1",2015,0.0994122776614253,0.695329720151827,5.30487869058319e-05,22
7,"boulderM2",2016,0.496043177759976,0.069333594879354,0.476846035374732,22
7,"seattleM1",2015,0.0531669951205561,0.568478340135732,4.61645719538698e-06,22
8,"boulderM2",2016,0.480446840363858,0.102607636924786,0.483369984539155,22
8,"seattleM1",2015,0.169179258100984,0.789151226301605,5.14545171555135e-05,22
9,"boulderM2",2016,0.594596195271252,0.0206122038610174,0.496420729421735,22
9,"seattleM1",2015,0.104420636881398,0.583467870614541,6.8320116704944e-05,22
10,"boulderM2",2016,0.426336881364287,0.0174722668820038,0.488907561696781,22
10,"seattleM1",2015,0.118067367122853,0.799830288750173,1.12835161709227e-05,22
3,"boulderM2",2016,0.503050147162898,0.107328697396882,0.448353847785776,23
3,"seattleM1",2015,0.0331037129053209,0.83865575071805,2.09168635864141e-05,23
4,"boulderM2",2016,0.224731455403846,0.317667153816927,0.461985462183763,23
4,"seattleM1",2015,0.136782737740601,0.583789648565948,3.36505706082141e-06,23
5,"boulderM2",2016,0.228545615991168,0.0502618038233063,0.391289799229442,23
5,"seattleM1",2015,0.133656422148595,0.407303987164759,6.8234166460613e-05,23
6,"boulderM2",2016,0.550146823111797,0.135144374340725,0.477994345629236,23
6,"seattleM1",2015,0.222054825188006,0.825870045316941,8.71644516086392e-05,23
7,"boulderM2",2016,0.545802686333118,0.150786040348468,0.475497658512959,23
7,"seattleM1",2015,-0.0678973051502093,0.758726831352583,3.76372398473333e-05,23
8,"boulderM2",2016,0.547286328858996,0.00554171180735286,0.486921135831139,23
8,"seattleM1",2015,0.195146164464783,0.746918240463257,2.94785566429554e-05,23
9,"boulderM2",2016,0.469207234841603,0.174929734025677,0.494833707332065,23
9,"seattleM1",2015,0.192186791779894,0.240057400411346,3.08790882888214e-05,23
10,"boulderM2",2016,0.505182411883881,0.0498539150677654,0.488194491610227,23
10,"seattleM1",2015,0.120975437563409,0.0862678708775264,3.23596468139564e-06,23
3,"boulderM2",2016,0.389371387111062,0.0158561689819503,0.405346712166093,24
3,"seattleM1",2015,0.220633458307806,0.906724274755342,4.20752671519794e-05,24
4,"boulderM2",2016,0.54553110535155,0.0681211892437136,0.465454471674599,24
4,"seattleM1",2015,0.153289509659943,0.834461268295892,3.07261366774639e-06,24
5,"boulderM2",2016,0.498435863750774,0.0594902758207403,0.446161069034413,24
5,"seattleM1",2015,0.107076554844833,0.541995131089423,3.53424596372422e-05,24
6,"boulderM2",2016,0.494551332995474,0.196442517179332,0.46803252265438,24
6,"seattleM1",2015,-0.096997048767089,0.699797752774978,7.21983500550386e-06,24
7,"boulderM2",2016,0.424449494232125,0.0802078504694299,0.476552445137127,24
7,"seattleM1",2015,0.118870990778874,0.25776882019733,2.66880708987858e-06,24
8,"boulderM2",2016,0.500790837747491,0.0301781462306906,0.462959186524617,24
8,"seattleM1",2015,0.0330957962404341,0.582588394148615,6.13792724326412e-06,24
9,"boulderM2",2016,0.635281714976386,0.0682639566921509,0.506881506318311,24
9,"seattleM1",2015,0.143921663036828,0.765730134866166,0.000132642100206441,24
10,"boulderM2",2016,0.493610859367774,0.0503592720526975,0.501261458301773,24
10,"seattleM1",2015,0.102721242164027,0.41364512887079,4.75492596086421e-06,24
3,"boulderM2",2016,0.433408070016059,0.352590759370648,0.450083988082076,25
3,"seattleM1",2015,0.124236227960468,0.294736705201099,0.000161257056871495,25
4,"boulderM2",2016,0.442542652469598,0.0143181730804464,0.453987883326148,25
4,"seattleM1",2015,0.118625494080102,0.493915879081211,1.05252848398545e-05,25
5,"boulderM2",2016,0.565560622153126,0.00894168404750095,0.473125513654867,25
5,"seattleM1",2015,0.0071104793855001,0.221129037439796,2.5388955137987e-05,25
6,"boulderM2",2016,0.451889507070042,0.0259262025731164,0.448563993120724,25
6,"seattleM1",2015,0.132367316423462,0.476398018756846,2.43191692099765e-05,25
7,"boulderM2",2016,0.542439987522537,0.0227510476160373,0.483262863730377,25
7,"seattleM1",2015,-0.00290706621621089,0.12926040132924,2.09672415113498e-05,25
8,"boulderM2",2016,0.589963405659964,0.0773332389455782,0.49058615760333,25
8,"seattleM1",2015,0.0995084698862185,0.837730207530588,2.14740186016172e-05,25
9,"boulderM2",2016,0.494393135250599,0.0618422051097743,0.48104454977869,25
9,"seattleM1",2015,0.113406281692266,0.565623057532841,1.81155687874991e-05,25
10,"boulderM2",2016,0.449939143881608,0.0273395940018949,0.48170031680891,25
10,"seattleM1",2015,0.100010536631447,0.564914334197965,3.85680299687858e-07,25
3,"boulderM2",2016,0.13486284438299,0.0977210845583131,0.413982169054084,26
3,"seattleM1",2015,0.154617235523125,0.583402179203426,0.000190282827308963,26
4,"boulderM2",2016,0.402180373421349,0.239411107407723,0.440987186723284,26
4,"seattleM1",2015,0.109697660845554,0.275028043199919,8.07759490775905e-05,26
5,"boulderM2",2016,0.429440132724941,0.140997814565298,0.454817654215201,26
5,"seattleM1",2015,0.0360741154566193,0.65704209937711,3.3681645234587e-05,26
6,"boulderM2",2016,0.214460700079843,0.0278716069646114,0.42926117527175,26
6,"seattleM1",2015,0.0474820484427763,0.290083422042218,3.27277060025149e-05,26
7,"boulderM2",2016,0.308301239059548,0.021769449901658,0.423524321457012,26
7,"seattleM1",2015,0.148646196410589,0.503029643085849,0.0001009058965403,26
8,"boulderM2",2016,0.514786208976989,0.125053901275602,0.471125922141018,26
8,"seattleM1",2015,0.152303922938732,0.128665375275368,4.55968745457189e-06,26
9,"boulderM2",2016,0.525713349262424,0.0186341288615322,0.493668400603319,26
9,"seattleM1",2015,0.16933162086573,0.0698025539820464,2.2845540861984e-06,26
10,"boulderM2",2016,0.507714210123666,0.0454082140530812,0.491500661391819,26
10,"seattleM1",2015,0.130098311762392,0.813816696505126,3.89680500540626e-05,26
3,"boulderM2",2016,0.388777808421479,0.0162259108539541,0.403533048313191,27
3,"seattleM1",2015,0.0731510870481965,0.776775054815574,5.96882474271686e-05,27
4,"boulderM2",2016,0.0988010858535236,0.230855374524204,0.357642895803828,27
4,"seattleM1",2015,0.160578507058863,0.3357588565278,5.06615224665954e-05,27
5,"boulderM2",2016,0.392777498290759,0.076185871148555,0.45418089643616,27
5,"seattleM1",2015,0.099515286197732,0.66975533151122,0.000165151643194663,27
6,"boulderM2",2016,0.424759003126732,0.0758530177569232,0.453346648361742,27
6,"seattleM1",2015,0.0680544190322274,0.0795984485483782,8.21155591634738e-05,27
7,"boulderM2",2016,0.306592333685627,0.0175561045225147,0.486610986391549,27
7,"seattleM1",2015,0.134042159283123,0.300851722123623,1.42485433637248e-05,27
8,"boulderM2",2016,0.522170218069221,0.0133158060237037,0.499753490002029,27
8,"seattleM1",2015,0.042504133742045,0.657101139420707,1.15070920708801e-05,27
9,"boulderM2",2016,0.506206212480953,0.0694496714144442,0.495891856579825,27
9,"seattleM1",2015,0.0879369163212824,0.512012627005585,1.0785412110289e-06,27
10,"boulderM2",2016,0.52003255281441,0.28802778690371,0.4963387032894,27
10,"seattleM1",2015,0.017008582260322,0.475381305395698,1.40831663446654e-05,27
3,"boulderM2",2016,0.318386239347894,0.0934641577869012,0.450634993310253,28
3,"seattleM1",2015,0.150114904961445,0.559024842559901,1.47822090171472e-05,28
4,"boulderM2",2016,0.473095197839038,0.0332622181269814,0.421696543475016,28
4,"seattleM1",2015,0.122579700670939,0.798706479671502,7.34095224444581e-05,28
5,"boulderM2",2016,0.39945312238472,0.0031381725065297,0.47102252261148,28
5,"seattleM1",2015,0.128788630698303,0.266141418465161,3.50349349277813e-05,28
6,"boulderM2",2016,0.450583913790315,0.172944351707116,0.498863091901409,28
6,"seattleM1",2015,0.127261318470333,0.677817274818111,3.25615864001643e-05,28
7,"boulderM2",2016,0.461011367967331,0.208705796761924,0.493639512739528,28
7,"seattleM1",2015,0.0722726339356824,0.413102440157981,2.55825417682273e-05,28
8,"boulderM2",2016,0.493658947273816,0.0268711268204985,0.492924504562674,28
8,"seattleM1",2015,-0.0500687418325163,0.453417470043189,3.30253831892269e-05,28
9,"boulderM2",2016,0.530463065427728,0.0650317270958474,0.503573118690257,28
9,"seattleM1",2015,-0.0662039848850628,0.466569248386091,2.53144896839275e-05,28
10,"boulderM2",2016,0.576972820928642,0.0342671283095729,0.511012445700938,28
10,"seattleM1",2015,-0.0125482355791941,0.550433042042187,9.52444745657687e-06,28
3,"boulderM2",2016,0.353963754241336,0.238813360797281,0.389441289801108,29
3,"seattleM1",2015,0.065770529186793,0.409125895609618,1.39613987132418e-05,29
4,"boulderM2",2016,0.631045338497372,0.229921544090266,0.461621965608832,29
4,"seattleM1",2015,0.136251560635091,0.849821873795364,5.72056263324505e-05,29
5,"boulderM2",2016,0.41167008866308,0.077409439409257,0.493312665507233,29
5,"seattleM1",2015,0.0600295077789614,0.600161033110845,1.42058589350606e-05,29
6,"boulderM2",2016,0.357201719830172,0.144396658696319,0.483928465872675,29
6,"seattleM1",2015,0.10525952992663,0.403258731377197,6.82393897708209e-05,29
7,"boulderM2",2016,0.46795148406046,0.0375872290474688,0.437565674284141,29
7,"seattleM1",2015,0.0706238775896601,0.0561087387471414,2.44193120002776e-05,29
8,"boulderM2",2016,0.441973819597072,0.160618211896297,0.507795981995066,29
8,"seattleM1",2015,0.0747189282861287,0.442985408731473,1.12249489375369e-06,29
9,"boulderM2",2016,0.445145713707115,0.0148242416999834,0.510537161645915,29
9,"seattleM1",2015,-0.0373017311915796,0.0145080694411134,1.58065367721927e-05,29
10,"boulderM2",2016,0.527940596081014,0.0132306324921044,0.487723566914398,29
10,"seattleM1",2015,0.110194549787175,0.0729862945403684,0.000108003774899845,29
3,"boulderM2",2016,0.171181909183045,0.0427627093810212,0.420087917680643,30
3,"seattleM1",2015,0.141372566293533,0.676026866341399,3.5432821863116e-05,30
4,"boulderM2",2016,0.492339889724026,0.02993647812023,0.457208035685788,30
4,"seattleM1",2015,0.168711491030547,0.389918018784994,4.30883592518506e-05,30
5,"boulderM2",2016,0.441210294727821,0.0149253507485615,0.466298088279266,30
5,"seattleM1",2015,0.0820835310902691,0.964452274056272,2.87941505063743e-05,30
6,"boulderM2",2016,0.479123768119597,0.0368064826196863,0.482537832545194,30
6,"seattleM1",2015,0.127315118387153,0.932803858779082,8.16822755198516e-05,30
7,"boulderM2",2016,0.394240424122794,0.0329391269404098,0.461763228569678,30
7,"seattleM1",2015,0.157261578425138,0.245045886906956,6.04150439681318e-06,30
8,"boulderM2",2016,0.463640531637576,0.086236893072462,0.472929364617137,30
8,"seattleM1",2015,0.0827980126735414,0.642883578980015,1.28321545080697e-05,30
9,"boulderM2",2016,0.530130715616514,0.0832275316913462,0.500159596788438,30
9,"seattleM1",2015,-0.0772279902989115,0.322471710735285,4.40743557903344e-05,30
10,"boulderM2",2016,0.623912269943867,0.0130418119534366,0.510128413302857,30
10,"seattleM1",2015,0.091118954850326,0.495579271084918,3.5388482830238e-05,30
3,"boulderM2",2016,0.503033764002294,0.135672040703216,0.436900796607853,31
3,"seattleM1",2015,0.0421298066418756,0.869314148194707,6.3826082084268e-05,31
4,"boulderM2",2016,0.315380947431724,0.170924719854509,0.408635110562024,31
4,"seattleM1",2015,0.134697313399066,0.399647262158675,6.91159988786166e-05,31
5,"boulderM2",2016,0.503470738273163,0.130310965146016,0.443946919687588,31
5,"seattleM1",2015,0.0555215777378988,0.758911870738797,9.05861631264624e-05,31
6,"boulderM2",2016,0.398902163172356,0.0325402395086746,0.434348057735653,31
6,"seattleM1",2015,0.104375355391642,0.0318658077888984,5.08266675785749e-05,31
7,"boulderM2",2016,0.443106145741912,0.0613779499299484,0.498958635374096,31
7,"seattleM1",2015,0.117974567106061,0.759861019055674,7.29708654762987e-05,31
8,"boulderM2",2016,0.429581653644701,0.0208553914597529,0.474769518094384,31
8,"seattleM1",2015,0.164326934528546,0.946967704183397,5.9986003824343e-07,31
9,"boulderM2",2016,0.466079728495711,0.00750555810009812,0.465523932589728,31
9,"seattleM1",2015,0.133836504028918,0.705276895290099,1.55477883852639e-05,31
10,"boulderM2",2016,0.46247778536084,0.0576706060633748,0.49312842698201,31
10,"seattleM1",2015,0.0940289108662639,0.656283562823846,5.84311286251737e-05,31
3,"boulderM2",2016,0.316933314968709,0.226143435457702,0.37431280210912,32
3,"seattleM1",2015,0.146307905142556,0.53470995608835,4.99731633381366e-05,32
4,"boulderM2",2016,0.557522143191709,0.117698833367791,0.428079062627266,32
4,"seattleM1",2015,0.192497696927446,0.136500977439297,1.68452547954847e-05,32
5,"boulderM2",2016,0.545622668190647,0.414505610649042,0.468026295960279,32
5,"seattleM1",2015,0.0368830778776765,0.149919291245417,0.000109947275334034,32
6,"boulderM2",2016,0.392906535951898,0.0614266845347196,0.457436011560338,32
6,"seattleM1",2015,0.0117664657805407,0.823262866567073,2.49216805316837e-05,32
7,"boulderM2",2016,0.434541327559448,0.0586242231087362,0.46653140360708,32
7,"seattleM1",2015,0.01996001266459,0.1099863609768,0.000189984068468792,32
8,"boulderM2",2016,0.484366978312103,0.0304378049656819,0.480179623580345,32
8,"seattleM1",2015,-0.0548697562242263,0.251014593257457,2.35325334447366e-05,32
9,"boulderM2",2016,0.44226099629785,0.0134585113119489,0.497925149941639,32
9,"seattleM1",2015,0.0334248238733968,0.424023303071073,1.79533294948307e-07,32
10,"boulderM2",2016,0.547439214752436,0.168741666442303,0.496906469525775,32
10,"seattleM1",2015,0.0663169300799722,0.214238172726564,3.16100587286488e-05,32
3,"boulderM2",2016,0.391792568902865,0.0259402845117397,0.408265090510445,33
3,"seattleM1",2015,0.0376844873072735,0.422821013324993,0.000120325918608537,33
4,"boulderM2",2016,0.43920285684282,0.062589487090764,0.44630784120309,33
4,"seattleM1",2015,0.110219082416717,0.677930684428992,2.27962689036969e-05,33
5,"boulderM2",2016,0.523298879113177,0.0431695133560069,0.448766790216495,33
5,"seattleM1",2015,0.00713568834018245,0.685716454942283,0.000104965148060822,33
6,"boulderM2",2016,0.531117342669934,0.0209845752183396,0.472963433339801,33
6,"seattleM1",2015,0.106566692834714,0.154522637890713,0.000113188405072464,33
7,"boulderM2",2016,0.298518452787038,0.049192439018359,0.493502707537275,33
7,"seattleM1",2015,0.104748341446462,0.425806023029293,4.92435245845957e-05,33
8,"boulderM2",2016,0.442905000978341,0.0841024817577579,0.481206492469219,33
8,"seattleM1",2015,0.177726479444387,0.789981063231554,3.02516959073337e-05,33
9,"boulderM2",2016,0.440708042797686,0.136279544795372,0.501304439034351,33
9,"seattleM1",2015,0.0585506515738802,0.00766949200031697,5.00967005680613e-05,33
10,"boulderM2",2016,0.485384854828093,0.00955378554949171,0.478488976064889,33
10,"seattleM1",2015,0.116214383437017,0.988885676544156,5.16609368399876e-06,33
3,"boulderM2",2016,0.381844616321582,0.0124346238001511,0.405049752289786,34
3,"seattleM1",2015,0.0708571628967268,0.778741407893532,3.73403564217372e-05,34
4,"boulderM2",2016,0.561871298802509,0.0631060577391722,0.448595288021608,34
4,"seattleM1",2015,0.207255476204955,0.620896803149166,6.44160437041616e-05,34
5,"boulderM2",2016,0.386055455949969,0.0233589597684379,0.453598478374477,34
5,"seattleM1",2015,0.153904126330032,0.263763894999971,5.15242628602027e-05,34
6,"boulderM2",2016,0.310926611564108,0.125273913798916,0.430542856551991,34
6,"seattleM1",2015,0.0752328812888991,0.0901235302085309,1.11093826642842e-05,34
7,"boulderM2",2016,0.562302043651255,0.00325981128228592,0.459740156980696,34
7,"seattleM1",2015,0.119978648549343,0.646704263311556,2.9590743073763e-06,34
8,"boulderM2",2016,0.382325935475433,0.0298550932131868,0.497044350267792,34
8,"seattleM1",2015,0.0342815319756162,0.318805083634174,8.12168699626935e-05,34
9,"boulderM2",2016,0.52186626168482,0.131973507332626,0.477061969528054,34
9,"seattleM1",2015,-0.0558877260611308,0.420782299982494,2.76955451273471e-05,34
10,"boulderM2",2016,0.531397828272965,0.016731588279203,0.513342128230121,34
10,"seattleM1",2015,-0.0298871113141389,0.647110462861381,3.1658310203187e-05,34
3,"boulderM2",2016,0.461151897744648,0.139618208308326,0.45834210380652,35
3,"seattleM1",2015,0.148333219992522,0.59451820877789,0.000127211193510569,35
4,"boulderM2",2016,0.167042617502495,0.125817725610818,0.445124532268754,35
4,"seattleM1",2015,0.17248711601178,0.213548230712904,6.793018654103e-06,35
5,"boulderM2",2016,0.497756269117887,0.0425549709022737,0.468216987436435,35
5,"seattleM1",2015,0.319722682310108,0.738164977531669,1.78214462735418e-05,35
6,"boulderM2",2016,0.277298949479571,0.133366779448916,0.46231866247267,35
6,"seattleM1",2015,0.0856299390403998,0.130826849144066,7.23532920783674e-05,35
7,"boulderM2",2016,0.521489500574014,0.0132120436749751,0.447500107349011,35
7,"seattleM1",2015,0.0721093195282278,0.811633026729822,3.21386437478098e-05,35
8,"boulderM2",2016,0.457939078109428,0.0937053801547141,0.462958075024317,35
8,"seattleM1",2015,0.0999102197709345,0.412585955773124,5.58850167017096e-05,35
9,"boulderM2",2016,0.41372475375607,0.225141817592829,0.494648210816416,35
9,"seattleM1",2015,0.108033062999721,0.839776721902513,9.66067188084634e-06,35
10,"boulderM2",2016,0.423667054446547,0.240408166227037,0.515098123919991,35
10,"seattleM1",2015,0.175333256272857,0.9116364035358,4.07166896531966e-06,35
3,"boulderM2",2016,0.418427803694139,0.0845724863712959,0.44503503210742,36
3,"seattleM1",2015,0.139318439046609,0.332218807134062,4.31837918684137e-05,36
4,"boulderM2",2016,0.477890642514547,0.000561675805812567,0.480535762753218,36
4,"seattleM1",2015,0.0629707939055851,0.292942928919921,7.07004663595997e-06,36
5,"boulderM2",2016,0.617669756501033,0.0761299751832015,0.485385070855956,36
5,"seattleM1",2015,0.092967449017593,0.121589989896823,3.20230931383344e-05,36
6,"boulderM2",2016,0.459608217197926,0.0643488799324398,0.48805973566514,36
6,"seattleM1",2015,0.103587105536457,0.175609486130946,5.86674857643442e-05,36
7,"boulderM2",2016,0.376066357017372,0.0368082674634135,0.465958140113515,36
7,"seattleM1",2015,0.0813064603042581,0.420404665691256,2.07939124832245e-05,36
8,"boulderM2",2016,0.510010278066904,0.0622196720952458,0.488132777353161,36
8,"seattleM1",2015,0.120615168017889,0.730658240539978,3.22207466512466e-05,36
9,"boulderM2",2016,0.544887623632298,0.258718705012995,0.507709576948818,36
9,"seattleM1",2015,0.0241791306643255,0.604497955393605,2.00092568568788e-05,36
10,"boulderM2",2016,0.585853878707953,0.0453476931920843,0.508808945067574,36
10,"seattleM1",2015,-0.127757389793616,0.360448485653687,1.06932693550069e-05,36
3,"boulderM2",2016,0.220327179206965,0.129278478819855,0.478450140581228,37
3,"seattleM1",2015,0.0893134905796972,0.320794238319195,9.24444875606833e-05,37
4,"boulderM2",2016,0.31482007967254,0.0128346685999372,0.421003196086799,37
4,"seattleM1",2015,0.216852759225194,0.92608945266568,4.63654031864999e-05,37
5,"boulderM2",2016,0.489328905854272,0.0810460984003493,0.477535735116645,37
5,"seattleM1",2015,0.172639691733959,0.632266707692966,2.27185329488124e-06,37
6,"boulderM2",2016,0.444694151350053,0.00856418495700939,0.48037107684371,37
6,"seattleM1",2015,0.0404238198374566,0.179126767199845,7.28242904950902e-05,37
7,"boulderM2",2016,0.407345893621988,0.037337976120736,0.450149410656623,37
7,"seattleM1",2015,0.106538601607352,0.626958696665118,4.24596278740941e-05,37
8,"boulderM2",2016,0.454696229574517,0.018495944269745,0.491235060965765,37
8,"seattleM1",2015,0.165890797472479,0.0952765552034937,1.55707828275365e-05,37
9,"boulderM2",2016,0.411215619109413,0.0068721805460481,0.461874961617113,37
9,"seattleM1",2015,0.0665546711351582,0.563778733721736,6.12287270337803e-06,37
10,"boulderM2",2016,0.57750839744158,0.025906974951535,0.512646102064963,37
10,"seattleM1",2015,0.0208288825782058,0.185604081082412,5.01402375276114e-06,37
3,"boulderM2",2016,0.222947692337864,0.113104539610511,0.33526333535153,38
3,"seattleM1",2015,0.188274247663223,0.285012679803146,4.96156663650609e-05,38
4,"boulderM2",2016,0.499148263460744,0.00223572713212794,0.426903932718794,38
4,"seattleM1",2015,0.0765438705135816,0.401079899160617,4.0186879868828e-05,38
5,"boulderM2",2016,0.439212477867535,0.0577916839555506,0.493125411339584,38
5,"seattleM1",2015,0.0886390997852382,0.271008694598887,2.86697555342037e-06,38
6,"boulderM2",2016,0.414789589608601,0.0819358134350188,0.429570788850494,38
6,"seattleM1",2015,0.178822000367032,0.703015433703642,1.5444596112026e-05,38
7,"boulderM2",2016,0.567370515468455,0.0903617338612487,0.484435771540077,38
7,"seattleM1",2015,0.102564913429966,0.082024605873682,5.47064027058692e-06,38
8,"boulderM2",2016,0.573911045781448,0.0408572223373528,0.462919174500195,38
8,"seattleM1",2015,-0.053501809197104,0.88918998126376,5.1244780302817e-06,38
9,"boulderM2",2016,0.501366263510733,0.0522782304906043,0.486174184593767,38
9,"seattleM1",2015,0.0619519330252868,0.736968490766291,9.62520867271132e-07,38
10,"boulderM2",2016,0.452512813620429,0.0468318794971567,0.486752858753848,38
10,"seattleM1",2015,0.0898879909137208,0.592891289790388,2.27270054940388e-05,38
3,"boulderM2",2016,0.260816179111643,0.037232596186674,0.362869584106794,39
3,"seattleM1",2015,0.171281276698164,0.077689495860305,0.000125149409167583,39
4,"boulderM2",2016,0.516565938702446,0.0597575423050555,0.458017834791649,39
4,"seattleM1",2015,-0.148593310201702,0.560788684121176,1.62389309436262e-05,39
5,"boulderM2",2016,0.548072037727982,0.12558547454718,0.48880580173214,39
5,"seattleM1",2015,0.15606577276826,0.065303516623848,8.0135040530473e-05,39
6,"boulderM2",2016,0.350680739098873,0.0102064421074551,0.48343682139531,39
6,"seattleM1",2015,0.14941714691244,0.587803562989984,8.82576224811074e-05,39
7,"boulderM2",2016,0.585015556967865,0.161336646588768,0.468423110889383,39
7,"seattleM1",2015,-0.0694043859827076,0.112061720055728,6.46590332417672e-05,39
8,"boulderM2",2016,0.545129546805613,0.0580216808106702,0.475595440883696,39
8,"seattleM1",2015,0.161743220703441,0.446691392924714,2.57211608513717e-05,39
9,"boulderM2",2016,0.534421402346746,0.0266554093258485,0.508779952803951,39
9,"seattleM1",2015,0.0794831731326081,0.740475942308941,0.000133299744799874,39
10,"boulderM2",2016,0.539850410527697,0.0052412992931351,0.480256023867566,39
10,"seattleM1",2015,0.0726924655045803,0.510646848690815,4.78912306153341e-05,39
3,"boulderM2",2016,0.475970455631478,0.0735943203563149,0.459389292369624,40
3,"seattleM1",2015,0.150159361069167,0.134029283936613,1.39818771099822e-05,40
4,"boulderM2",2016,0.453249588765009,0.050504028555641,0.463221916054645,40
4,"seattleM1",2015,0.045034727882027,0.940745605281614,2.77917749561231e-05,40
5,"boulderM2",2016,0.279932376459824,0.046164943557696,0.434729631945218,40
5,"seattleM1",2015,0.085019125441687,0.614311554267854,1.224432159076e-05,40
6,"boulderM2",2016,0.50326091494971,0.0377473879439761,0.44234091926409,40
6,"seattleM1",2015,0.148161487816384,0.258607422446093,1.51583193815269e-05,40
7,"boulderM2",2016,0.647774515702052,0.0886098501975763,0.49598982067569,40
7,"seattleM1",2015,0.16500428454389,0.67981471514046,8.35955787353919e-05,40
8,"boulderM2",2016,0.459875848595458,0.0144868631403047,0.464692570198096,40
8,"seattleM1",2015,-0.160212235331236,0.208914838358703,0.000110273356301552,40
9,"boulderM2",2016,0.586825887651466,0.00718005829566248,0.504010542485439,40
9,"seattleM1",2015,-0.0366817161026668,0.171611802025501,2.70775115063642e-05,40
10,"boulderM2",2016,0.388524626317331,0.0412089875058959,0.473876491739473,40
10,"seattleM1",2015,0.095405990445794,0.629262294450072,1.82782701474631e-06,40
3,"boulderM2",2016,0.421237758042799,0.110888787523041,0.426348672119025,41
3,"seattleM1",2015,0.178892673718159,0.581966125432052,2.78083640034407e-06,41
4,"boulderM2",2016,0.324112717976307,0.084592081055683,0.443700166881322,41
4,"seattleM1",2015,0.191925581170449,0.783696442207242,3.36520711721566e-05,41
5,"boulderM2",2016,0.572287641363916,0.00664300534681284,0.480782793533406,41
5,"seattleM1",2015,0.142684059598619,0.848802410381325,4.3157607883764e-05,41
6,"boulderM2",2016,0.314014287314508,0.344855158883602,0.469828610280912,41
6,"seattleM1",2015,0.189919288110588,0.333106173496804,6.71262068707809e-06,41
7,"boulderM2",2016,0.536139729220937,0.0227086830596831,0.475723317996473,41
7,"seattleM1",2015,0.1802374221593,0.229455591510504,9.65196447080483e-05,41
8,"boulderM2",2016,0.58986086898497,0.059881402370928,0.479771110237153,41
8,"seattleM1",2015,0.0783710716161336,0.455163868866926,6.17923310960728e-05,41
9,"boulderM2",2016,0.412475473300356,0.000431398605078792,0.513841966978209,41
9,"seattleM1",2015,0.0807257786110685,0.598566796994257,1.05543848136825e-05,41
10,"boulderM2",2016,0.387978008296323,0.00100961749093431,0.476330696508741,41
10,"seattleM1",2015,0.119239108013545,0.758017371671997,2.73664432470055e-06,41
3,"boulderM2",2016,0.13486284438299,0.0977210845583131,0.413982169054084,42
3,"seattleM1",2015,0.0445025028900469,0.856090927638915,0.000125151930290994,42
4,"boulderM2",2016,0.353511066291752,0.00554686411876004,0.436693571220512,42
4,"seattleM1",2015,0.190994160704096,0.771759389897162,0.000123570592815145,42
5,"boulderM2",2016,0.387591865634697,0.0880572363030632,0.458365812127028,42
5,"seattleM1",2015,0.146268540197981,0.498734526213387,4.52403300980677e-05,42
6,"boulderM2",2016,0.473793582623718,0.0418686487489479,0.480599558642743,42
6,"seattleM1",2015,0.143241021812561,0.939499653812799,0.000277374307189478,42
7,"boulderM2",2016,0.519076518146624,0.0388367547547039,0.501234805325336,42
7,"seattleM1",2015,-0.0420125118810187,0.251661648416267,6.91461424143733e-05,42
8,"boulderM2",2016,0.425575146152363,0.161651260744857,0.489351241954149,42
8,"seattleM1",2015,0.113707434925833,0.345070478959627,1.63311774148071e-05,42
9,"boulderM2",2016,0.542772399143958,0.0790141451958168,0.49316052725877,42
9,"seattleM1",2015,0.0559711427444108,0.349092898212142,5.21763251945953e-05,42
10,"boulderM2",2016,0.415704660803,0.0573103174082477,0.481147404605515,42
10,"seattleM1",2015,0.13046532849194,0.649278054932448,1.93468931223645e-05,42
3,"boulderM2",2016,0.386133468205725,0.0316035152695988,0.405901743750243,43
3,"seattleM1",2015,0.156470874518684,0.270094225334419,3.56013975516879e-05,43
4,"boulderM2",2016,0.483457612012579,0.0345846752558802,0.451313197102499,43
4,"seattleM1",2015,0.175912144641209,0.553601244559782,2.99208564655768e-06,43
5,"boulderM2",2016,0.408762355448978,0.0161124494165052,0.434167050221134,43
5,"seattleM1",2015,0.196575836977466,0.235163388779899,2.17365036691956e-05,43
6,"boulderM2",2016,0.506937331370138,0.0752211012458504,0.468358781629804,43
6,"seattleM1",2015,0.0391561050868134,0.255997043732698,9.30699924437955e-05,43
7,"boulderM2",2016,0.385919560298451,0.12611078026147,0.486555567323922,43
7,"seattleM1",2015,0.219783097247789,0.940789933304613,8.38456076675986e-05,43
8,"boulderM2",2016,0.479743192735906,0.0159460096312627,0.484597793514783,43
8,"seattleM1",2015,0.191449534490509,0.831097193986707,5.64445766654108e-06,43
9,"boulderM2",2016,0.481744593295815,0.0070182458695417,0.479446650702759,43
9,"seattleM1",2015,0.119565950565126,0.272974736696964,3.61257627017692e-05,43
10,"boulderM2",2016,0.597926083547988,0.150535370344234,0.483676596129455,43
10,"seattleM1",2015,0.159795517568966,0.687747554748559,2.48395409393026e-05,43
3,"boulderM2",2016,0.421612177647572,0.11848458475843,0.429442279566575,44
3,"seattleM1",2015,0.140107675395025,0.178185390696499,0.000277230047401156,44
4,"boulderM2",2016,0.306186773651236,0.0873449732470121,0.407738500156654,44
4,"seattleM1",2015,0.0717826526690791,0.215466347118354,2.92887712872538e-05,44
5,"boulderM2",2016,0.484729852803701,0.0850089633495171,0.456957870408661,44
5,"seattleM1",2015,0.0971892716910973,0.00359360553672439,0.000201238559060662,44
6,"boulderM2",2016,0.43088600840717,0.00624733755656948,0.457964853405626,44
6,"seattleM1",2015,0.184189417358614,0.912409316780064,7.77280556459178e-05,44
7,"boulderM2",2016,0.582271686111999,0.145099838997171,0.474824657682508,44
7,"seattleM1",2015,-0.0323350373131882,0.468479565223196,4.60815356186944e-05,44
8,"boulderM2",2016,0.589809051550672,0.00372881943551984,0.497483622729908,44
8,"seattleM1",2015,-0.0617862799042114,0.619959702686086,2.60549714972534e-06,44
9,"boulderM2",2016,0.601320027649416,0.17444738787444,0.479838975894219,44
9,"seattleM1",2015,0.0822148784708362,0.206795922699674,1.33456765563308e-05,44
10,"boulderM2",2016,0.549005491999447,0.00526466200975706,0.499560204020462,44
10,"seattleM1",2015,0.0927929617684857,0.279051485129247,7.2292441198845e-05,44
3,"boulderM2",2016,0.389218397188203,0.0091530561337948,0.40082484588962,45
3,"seattleM1",2015,0.163763837781559,0.00769481931241645,0.000138454454532557,45
4,"boulderM2",2016,0.547225283993795,0.23896198446508,0.432837277179888,45
4,"seattleM1",2015,0.0953338144243972,0.126074058978843,4.95550529281522e-05,45
5,"boulderM2",2016,0.351234351589999,0.132776515753934,0.465512947179733,45
5,"seattleM1",2015,0.158036534449401,0.0565285432661179,0.000214573231622361,45
6,"boulderM2",2016,0.391057783634083,0.0230708166985599,0.45058350521678,45
6,"seattleM1",2015,0.106846241087986,0.798717832872429,3.1580716678797e-05,45
7,"boulderM2",2016,0.398775885211211,0.0241029556984699,0.435449729059625,45
7,"seattleM1",2015,0.0430091481228824,0.100557290963794,1.39308494139643e-05,45
8,"boulderM2",2016,0.498963095286531,0.15496073160298,0.48840847206575,45
8,"seattleM1",2015,0.0884989489547268,0.205121365119708,1.37007014485244e-05,45
9,"boulderM2",2016,0.578808584362053,0.0166574646482673,0.480711246225343,45
9,"seattleM1",2015,0.113337456746341,0.914771170494672,1.8995766265443e-05,45
10,"boulderM2",2016,0.442392920565017,0.0514023054813361,0.485337386615448,45
10,"seattleM1",2015,0.143280456771582,0.216737666237439,2.70120300389701e-05,45
3,"boulderM2",2016,0.527195667502062,0.289006505287712,0.401306977431064,46
3,"seattleM1",2015,0.11423698812809,0.0569531987251074,2.99860391713666e-05,46
4,"boulderM2",2016,0.461173018208351,0.113904683675154,0.452587445672996,46
4,"seattleM1",2015,0.150030111407583,0.220629161775112,2.1109946655832e-05,46
5,"boulderM2",2016,0.54920259610896,0.0841022224396472,0.422271077161016,46
5,"seattleM1",2015,0.134499033554338,0.115447755612142,3.46675729645687e-05,46
6,"boulderM2",2016,0.541836006052583,0.12490735480145,0.471853856862937,46
6,"seattleM1",2015,0.148036181717057,0.185859127086672,3.25738703337809e-06,46
7,"boulderM2",2016,0.523563005818433,0.0505296474013728,0.494300504743565,46
7,"seattleM1",2015,0.0957718094310173,0.356296840783101,5.85148139131968e-05,46
8,"boulderM2",2016,0.348265284473756,0.0102550304267924,0.511556458269803,46
8,"seattleM1",2015,0.0411346021622303,0.0065749410083642,1.67897283796676e-06,46
9,"boulderM2",2016,0.311851482376334,0.00947635336541874,0.474417770659572,46
9,"seattleM1",2015,0.145915924943968,0.813320438946789,1.35210137136643e-05,46
10,"boulderM2",2016,0.414329650866066,0.0349781394763721,0.495032177868562,46
10,"seattleM1",2015,0.175173875684654,0.604263694335601,2.74906306213389e-05,46
3,"boulderM2",2016,0.388546383087571,0.00133894754172648,0.404406868304613,47
3,"seattleM1",2015,0.146505555335681,0.78995959085464,2.75206064120734e-05,47
4,"boulderM2",2016,0.309832675051297,0.0189793146588214,0.430951075870936,47
4,"seattleM1",2015,0.0444157319663043,0.838773238931952,7.71468185238248e-05,47
5,"boulderM2",2016,0.495321391639818,0.337990505965364,0.459718765363551,47
5,"seattleM1",2015,0.145138411957601,0.216844809965903,9.29798780671048e-05,47
6,"boulderM2",2016,0.421779108978664,0.20687408787441,0.47556639668405,47
6,"seattleM1",2015,0.161135040439319,0.945967957037312,3.70849490580697e-05,47
7,"boulderM2",2016,0.546038020386998,0.0491342142028754,0.441369148225741,47
7,"seattleM1",2015,0.184502270087162,0.415864632491169,2.58079671522886e-05,47
8,"boulderM2",2016,0.510349195314479,0.151286678644566,0.482626224982428,47
8,"seattleM1",2015,0.091681317483646,0.751444025876959,1.93930308112623e-05,47
9,"boulderM2",2016,0.566556058521957,0.145768012536621,0.475708398103306,47
9,"seattleM1",2015,0.00370757941356918,0.917904060207346,3.53680056645934e-05,47
10,"boulderM2",2016,0.448237533228043,0.00798255612477516,0.462139355886096,47
10,"seattleM1",2015,-0.0288988605920187,0.791097954889618,4.93627502889725e-05,47
3,"boulderM2",2016,0.228233955155506,0.230244157725333,0.465516579375864,48
3,"seattleM1",2015,0.151320591528526,0.109683535459794,2.19759389328587e-06,48
4,"boulderM2",2016,0.474877711904093,0.0693527238700283,0.442932756349945,48
4,"seattleM1",2015,0.184820599758561,0.270249982148883,4.81306384972782e-05,48
5,"boulderM2",2016,0.347263500662831,0.17439614015571,0.458865107848707,48
5,"seattleM1",2015,0.136085787124153,0.18696003867055,4.51004087011748e-05,48
6,"boulderM2",2016,0.273627616721852,0.0765737835696421,0.445949838885878,48
6,"seattleM1",2015,-0.077729431011387,0.662171058616652,1.05004602112796e-05,48
7,"boulderM2",2016,0.523641030573098,0.0245995945870551,0.449995890548898,48
7,"seattleM1",2015,0.0693068939792039,0.014758866856405,1.86967314416024e-06,48
8,"boulderM2",2016,0.466404012248066,0.0159665023214483,0.499130174146707,48
8,"seattleM1",2015,0.138066770812993,0.152801548524917,7.51777617069126e-06,48
9,"boulderM2",2016,0.331336874697535,0.0511712428041302,0.429241749510482,48
9,"seattleM1",2015,0.0620318383976835,0.225406095877735,6.24482605413068e-06,48
10,"boulderM2",2016,0.53485729237237,0.0635615694372516,0.508003042233659,48
10,"seattleM1",2015,0.0289410698770546,0.77615622911665,2.77285313764522e-05,48
3,"boulderM2",2016,0.388069331302289,0.0237515542637907,0.405450592378446,49
3,"seattleM1",2015,0.14341986248584,0.794219112110614,2.62628172780735e-05,49
4,"boulderM2",2016,0.545644629202585,0.0420522945906459,0.421259729556006,49
4,"seattleM1",2015,0.165133914115107,0.806965979298067,4.73932477126214e-05,49
5,"boulderM2",2016,0.286800262091352,0.0166944669252396,0.425474934504796,49
5,"seattleM1",2015,0.202832774641919,0.72761650431678,2.5373753247676e-05,49
6,"boulderM2",2016,0.496830070066037,0.0285141887265317,0.43747563558178,49
6,"seattleM1",2015,0.128426078277171,0.782525478083134,6.87096190523295e-05,49
7,"boulderM2",2016,0.447281083040343,0.0444053668669709,0.464285848725036,49
7,"seattleM1",2015,0.143475142993341,0.529710022268468,1.45689642374106e-06,49
8,"boulderM2",2016,0.401385041205846,0.00287873355779411,0.47652788057295,49
8,"seattleM1",2015,-0.0662473027250508,0.990621284224364,2.28672246778306e-05,49
9,"boulderM2",2016,0.462814540381769,0.0767733880488793,0.479557033377917,49
9,"seattleM1",2015,-0.00372225787931155,0.928491923759432,2.20834665693315e-05,49
10,"boulderM2",2016,0.455346324472386,0.0588491052600363,0.449361164838715,49
10,"seattleM1",2015,0.0578171851873087,0.333278081013021,2.46793989585227e-05,49
3,"boulderM2",2016,0.612172842914259,0.242122661507821,0.480201917514197,50
3,"seattleM1",2015,0.151320591528526,0.109683535459794,2.19759389328587e-06,50
4,"boulderM2",2016,0.37577693451485,0.11238799996037,0.431182206026354,50
4,"seattleM1",2015,0.047192211808729,0.925249710108602,9.06348069877596e-06,50
5,"boulderM2",2016,0.237038550010447,0.138503640641557,0.436638291610868,50
5,"seattleM1",2015,0.0801262948287253,0.776118733554497,1.07687257056968e-05,50
6,"boulderM2",2016,0.310671990916745,0.230129099425888,0.436848962826519,50
6,"seattleM1",2015,0.1315907884226,0.452888399649408,0.000107528536246608,50
7,"boulderM2",2016,0.630791561993144,0.0316040400647006,0.480374362774753,50
7,"seattleM1",2015,0.162921969734397,0.0137364895469217,3.92993089130299e-05,50
8,"boulderM2",2016,0.551631467474563,0.0255678032755671,0.489676145304097,50
8,"seattleM1",2015,0.030459392184177,0.721867728297157,7.24177488308708e-05,50
9,"boulderM2",2016,0.474022351680609,0.142407658703131,0.494497358186507,50
9,"seattleM1",2015,0.13098557067097,0.542288982847067,1.08660290060935e-05,50
10,"boulderM2",2016,0.547831457922145,0.0135430971807139,0.498231402063995,50
10,"seattleM1",2015,0.106574275114779,0.807773596187151,8.02547880923615e-06,50
